tree
version=v4
num_class=1
num_tree_per_iteration=1
label_index=0
max_feature_idx=14
objective=binary sigmoid:1
feature_names=name_jw name_tset name_tsort name_lev name_len_diff shared_core_count comp_exact addr_tset addr_lev has_addr_s1 has_addr_tgt pin_status door_status shared_phone is_source2
feature_infos=[0:1] [0:1] [0:1] [0:1] [0:1] [0:10] [0:1] [0:1] [0:1] none [0:1] [-1:1] [-1:1] [0:1] [0:1]
tree_sizes=3484 3456 3476 3438 3456 3453 3454 3488 3482 3458 3470 3497 3485 3478 3524 3493 3501 3503 3525 3504 3505 3523 3492 3505 3505 3509 3498 3507 3504 3480 3509 3511 3511 3540 3492 3525 3521 3515 3506 3526 3516 3539 3487 3500 3499 3545 3512 3499 3495 3486 3514 3504 3507 3511 3514 3520 3520 3532 3507 3515 3543 3498 3514 3505 3502 3539 3501 3505 3498 3516 3542 3503 3534 3522 3525 3519 3529 3523 3501 3495 3505 3522 3480 3513 3490 3520 3490 3487 3507 3471 3513 3490 3508 3517 3518 3511 3507 3502 3483 3503 3493 3493 3499 3509 3510 3504 3516 3493 3488 3477 3466 3493 3487 3494 3471 3482 3467 3484 3478 3487 3483 3473 3462 3488 3513 3469 3448 3487 3478 3498 3480 3420 3478 3466 3480 3501 3474 3509 3473 3476 3498 3494 3492 3489 3474 3464 3464 3489 3473 3454

Tree=0
num_leaves=31
num_cat=0
split_feature=7 7 14 1 7 7 14 1 14 2 14 1 7 14 4 1 4 14 4 14 2 1 2 2 12 7 7 2 12 12
split_gain=328056 22173.6 3284.69 2748.14 1645.91 1469.98 1704.46 620.527 606.544 342.861 327.663 238.433 748.441 362.018 193.375 186.673 143.994 193.749 122.656 104.586 102.372 98.762 94.3005 77.4913 222.746 42.7514 39.873 267.108 38.3883 37.7228
threshold=0.65133896470069896 1.0000000180025095e-35 1.0000000180025095e-35 0.81120249629020702 0.49882629513740545 0.71010184288024913 1.0000000180025095e-35 0.87226107716560375 1.0000000180025095e-35 0.79388421773910534 1.0000000180025095e-35 0.43951219320297247 0.80503642559051525 1.0000000180025095e-35 0.9767441749572755 0.47140522301197058 0.41240409016609197 1.0000000180025095e-35 0.9767441749572755 1.0000000180025095e-35 0.73746865987777721 0.91042780876159679 0.88548010587692272 0.7320508360862733 1.0000000180025095e-35 0.87531095743179332 0.60336247086524974 0.83910790085792553 -1.0000000180025095e-35 -1.0000000180025095e-35
decision_type=2 2 2 2 2 2 2 2 2 2 2 2 2 2 2 2 2 2 2 2 2 2 2 2 2 2 2 2 2 2
left_child=1 3 4 8 23 6 -2 -8 -1 10 -5 12 13 -7 -15 18 17 -14 -6 -11 -10 -12 -21 -3 -25 -18 -4 -28 -29 -13
right_child=5 2 26 9 15 11 7 -9 20 19 21 29 16 14 -16 -17 25 -19 -20 22 -22 -23 -24 24 -26 -27 27 28 -30 -31
leaf_value=0.033128515571495085 0.047961237388709291 -0.2557577354403664 -0.27246469877109225 0.047210067145463094 -0.20704821606909998 0.037074547589763848 -0.2437443597903205 -0.0019784868215058649 -0.24603207584755127 0.046989707004528855 -0.19551175656279879 0.038006806193438089 0.04304929448970439 -0.23419091910992668 -0.070304052864690519 0.042398419651798844 0.010330490413441404 -0.063122168553031849 0.028259971783961543 -0.051077350177434325 -0.10149876318588527 -0.081599678263688996 0.018952671016506592 -0.23158203240666539 0.048545570898684651 0.043793831294298383 -0.26430241970051122 -0.16872910589381523 0.030897842731114164 0.047951453495735166
leaf_weight=62.268700450658798 410.72434817254543 217.94045157730579 47538.16759724915 119.80497966706753 35.368621855974197 83.689133405685425 290.67029370367527 88.670629441738129 387.809466406703 822.69407035410404 69.491869702935219 2626.4937850087881 232.88493968546391 106.10586556792259 81.447460189461708 312.33980146050453 263.77021510899067 208.47560910880566 23.662106171250343 146.95413306355476 34.123247846961021 162.89492037892342 756.93832267820835 87.674330234527588 22.914881765842438 3316.6800608038902 546.71918995678425 8.4685432612895983 22.665806964039803 34605.954812854528
leaf_count=250 1649 875 190859 481 142 336 1167 356 1557 3303 279 10545 935 426 327 1254 1059 837 95 590 137 654 3039 352 92 13316 2195 34 91 138938
internal_value=-0.121814 -0.257666 -0.269708 -0.0283025 -0.0976467 0.0431348 -0.064964 -0.187232 -0.199946 0.0116778 -0.0602588 0.0451915 0.0273392 -0.101283 -0.163021 0.0177408 0.0360139 -0.00710054 -0.112726 0.0263515 -0.234343 -0.115663 0.00756724 -0.228081 -0.173538 0.0413286 -0.272211 -0.251323 -0.0234007 0.0472499
internal_weight=93694.5 51378.9 48815.9 2562.98 699.9 42315.6 790.065 379.341 484.201 2078.78 352.192 41525.5 4293.05 271.242 187.553 371.371 4021.81 441.361 59.0307 1726.59 421.933 232.387 903.892 328.53 110.589 3580.45 48116 577.854 31.1344 37232.4
internal_count=376170 206279 195989 10290 2810 169891 3172 1523 1944 8346 1414 166719 17236 1089 753 1491 16147 1772 237 6932 1694 933 3629 1319 444 14375 193179 2320 125 149483
is_linear=0
shrinkage=1


Tree=1
num_leaves=31
num_cat=0
split_feature=7 7 14 3 7 7 14 14 3 1 3 7 14 4 3 4 14 14 3 1 3 12 2 3 4 4 7 3 12 12
split_gain=278934 19139.8 2820.86 2441.91 1368.06 1205.38 1426.9 824.078 572.107 213.31 199.235 690.927 321.301 202.999 169.005 155.168 202.25 144.462 191.986 106.288 81.8781 196.047 57.4687 51.2639 39.6216 29.8419 29.2386 248.067 36.4093 27.9052
threshold=0.65133896470069896 1.0000000180025095e-35 1.0000000180025095e-35 0.74601566791534435 0.49882629513740545 0.71010184288024913 1.0000000180025095e-35 1.0000000180025095e-35 0.71010184288024913 0.90595519542694103 0.44590643048286444 0.80503642559051525 1.0000000180025095e-35 0.9767441749572755 0.46709956228733068 0.556623935699463 1.0000000180025095e-35 1.0000000180025095e-35 0.88589513301849376 0.16807910054922107 0.73286384344100963 1.0000000180025095e-35 0.73401361703872692 0.88273492455482494 0.22335600852966311 0.9767441749572755 0.60336247086524974 0.84889996051788341 -1.0000000180025095e-35 -1.0000000180025095e-35
decision_type=2 2 2 2 2 2 2 2 2 2 2 2 2 2 2 2 2 2 2 2 2 2 2 2 2 2 2 2 2 2
left_child=1 3 4 7 20 6 -2 -1 25 -9 11 12 -7 -14 19 16 -13 -5 22 -6 -3 -22 -19 -10 -11 -8 -4 -28 -29 -12
right_child=5 2 26 17 14 10 8 9 23 24 29 15 13 -15 -16 -17 -18 18 -20 -21 21 -23 -24 -25 -26 -27 27 28 -30 -31
leaf_value=0.14764599393039649 0.15509845037900541 -0.12693090336058227 -0.14074580228959374 0.15510184643951438 0.1298612687786444 0.14467697207733196 -0.13046925769235179 -0.11502553409792883 0.020399919669763813 0.12364226853937725 0.14713455769737352 0.1508263783259951 -0.11397786076613367 0.052803764079454529 0.1512154281064203 0.15175988330954909 0.062272887521864571 -0.048578668748373265 0.13117996712633848 -0.091239063656955915 -0.098801556794968909 0.15784434784049892 0.065468155026271985 0.14447859687280742 -0.012371602030072038 -0.052723170420753682 -0.1353674238786271 -0.042473128160700785 0.14575481690828557 0.15569898508041638
leaf_weight=114.94744578003883 415.51101559400558 212.0318988263607 46836.852565050125 895.51129695773125 23.969105362892151 84.219593584537506 237.08429852128029 421.91923744976521 31.260997205972672 15.746731236577032 2620.2951601594687 355.33585011959076 109.58682388067245 81.399375975131989 310.32991683483124 3632.8362554013729 308.26583378016949 32.385917946696281 760.35614579916 33.174096792936325 86.081904977560043 24.462189555168152 222.92262130975723 66.952141553163528 105.8230495005846 36.455842137336731 551.82743115723133 9.1768414527177793 23.214659258723259 34399.180202379823
leaf_count=460 1663 862 190846 3584 96 337 962 1712 126 63 10485 1422 444 326 1242 14538 1234 131 3042 134 349 98 893 268 424 148 2246 37 93 137676
internal_value=-0.000173501 -0.126825 -0.138187 0.0859032 0.0223975 0.151291 0.0532244 -0.0469631 -0.0606408 -0.0881227 0.153147 0.137391 0.0145068 -0.0428946 0.127935 0.145262 0.10969 0.131678 0.111025 0.00150298 -0.0978288 -0.0420086 0.0510013 0.104985 0.00524605 -0.120108 -0.140524 -0.122738 0.0924279 0.155093
internal_weight=93059.1 50680.7 48111.1 2569.61 690.049 42378.4 787.264 658.436 371.753 543.489 41591.1 4571.64 275.206 190.986 367.473 4296.44 663.602 1911.18 1015.66 57.1432 322.576 110.544 255.309 98.2131 121.57 273.54 47421.1 584.219 32.3915 37019.5
internal_count=375941 206312 196003 10309 2781 169629 3167 2659 1504 2199 166462 18301 1107 770 1472 17194 2656 7650 4066 230 1309 447 1024 394 487 1110 193222 2376 130 148161
is_linear=0
shrinkage=0.08


Tree=2
num_leaves=31
num_cat=0
split_feature=8 0 12 8 0 4 1 12 8 12 8 8 4 12 8 8 1 0 12 3 8 4 12 3 8 5 0 5 4 8
split_gain=190333 25544.4 8116.89 4209.39 5495.99 1651.32 1535.58 1860.77 1206.04 954.6 1976.09 1456.98 890.602 1724.41 612.639 489.504 469.136 420.297 787.755 287.673 693.713 692.23 274.077 239.301 219.492 191.936 136.295 134.305 114.226 136.787
threshold=0.53371214866638195 0.91765290498733532 -1.0000000180025095e-35 0.61586841940879833 0.70477411150932323 0.9767441749572755 0.92718276381492626 1.0000000180025095e-35 1.0000000180025095e-35 1.0000000180025095e-35 0.20789610594511035 0.42650543153285986 0.9767441749572755 1.0000000180025095e-35 0.45078563690185552 0.44492964446544653 0.90366768836975109 0.84260722994804393 1.0000000180025095e-35 0.49253065884113317 0.68592283129692089 0.66927084326744091 -1.0000000180025095e-35 0.89512962102890026 0.4652314186096192 1.5000000000000002 0.76035815477371227 1.5000000000000002 0.60749301314353954 0.76825228333473217
decision_type=2 2 2 2 2 2 2 2 2 2 2 2 2 2 2 2 2 2 2 2 2 2 2 2 2 2 2 2 2 2
left_child=1 6 15 4 5 16 12 8 26 10 -4 -12 17 -14 -15 25 -2 -1 -19 20 21 -5 23 -6 -10 -3 -8 -17 29 -22
right_child=3 2 9 19 22 -7 7 -9 24 -11 11 -13 13 14 -16 27 -18 18 -20 -21 28 -23 -24 -25 -26 -27 -28 -29 -30 -31
leaf_value=-0.13098396887659861 -0.11353447497320446 0.054182769945517226 0.12791640923095901 -0.070443170537845504 -0.029402687520398929 0.097271276888842767 -0.070102809535321234 0.10913536043170614 -0.12085955929289942 0.14391040900944052 -0.070479806859587227 0.10123365625930732 0.1487057715641103 -0.11202085278712677 -0.0067216052847551555 0.13959918436037527 0.12681791676598186 -0.11099668401594173 0.048193916304373689 0.14415250187458481 0.026766768830938377 0.1146031732002069 0.13766520421386491 0.12478572127879678 -0.017874024963188503 -0.11839869562678679 0.091255996301998391 -0.022514190115465287 0.14245195365421748 0.12183636998624428
leaf_weight=36977.094773247838 1194.2139097005129 42.368871599435806 1711.3161822706461 225.26015907526016 123.97467970848083 333.66657228767872 39.129785507917404 355.4911413192749 1659.3736576735973 1864.9718249887228 796.77558547258377 524.37506832182407 186.2153782248497 3312.0388273149729 395.88546371459961 37.383589431643486 54.338406383991241 1978.7688421607018 221.18452246487141 31444.214898079634 116.65527172386646 303.96782442927361 2298.3000626415014 134.10262836515903 143.93720941245556 1551.6332542151213 232.95606151223183 261.41980971395969 2547.0829607397318 570.77149510383606
leaf_count=154243 4963 173 6896 927 509 1352 157 1443 6914 7539 3301 2130 752 13784 1625 151 220 8230 904 127071 473 1229 9296 542 592 6461 937 1075 10286 2299
internal_value=-0.000235329 -0.100245 0.0444961 0.132679 0.0563591 -0.0608242 -0.121845 -0.0599829 -0.0889509 0.0988725 0.0711741 -0.00232539 -0.125336 -0.0888481 -0.100778 -0.0961972 -0.103074 -0.128963 -0.0949916 0.141651 0.120749 0.0358402 0.128887 0.050717 -0.112639 -0.113811 0.0680503 -0.00223203 0.134642 0.105703
internal_weight=91638.9 52292.3 6790.24 39346.5 4138.6 1582.22 45502.1 2430.89 2075.4 4897.44 3032.47 1321.15 43071.2 3894.14 3707.92 1892.81 1248.55 39177 2199.95 35208 3763.74 529.228 2556.38 258.077 1803.31 1594 272.086 298.803 3234.51 687.427
internal_count=376474 217307 27726 159167 16882 6535 189581 10043 8600 19866 12327 5431 179538 16161 15409 7860 5183 163377 9134 142285 15214 2156 10347 1051 7506 6634 1094 1226 13058 2772
is_linear=0
shrinkage=0.08


Tree=3
num_leaves=31
num_cat=0
split_feature=7 7 14 0 7 7 14 14 0 2 3 14 1 7 14 4 4 3 4 14 0 3 7 5 1 4 4 7 0 3
split_gain=210773 14722.1 2266.07 1987.42 1080.4 913.24 1245.18 651.387 634.964 173.019 111.764 105.437 102.041 367.129 279.148 191.869 86.1815 84.4621 74.1236 106.721 70.7853 58.9201 39.0553 36.5546 32.7614 37.6338 25.0187 23.4237 166.703 19.2687
threshold=0.65133896470069896 1.0000000180025095e-35 1.0000000180025095e-35 0.88827210664749157 0.49882629513740545 0.72473496198654186 1.0000000180025095e-35 1.0000000180025095e-35 0.90863835811615001 0.83752354979515087 0.46709956228733068 1.0000000180025095e-35 0.45222154259681707 0.83740806579589855 1.0000000180025095e-35 0.9767441749572755 0.9767441749572755 0.90595519542694103 0.52679425477981578 1.0000000180025095e-35 0.77427735924720775 0.74601566791534435 0.42891986668109899 1.5000000000000002 0.91476997733116161 0.9767441749572755 0.9767441749572755 0.61583185195922863 0.94314527511596691 0.87007671594619762
decision_type=2 2 2 2 2 2 2 2 2 2 2 2 2 2 2 2 2 2 2 2 2 2 2 2 2 2 2 2 2 2
left_child=1 3 4 7 21 6 -2 -1 24 20 16 -5 13 14 -7 -16 -6 23 19 -15 -9 26 -23 -13 25 -8 -3 -4 -29 -10
right_child=5 2 27 11 10 12 8 9 29 -11 -12 17 -14 18 15 -17 -18 -19 -20 -21 -22 22 -24 -25 -26 -27 -28 28 -30 -31
leaf_value=0.13680549953298543 0.13745603396043335 -0.12025818005007224 -0.1265210681749846 0.13654645181413305 -0.068614014081814959 0.1385636890983574 -0.11833745979624669 -0.11844154990619404 0.049382051469508949 0.085082874288104016 0.13514299365917543 0.10988072617410861 0.1357411255275319 0.13461458784453104 -0.084936136664194292 0.064269831066897681 0.13483358194693418 0.11358458603834148 0.13444400568661372 0.067437723197522115 -0.055672371566648143 -0.063698430106400528 0.059735265994392613 0.046224566176979245 0.01740664782127695 -0.042428531622719506 0.00077561510151647872 -0.12040964776000614 0.10089436274034558 0.12701065100669096
leaf_weight=102.7988656014204 554.01952888071537 191.58242735266685 44615.09453292191 870.0589000582695 33.663536891341209 126.39460489153862 260.7026990801096 314.85964894294739 25.737492948770523 36.443691462278366 304.80510729551315 78.177222192287445 36094.745207995176 332.87735168635845 110.6240659058094 110.01191288232803 22.056827545166016 707.53693941235542 3262.8354942202568 277.54765246808529 181.12703530490398 81.407995238900185 20.546115800738335 220.80027674138546 14.366014286875723 49.781225457787514 11.591595858335493 332.68079999089241 23.310785248875618 99.872606486082077
leaf_count=416 2274 817 191677 3572 140 513 1094 1327 104 147 1247 316 148641 1359 457 443 89 2884 13372 1119 752 340 85 891 58 203 49 1411 95 408
internal_value=-6.16153e-05 -0.113811 -0.124189 0.0747484 0.0223358 0.132488 0.0571402 -0.0475609 -0.0416399 -0.0831574 0.116099 0.116151 0.134365 0.122594 0.0437661 -0.0105401 0.0119204 0.0985201 0.129657 0.104071 -0.0955192 -0.08845 -0.0388237 0.0628695 -0.100702 -0.106167 -0.113353 -0.126358 -0.105918 0.111105
internal_weight=89468.1 48148.5 45636.7 2511.8 665.654 41319.5 1004.48 635.229 450.46 532.43 360.525 1876.57 40315 4220.29 347.031 220.636 55.7204 1006.51 3873.26 610.425 495.987 305.128 101.954 298.977 324.85 310.484 203.174 44971.1 355.992 125.61
internal_count=376300 206255 195950 10305 2767 170045 4141 2642 1867 2226 1476 7663 165904 17263 1413 900 229 4091 15850 2478 2079 1291 425 1207 1355 1297 866 193183 1506 512
is_linear=0
shrinkage=0.08


Tree=4
num_leaves=31
num_cat=0
split_feature=7 7 14 0 7 7 0 14 14 2 0 1 7 14 4 14 14 0 0 0 7 4 14 0 7 4 4 7 0 4
split_gain=184090 12904.3 2031.14 1681.88 924.886 840.177 1124.05 565.17 358.745 153.98 116.722 98.3407 340.288 287.273 234.111 96.0649 92.8599 120.159 82.7393 77.7844 75.5882 57.6724 69.352 48.3409 36.8641 32.9782 24.7003 23.4087 142.996 21.894
threshold=0.65133896470069896 1.0000000180025095e-35 1.0000000180025095e-35 0.88827210664749157 0.48579499125480657 0.72473496198654186 0.75395557284355175 1.0000000180025095e-35 1.0000000180025095e-35 0.83752354979515087 0.72420981526374828 0.43951219320297247 0.86295148730278026 1.0000000180025095e-35 0.9767441749572755 1.0000000180025095e-35 1.0000000180025095e-35 0.90863835811615001 0.93329787254333507 0.77427735924720775 0.55891487002372753 0.32200460135936743 1.0000000180025095e-35 0.7805088758468629 0.39541453123092657 0.9767441749572755 0.14119601994752887 0.61583185195922863 0.94314527511596691 0.9767441749572755
decision_type=2 2 2 2 2 2 2 2 2 2 2 2 2 2 2 2 2 2 2 2 2 2 2 2 2 2 2 2 2 2
left_child=1 3 4 7 23 6 8 -1 -2 19 20 12 13 -7 -15 -5 -8 -18 -17 -9 -6 22 -14 29 -25 -10 -20 -4 -29 -3
right_child=5 2 27 15 10 11 16 9 25 -11 -12 -13 21 14 -16 18 17 -19 26 -21 -22 -23 -24 24 -26 -27 -28 28 -30 -31
leaf_value=0.12892694723036874 0.12578645193601651 -0.11831846314498291 -0.12098375667059688 0.12918884927990276 -0.069629710877658429 0.13043196630313972 0.13033790586157881 -0.11247223549203827 -0.11866899116280269 0.082964147364128119 0.12795696524831057 0.12845880169654592 0.12668650772141399 -0.077383849050169609 0.067835190265408948 0.042639469129276554 -0.044958523370916423 0.10402396982881863 0.10833650185373392 -0.046209277821652836 0.093357634855792584 0.12649188804358494 0.04485628214846165 -0.076547686517450378 0.016252260351445363 -0.046260219298983857 0.064406165335045285 -0.1138646057764421 0.092609762170896864 -0.0034709288666238177
leaf_weight=102.71446758508682 50.770434826612473 165.32459415495396 42916.840684324503 840.23580166697502 35.133833810687065 178.90729263424873 484.1916431337595 308.43101917207241 225.15541344881058 36.167809680104256 292.75991508364677 35103.569120660424 139.37275986373425 131.30222563445568 154.82591408491135 176.1173013150692 48.420803725719452 121.79947765171528 704.4359889626503 179.28229264914989 37.806811600923538 3334.8793540596962 126.39844758808613 82.383686155080795 41.045310765504837 49.019585743546486 92.691280454397202 319.08876840770245 23.015324667096138 11.352857172489164
leaf_count=423 210 729 191305 3541 148 741 2043 1338 975 147 1227 148558 582 547 630 712 200 505 2922 751 156 13994 510 351 172 201 377 1397 95 48
internal_value=-0.000142426 -0.108736 -0.118683 0.0703312 0.0199822 0.125265 0.0520763 -0.0426609 -0.0695513 -0.0763032 0.105397 0.127095 0.115316 0.0509148 0.00119518 0.109372 0.11247 0.0616445 0.0922641 -0.0881141 0.0148504 0.123634 0.0877688 -0.084102 -0.0456878 -0.105723 0.103228 -0.120818 -0.0999739 -0.110939
internal_weight=86513.4 46364.8 43924.8 2440.08 665.807 40148.6 979.357 626.596 324.945 523.881 365.701 39169.3 4065.69 465.035 286.128 1813.48 654.412 170.22 973.245 487.713 72.9406 3600.65 265.771 300.106 123.429 274.175 797.127 43258.9 342.104 176.677
internal_count=375535 205839 195628 10211 2831 169696 4134 2659 1386 2236 1531 165562 17004 1918 1177 7552 2748 705 4011 2089 304 15086 1092 1300 523 1176 3299 192797 1492 777
is_linear=0
shrinkage=0.08


Tree=5
num_leaves=31
num_cat=0
split_feature=7 7 14 0 7 7 14 0 14 2 1 3 7 14 4 14 1 0 0 0 4 14 7 4 7 3 2 0 4 5
split_gain=162494 11595.3 1766.7 1494.91 815.461 731.966 978.239 489.71 482.769 133.571 101.54 97.2264 320.219 287.884 186.973 91.0744 71.424 66.4346 63.4794 53.9785 48.3974 67.1879 39.8774 27.0472 24.7219 181.211 24.5437 20.4082 19.0547 15.5803
threshold=0.65133896470069896 1.0000000180025095e-35 1.0000000180025095e-35 0.88827210664749157 0.49882629513740545 0.72473496198654186 1.0000000180025095e-35 0.90863835811615001 1.0000000180025095e-35 0.84262126684188854 0.47140522301197058 0.49253065884113317 0.86295148730278026 1.0000000180025095e-35 0.9767441749572755 1.0000000180025095e-35 0.16807910054922107 0.77427735924720775 0.93329787254333507 0.76035815477371227 0.52679425477981578 1.0000000180025095e-35 0.42821606993675237 0.9767441749572755 0.60336247086524974 0.84889996051788341 0.74601566791534435 0.94740843772888195 0.34654632210731512 1.5000000000000002
decision_type=2 2 2 2 2 2 2 2 2 2 2 2 2 2 2 2 2 2 2 2 2 2 2 2 2 2 2 2 2 2
left_child=1 3 4 8 19 6 -2 23 -1 17 16 12 13 -7 -15 -5 -6 -10 28 -3 21 -14 -21 26 -4 -26 -8 -9 -17 -20
right_child=5 2 24 15 10 11 7 27 9 -11 -12 -13 20 14 -16 18 -18 -19 29 22 -22 -23 -24 -25 25 -27 -28 -29 -30 -31
leaf_value=0.11933377110658569 0.12358236713040842 -0.10777664430732582 -0.11631537261925422 0.12313280927482766 0.1173761044866737 0.1230365360963106 -0.10846279483014813 0.035520475042650955 -0.10671828379006348 0.082646107889696216 0.12006312506864773 0.12260772542533914 0.12229396170490513 -0.06845618044166997 0.06015583835969366 0.020487770286880185 -0.07361753640558942 -0.044904656138361893 0.12198638794575473 -0.061651088755449765 0.12133323694421712 0.069050981486308033 0.050480701887462454 -0.038027009439751354 -0.11077026267647565 0.086465682888977574 0.0096616036097486487 0.11565069063564969 0.07425623542177355 0.091594394453384784
leaf_weight=100.01268847286701 520.99451369047165 174.15871912240982 41064.945471331477 830.73890934884548 20.331552550196648 198.83263328671455 248.2421660721302 26.035249873995781 298.9407035112381 33.033044323325157 290.93087539076805 33473.686726763844 316.72140383720398 139.93702520430088 149.76738558709621 100.37327010929585 32.661197692155838 177.25998704135418 129.31560611724854 100.77325600385666 3346.517047137022 291.10316000878811 25.417404785752296 48.493512138724327 492.61446551978588 31.732386454939842 11.792254373431204 93.022569119930267 72.75924126803875 653.49487729370594
leaf_count=422 2266 794 190913 3618 84 846 1102 107 1341 136 1255 146554 1359 589 614 408 139 750 546 435 14519 1203 106 200 2242 132 48 397 293 2764
internal_value=-0.000198741 -0.104346 -0.114058 0.0668569 0.0174028 0.119395 0.0499836 -0.0396932 -0.0413581 -0.0729178 0.101511 0.121132 0.110012 0.0489083 -0.00196812 0.103758 -0.00033964 -0.0837089 0.0869199 -0.0789079 0.117561 0.0967945 -0.0390654 -0.0928771 -0.116095 -0.098834 -0.103106 0.098128 0.0430841 0.096615
internal_weight=83494.6 44629.5 42233.6 2395.93 644.273 38865.1 948.58 427.586 609.246 509.234 343.924 37916.6 4442.88 488.537 289.704 1786.68 52.9928 476.201 955.943 300.349 3954.34 607.825 126.191 308.528 41589.3 524.347 260.034 119.058 173.133 782.81
internal_count=376182 206378 196100 10278 2813 169804 4120 1854 2649 2227 1478 165684 19130 2049 1203 7629 223 2091 4011 1335 17081 2562 541 1350 193287 2374 1150 504 701 3310
is_linear=0
shrinkage=0.08


Tree=6
num_leaves=31
num_cat=0
split_feature=7 7 14 0 7 7 14 0 14 14 0 2 3 7 14 4 3 7 4 14 3 1 0 1 4 7 3 4 2 4
split_gain=143706 10429.4 1601.85 1312.2 693.3 647.95 853.594 421.058 374.447 105.611 105.53 99.8723 98.687 273.482 234.709 170.671 79.087 63.3455 60.7374 73.2085 44.3234 45.2303 33.3166 26.3927 31.5428 22.4628 157.598 21.2849 20.7929 19.3757
threshold=0.65133896470069896 1.0000000180025095e-35 1.0000000180025095e-35 0.87501323223114025 0.52245527505874645 0.72473496198654186 1.0000000180025095e-35 0.90863835811615001 1.0000000180025095e-35 1.0000000180025095e-35 0.91229113936424266 0.75905716419219982 0.44590643048286444 0.86295148730278026 1.0000000180025095e-35 0.9767441749572755 0.83752354979515087 0.42821606993675237 0.32529069483280187 1.0000000180025095e-35 0.46709956228733068 0.081666667014360442 0.7805088758468629 0.91476997733116161 0.9767441749572755 0.60336247086524974 0.84889996051788341 0.12613636255264285 0.88273492455482494 0.9767441749572755
decision_type=2 2 2 2 2 2 2 2 2 2 2 2 2 2 2 2 2 2 2 2 2 2 2 2 2 2 2 2 2 2
left_child=1 3 4 8 16 6 -2 23 -1 -5 -11 22 13 14 -7 -16 29 -18 19 -15 21 -6 -10 24 -8 -4 -27 -12 -13 -3
right_child=5 2 25 9 20 12 7 -9 11 10 27 28 -14 18 15 -17 17 -19 -20 -21 -22 -23 -24 -25 -26 26 -28 -29 -30 -31
leaf_value=0.11197668999866373 0.11836697350452174 -0.097344481066547708 -0.11229711352065115 0.11777499038081336 0.12588980734634925 0.11653517035679491 -0.10286717964491843 0.09255712042209592 -0.10273303397267027 0.0093944256096714744 0.094734269888637326 -0.004086262124226918 0.11744967261479257 0.11598568198346372 -0.065923077123620694 0.058681810016168269 -0.050063950411413247 0.08717165679283298 0.1146744948277004 0.0328682035717308 0.11679868092205554 -0.04452304368954739 -0.052562410383406297 0.020163072305971381 -0.032082391777667932 -0.10695315444626274 0.076909244001911278 0.062050619830835894 0.10451558211943406 -0.0013606186689155884
leaf_weight=81.714449927210808 504.52476066350937 207.03261844813824 39195.467859953642 819.1999179571867 17.212825387716293 186.16249556839466 240.56276135146618 117.62386238574982 281.85118608176708 122.50783766806126 700.00949916243553 38.021959722042084 32382.250539019704 138.61851322650909 131.24906571209431 151.62132792174816 64.828931331634521 32.226517274975777 3336.0235341489315 132.78606732189655 260.07703164219856 23.682366147637367 121.11204709112644 14.344678178429602 48.395768597722054 467.89484356343746 31.868443042039871 155.93006923794746 16.043893784284592 14.395796999335287
leaf_count=355 2281 968 190860 3705 73 818 1108 511 1315 504 3039 157 147449 615 559 627 281 138 14973 546 1163 101 520 58 201 2218 134 645 68 62
internal_value=-0.000205626 -0.100567 -0.11009 0.0637619 0.0175634 0.114295 0.048189 -0.0359267 -0.0457542 0.0965832 0.0788406 -0.0739557 0.115973 0.104242 0.0467761 0.000866374 -0.064711 -0.00449592 0.111714 0.07532 0.104625 0.0272039 -0.0876541 -0.0857539 -0.0910119 -0.112082 -0.0952288 0.0887802 0.028141 -0.0911043
internal_weight=80035.2 42651.1 40314.7 2336.39 619.456 37384.2 925.452 420.927 538.744 1797.65 978.447 457.029 36458.7 4076.46 469.033 282.87 318.484 97.0554 3607.43 271.405 300.972 40.8952 402.963 303.303 288.959 39695.2 499.763 855.94 54.0659 221.428
internal_count=376052 206306 195998 10308 2786 169746 4159 1878 2415 7893 4188 2060 165587 18138 2004 1186 1449 419 16134 1161 1337 174 1835 1367 1309 193212 2352 3684 225 1030
is_linear=0
shrinkage=0.08


Tree=7
num_leaves=31
num_cat=0
split_feature=7 7 14 0 7 7 14 0 14 2 1 7 14 12 14 3 1 14 0 1 0 0 12 12 12 14 7 0 1 2
split_gain=127892 9342.32 1457.89 1108.67 623.133 608.537 783.695 374.783 370.838 105.032 96.3021 236.399 182.011 148.285 82.8565 73.269 56.3199 86.6429 56.0695 54.2529 51.7091 38.2078 156.097 25.7854 25.3953 41.7615 84.5011 24.6174 23.6245 22.4177
threshold=0.65133896470069896 1.0000000180025095e-35 1.0000000180025095e-35 0.88827210664749157 0.49882629513740545 0.72473496198654186 1.0000000180025095e-35 0.90667888522148143 1.0000000180025095e-35 0.81120249629020702 0.43951219320297247 0.86295148730278026 1.0000000180025095e-35 1.0000000180025095e-35 1.0000000180025095e-35 0.46709956228733068 0.15535445511341098 1.0000000180025095e-35 0.93329787254333507 0.16807910054922107 0.7805088758468629 0.78778389096260082 1.0000000180025095e-35 -1.0000000180025095e-35 -1.0000000180025095e-35 1.0000000180025095e-35 0.81106579303741466 0.95007002353668224 1.0000000180025095e-35 0.74601566791534435
decision_type=2 2 2 2 2 2 2 2 2 2 2 2 2 2 2 2 2 2 2 2 2 2 2 2 2 2 2 2 2 2
left_child=1 3 4 8 21 6 -2 29 -1 20 11 12 -7 -14 -5 19 -13 -18 -16 -6 -10 28 -23 27 25 -12 -27 -9 -3 -8
right_child=5 2 -4 14 15 10 7 23 9 -11 24 16 13 -15 18 -17 17 -19 -20 -21 -22 22 -24 -25 -26 26 -28 -29 -30 -31
leaf_value=0.10979673128834144 0.11371227197469005 0.0044233590753280779 -0.10861415242314251 0.1132413095372688 0.099896235035103975 0.11122250815506235 -0.089053309004301334 -0.076419179493926584 -0.096562695845356941 0.056325811009022266 0.1160893567121401 0.11260276152692032 0.13945374628546167 -0.021333383348027084 0.036559734018488069 0.10958543642628774 0.11209843553362225 0.057588606326766129 0.087017319131672849 -0.061599739893141242 -0.039842303404436973 -0.081985417785134268 0.14464802187884659 0.10768730465236724 0.11369875778541767 0.003963517671572536 0.099422489593674807 0.076727680542620899 -0.10551923937654971 0.030196425443169361
leaf_weight=94.543595001101494 482.31176774203777 13.67913408577442 37760.606712907553 757.16368934512138 23.327062383294106 162.30952510237694 283.14878667891026 10.637832447886469 273.02286507189274 42.645501926541328 1085.3578592985868 2497.7248303294182 43.674343317747116 230.17794665694237 173.49122010171413 268.65399198234081 416.30817604064941 338.25452810525894 751.36028695106506 31.01234282553196 165.04995837807655 97.090589180588722 24.322897553443909 85.884357169270515 29052.571597665548 62.787846878170967 1083.4107644855976 18.227694720029831 146.18803076446056 10.461965411901472
leaf_count=425 2276 60 193196 3578 101 740 1325 44 1322 179 5081 11694 185 977 708 1247 1935 1479 3344 136 713 434 101 385 138341 290 5104 82 727 43
internal_value=-0.000135444 -0.0973354 -0.106641 0.0608296 0.0166375 0.109963 0.0446625 -0.0368917 -0.03504 -0.0635253 0.111626 0.0993996 0.044095 0.00430917 0.0936177 0.0924493 0.106816 0.0876628 0.0775521 0.00772797 -0.0751925 -0.0704168 -0.0365837 0.085702 0.113067 0.104843 0.0941933 0.0202884 -0.0961119 -0.0848042
internal_weight=76485.4 40622.2 38364.9 2257.28 604.274 35863.2 890.672 408.361 575.262 480.718 34972.6 3688.45 436.162 273.852 1682.02 322.993 3252.29 754.563 924.852 54.3394 438.073 281.281 121.413 114.75 31284.1 2231.56 1146.2 28.8655 159.867 293.611
internal_count=376252 206271 196002 10269 2806 169981 4155 1879 2639 2214 165826 17010 1902 1162 7630 1484 15108 3414 4052 237 2035 1322 535 511 148816 10475 5394 126 787 1368
is_linear=0
shrinkage=0.08


Tree=8
num_leaves=31
num_cat=0
split_feature=7 7 14 0 7 7 14 14 0 14 3 7 14 4 0 2 3 4 14 2 0 12 5 0 7 3 12 14 7 4
split_gain=114032 8337.79 1320.11 993.36 546.574 533.969 605.73 261.715 242.61 120.739 119.565 316.851 236.486 181.083 108.907 79.3809 76.9781 60.8697 74.1007 50.814 39.8415 143.972 32.7379 30.9288 29.3917 154.655 28.0535 43.0575 95.6578 26.951
threshold=0.65133896470069896 1.0000000180025095e-35 1.0000000180025095e-35 0.86967304348945629 0.49882629513740545 0.71010184288024913 1.0000000180025095e-35 1.0000000180025095e-35 0.90863835811615001 1.0000000180025095e-35 0.46709956228733068 0.86295148730278026 1.0000000180025095e-35 0.69631093740463268 0.91229113936424266 0.81120249629020702 0.46709956228733068 0.5604878067970277 1.0000000180025095e-35 0.11942959204316141 0.76035815477371227 1.0000000180025095e-35 1.5000000000000002 0.77427735924720775 0.60336247086524974 0.84889996051788341 -1.0000000180025095e-35 1.0000000180025095e-35 0.7510683834552766 0.12613636255264285
decision_type=2 2 2 2 2 2 2 2 2 2 2 2 2 2 2 2 2 2 2 2 2 2 2 2 2 2 2 2 2 2
left_child=1 3 4 7 20 6 -2 -1 -8 -5 11 12 -7 -14 22 23 19 18 -13 -6 -3 -22 -11 -9 -4 -26 27 -12 -29 -16
right_child=5 2 24 9 16 10 8 15 -10 14 26 17 13 -15 29 -17 -18 -19 -20 -21 21 -23 -24 -25 25 -27 -28 28 -30 -31
leaf_value=0.10036388458963996 0.11037605160002277 -0.094396790407636891 -0.1058178577703206 0.10951501999339577 0.099537306366072983 0.10815279838253965 -0.083025381984633884 -0.094252875124482841 0.080926623250590621 0.05464716006848274 0.11213066977700682 0.10707206332154784 -0.076020753757598966 0.046304796964668452 0.085028297191980254 0.048631940054057479 0.10630700414954475 0.10779622329540872 0.048395350620442791 -0.063370967566620251 -0.077125979106132558 0.13882886758888519 -0.026062724234679535 -0.044573707520697628 -0.098302378426250239 0.082134479804103502 0.10999520215622872 -0.048378605857752124 0.093451154783403073 0.048081542072426729
leaf_weight=68.392210021615028 329.86320489645004 150.63510496914387 35334.699033796787 753.63277021050453 19.935959130525589 177.90358598530293 243.78037136793137 263.19422826170921 75.701241925358772 49.31238928437233 1038.9732125848532 285.49681463837624 137.75924997031689 176.91343821585178 660.14147007465363 33.921242088079453 258.46836310625076 2848.0248592048883 266.15521202981472 31.800984933972359 96.163530081510544 24.866507783532143 92.495874792337418 115.3566889166832 427.37912106513977 32.729650437831879 27514.862633317709 31.332596346735954 1061.7344632148743 156.26928122341633
leaf_count=319 1631 776 190726 3727 89 846 1181 1330 343 204 5098 1378 609 745 3034 144 1252 13975 1149 142 442 105 385 507 2226 137 137483 141 5202 663
internal_value=-0.000187708 -0.094481 -0.103613 0.0570195 0.0159178 0.106188 0.034335 -0.0445758 -0.0441769 0.085558 0.107579 0.0943967 0.0344315 -0.0072476 0.0667159 -0.0686083 0.0884772 0.103085 0.0787623 -0.000597011 -0.0669353 -0.0327565 0.00200332 -0.079114 -0.105556 -0.0854671 0.10931 0.10047 0.0893856 0.0779563
internal_weight=72757.9 38569.4 36376.7 2192.72 581.87 34188.5 649.345 480.864 319.482 1711.85 33539.2 3892.25 492.576 314.673 958.219 412.472 310.205 3399.68 551.652 51.7369 271.665 121.03 141.808 378.551 35794.8 460.109 29646.9 2132.04 1093.07 816.411
internal_count=375989 206208 195895 10313 2806 169781 3155 2300 1524 8013 166626 18702 2200 1354 4286 1981 1483 16502 2527 231 1323 547 589 1837 193089 2363 147924 10441 5343 3697
is_linear=0
shrinkage=0.08


Tree=9
num_leaves=31
num_cat=0
split_feature=7 7 0 7 0 7 3 0 4 3 12 7 1 1 4 7 12 3 12 5 7 5 3 12 2 5 12 4 1 12
split_gain=102422 7512.54 869.792 468.696 707.713 392.321 411.03 174.126 123.691 94.4073 481.894 191.95 75.2946 73.0967 134.414 113.558 79.2474 62.9298 89.0898 53.7323 49.1557 44.0195 41.3258 37.2777 36.3571 34.2855 33.3194 27.6446 25.1544 21.3603
threshold=0.65133896470069896 1.0000000180025095e-35 0.88827210664749157 0.7510683834552766 0.72420981526374828 0.61583185195922863 0.6926884949207307 0.76668736338615429 0.9767441749572755 0.88589513301849376 1.0000000180025095e-35 0.5313592553138734 0.87226107716560375 0.43951219320297247 0.41421362757682806 0.92605021595954906 1.0000000180025095e-35 0.83405795693397533 -1.0000000180025095e-35 1.0000000180025095e-35 0.87531095743179332 1.5000000000000002 0.90595519542694103 1.0000000180025095e-35 0.71516755223274242 1.5000000000000002 1.0000000180025095e-35 0.9767441749572755 0.91945946216583263 1.0000000180025095e-35
decision_type=2 2 2 2 2 2 2 2 2 2 2 2 2 2 2 2 2 2 2 2 2 2 2 2 2 2 2 2 2 2
left_child=1 2 7 4 8 9 27 19 24 -3 11 -11 25 14 15 16 -5 18 21 -1 26 -6 -4 -10 -2 -9 -16 28 -7 -20
right_child=3 5 22 13 17 6 -8 12 23 10 -12 -13 -14 -15 20 -17 -18 -19 29 -21 -22 -23 -24 -25 -26 -27 -28 -29 -30 -31
leaf_value=0.21939331176888272 -0.08029162220390923 -0.10280092093391296 0.064463155470547484 0.12246326810913923 0.0989164753870833 -0.09421435454786363 0.088678907336644991 0.013352853986656112 0.13806396556053935 -0.10052825673432542 0.11605865661287204 0.036015730718442572 0.059660170087323688 0.10629570446219896 0.11470889327554958 0.08044373586232105 -0.037171967461493906 0.10498889944589705 0.040143132116361849 -0.082397342362249118 0.10352016461577412 -0.08688594141302021 0.093203186593991905 0.009344717977700142 0.091687495647575265 -0.061947266330971543 0.056329700669455043 -0.002428442806964463 0.038422706375875533 0.099499580170095997
leaf_weight=3.830139383673667 234.94755645096302 32730.896691009402 449.57901112735271 24.209362611174583 10.629292219877241 234.39153088629246 138.93511958420277 76.731215879321098 17.846865475177765 1170.798465013504 74.940508976578712 69.819840475916862 120.74042223393917 27985.035199910402 83.401701599359512 277.50481103360653 111.87378759682178 642.59355403482914 56.1601542532444 265.9103599190712 2597.8151457160711 35.136753350496292 1112.7074088156223 74.54130046069622 8.1397181749343854 78.076480731368065 250.49374371767044 26.112488225102425 9.5226769000291807 125.53635776042938
leaf_count=19 1204 186744 2066 115 50 1280 695 350 84 6514 371 355 544 146948 406 1300 507 3322 276 1393 13318 160 5548 329 40 352 1138 134 47 638
internal_value=-0.000174074 -0.0920521 0.0545701 0.103076 0.0541268 -0.101021 -0.0231316 -0.0324207 -0.0445858 -0.101956 -0.0809437 -0.0928438 0.0123077 0.10496 0.0937833 0.0510888 -0.00877266 0.0921883 0.0560258 -0.0781121 0.0998064 -0.0437328 0.0849327 0.0342098 -0.0745329 -0.0246244 0.0709119 -0.0806608 -0.0890361 0.0811532
internal_weight=69098.9 36563 2107.58 32535.9 1205.53 34455.4 408.962 545.289 335.475 34046.5 1315.56 1240.62 275.548 31330.3 3345.3 413.588 136.083 870.056 227.463 269.74 2931.71 45.766 1562.29 92.3882 243.087 154.808 333.895 270.027 243.914 181.697
internal_count=376247 206412 10272 169835 6103 196140 2156 2658 1657 193984 7240 6869 1246 163732 16784 1922 622 4446 1124 1412 14862 210 7614 413 1244 702 1544 1461 1327 914
is_linear=0
shrinkage=0.08


Tree=10
num_leaves=31
num_cat=0
split_feature=7 7 0 7 3 7 0 1 3 12 7 1 0 1 7 0 12 5 3 12 1 0 1 0 3 1 12 5 1 5
split_gain=91766.6 6729.22 775.557 705.721 558.109 280.166 478.977 123.096 96.7877 454.581 171.018 86.4917 74.6466 69.3372 109.178 89.9516 78.6058 55.5759 52.1288 62.173 39.0562 36.9628 36.1678 34.3604 33.7603 33.3068 30.8665 29.8907 67.919 28.8678
threshold=0.66849818825721752 1.0000000180025095e-35 0.86967304348945629 0.61583185195922863 0.6926884949207307 0.76384064555168163 0.72420981526374828 0.89725545048713695 0.88589513301849376 1.0000000180025095e-35 0.5266309678554536 1.0000000180025095e-35 0.91229113936424266 0.43951219320297247 0.8981321156024934 0.30595238506793981 1.0000000180025095e-35 1.0000000180025095e-35 0.81530213356018078 -1.0000000180025095e-35 0.91945946216583263 0.41921134293079382 0.89039039611816417 0.80350974202156078 0.81530213356018078 1.0000000180025095e-35 1.0000000180025095e-35 1.5000000000000002 0.77459675073623668 1.5000000000000002
decision_type=2 2 2 2 2 2 2 2 2 2 2 2 2 2 2 2 2 2 2 2 2 2 2 2 2 2 2 2 2 2
left_child=1 2 7 8 20 6 11 17 -3 10 -10 26 27 14 15 -7 -17 -1 19 29 25 -16 -13 -19 -9 -5 -2 -4 -29 -8
right_child=5 3 12 4 -6 13 18 24 9 -11 -12 22 -14 -15 21 16 -18 23 -20 -21 -22 -23 -24 -25 -26 -27 -28 28 -30 -31
leaf_value=0.17399128810332312 0.12996901114568682 -0.10044893842492217 0.07203261062301014 -0.01505661956632956 0.084751723005961108 0.082395884273174236 0.096084532851044263 -0.0054641884637615734 -0.097950484847587047 0.11265909835945996 0.026548573636933442 -0.070928086712966937 0.084536237965668656 0.1034391383935109 0.10238609531592507 0.11476181511232313 -0.013596576084786521 -0.086709353061774908 0.10204245725935271 0.076773969431947017 0.051182798509386097 0.079323148516661807 0.077256021519608073 -0.029573144867801979 0.081818568681628498 -0.089049658720118052 0.010975289118596647 -0.1101409483315214 0.037600238247412043 -0.074508997027711799
leaf_weight=6.0766978710889807 17.114277347922325 30906.917212516069 77.909411519765854 44.717398196458817 233.57042241096497 328.85796344280243 8.1024525016546232 71.419178783893585 1100.7269932180643 75.405277356505394 75.4543746560812 172.34447960555553 1386.7096707820892 26391.079860925674 2083.2364856153727 38.460949942469597 148.152329236269 232.81464037299156 654.62406687438488 162.70580118894577 15.288100928068159 565.47126200795174 11.22818513214588 94.787587910890579 47.04280161857605 301.05092759430408 75.491569146513939 24.651431307196617 103.63540261983871 29.326136067509651
leaf_count=29 82 186828 348 221 1219 1616 40 323 6463 388 385 884 7086 146272 11247 194 682 1278 3569 855 77 2859 57 434 225 1699 333 108 464 134
internal_value=-0.000246564 -0.0891783 0.0516108 -0.0979689 -0.0116103 0.100602 0.0615248 -0.0408597 -0.0995657 -0.0777561 -0.0899636 -0.0300666 0.0778582 0.102097 0.0909068 0.0572215 0.0128581 -0.0657311 0.0911187 0.0553879 -0.0739477 0.0974624 -0.0618644 -0.0701777 0.0291969 -0.0794803 0.0329663 0.0329473 0.00921048 -0.0375793
internal_weight=65484.4 34798.2 2045.05 32753.1 594.627 30686.2 1130.94 452.141 32158.5 1251.59 1176.18 276.179 1592.91 29555.3 3164.18 515.471 186.613 333.679 854.758 200.134 361.056 2648.71 183.573 327.602 118.462 345.768 92.6058 206.196 128.287 37.4286
internal_count=376399 207575 10295 197280 3216 168824 5954 2289 194064 7236 6848 1356 8006 162870 16598 2492 876 1741 4598 1029 1997 14106 941 1712 548 1920 415 920 572 174
is_linear=0
shrinkage=0.08


Tree=11
num_leaves=31
num_cat=0
split_feature=7 7 14 0 7 14 0 7 14 14 1 1 14 7 0 2 1 1 1 2 12 0 7 14 0 12 12 14 7 7
split_gain=82539.9 6138.77 1150.9 684.841 440.324 675.036 413.6 396.598 240.736 120.716 78.2313 112.849 148.954 143.014 75.9701 65.0545 51.7444 44.8081 42.2311 48.9798 47.969 37.6204 37.0767 48.3902 29.5502 104.107 24.479 32.5191 39.8916 24.4455
threshold=0.65133896470069896 1.0000000180025095e-35 1.0000000180025095e-35 0.87772271037101757 0.76384064555168163 1.0000000180025095e-35 0.92501389980316173 0.48579499125480657 1.0000000180025095e-35 1.0000000180025095e-35 0.45773810148239141 0.22886905074119571 1.0000000180025095e-35 0.96110200881958019 0.91229113936424266 0.86391696333885204 0.42967033386230474 0.11269841343164445 1.0000000180025095e-35 0.68614074587821972 1.0000000180025095e-35 0.77427735924720775 0.88956639170646679 1.0000000180025095e-35 0.74169102311134349 1.0000000180025095e-35 -1.0000000180025095e-35 1.0000000180025095e-35 0.97156333923339855 0.60336247086524974
decision_type=2 2 2 2 2 2 2 2 2 2 2 2 2 2 2 2 2 2 2 2 2 2 2 2 2 2 2 2 2 2
left_child=1 3 7 8 5 -2 18 24 -1 -5 11 22 -13 -14 -11 21 17 -9 20 -20 -7 -10 23 -6 -3 -26 27 -12 -29 -4
right_child=4 2 29 9 10 6 -8 16 15 14 26 12 13 -15 -16 -17 -18 -19 19 -21 -22 -23 -24 -25 25 -27 -28 28 -30 -31
leaf_value=0.098531079408518712 0.10201371297025787 -0.084484393161845819 -0.098868025840239876 0.10176709698182482 0.1045092565704669 0.14373092458893014 0.086916058872190324 0.10444400317239916 -0.086758336396008121 -0.0057336898402050611 0.10326205857773962 0.097653843909876428 -0.047713028847610264 0.063036327251511259 0.065104067191918386 0.071530979949088608 0.099752080350241967 -0.053241660592379524 -0.089407473175219118 -0.00412230231147445 -0.034927220432713312 -0.034903069012090712 0.09874247591021941 0.042575142551004308 -0.065820444258712738 0.13490165232442439 0.10163072953490587 0.067255685200769591 0.10067180852722343 -0.079045604251709062
leaf_weight=73.454428926110268 733.07576267421246 119.859520226717 29711.108168795705 642.42785100638866 144.26940654218197 11.335314139723776 174.86830937862396 19.047694727778435 233.90876880288124 111.4064964056015 844.67020216584206 286.2581729888916 126.70988267660141 181.53563362360001 743.7624254077673 23.044950127601624 239.42865493893623 29.234643876552582 253.68183994293213 51.917324393987656 63.494539633393288 145.07461875677109 2146.7910288870335 183.34225328266621 83.973822340369225 20.59303542971611 23112.078734412789 532.75775477290154 400.52962963283062 403.57483650743961
leaf_count=365 4179 721 190786 3639 776 50 960 84 1335 463 4857 1577 571 896 3718 105 1264 146 1363 244 272 648 12186 854 434 92 135819 3007 2286 2374
internal_value=-0.000230597 -0.0877686 -0.09658 0.0490047 0.0973418 0.0516148 -0.0149193 0.0223397 -0.0346408 0.0755619 0.0994489 0.0873975 0.0561003 0.0175108 0.0558757 -0.0589726 0.0845168 0.00896635 -0.0617291 -0.0749186 -0.00786387 -0.0669082 0.094917 0.0698489 -0.0573703 -0.0262909 0.100935 0.0918894 0.0815965 -0.0986024
internal_weight=61847.2 32599.9 30626.8 1973.08 29247.3 1288.37 555.297 512.137 475.483 1497.6 27958.9 3068.91 594.504 308.246 855.169 402.028 287.711 48.2823 380.429 305.599 74.8299 378.983 2474.4 327.612 224.426 104.567 24890 1777.96 933.287 30114.7
internal_count=376071 206174 195901 10273 169897 7068 2889 2741 2453 7820 162829 16860 3044 1467 4181 2088 1494 230 1929 1607 322 1983 13816 1630 1247 526 145969 10150 5293 193160
is_linear=0
shrinkage=0.08


Tree=12
num_leaves=31
num_cat=0
split_feature=8 14 8 3 8 4 3 8 0 14 4 8 0 4 4 14 1 8 0 2 8 3 14 8 1 2 3 8 5 8
split_gain=58207 12701.8 2170.27 1382.75 1808.8 712.701 626.168 902.279 498.116 375.691 156.241 213.609 147.034 160.497 127.319 132.39 102.509 98.9199 84.4141 55.4467 53.4024 129.471 149.383 48.0573 39.9462 37.3297 35.7111 33.8258 31.5693 26.1625
threshold=0.53371214866638195 1.0000000180025095e-35 1.0000000180025095e-35 0.49253065884113317 0.65582582354545604 0.9767441749572755 0.88589513301849376 0.44783893227577215 0.90303474664688121 1.0000000180025095e-35 0.9767441749572755 0.45291082561016088 0.71816566586494457 0.9767441749572755 0.5604878067970277 1.0000000180025095e-35 0.47140522301197058 0.85766234993934642 0.76668736338615429 0.92403846979141246 0.5855005979537965 0.77015754580497753 1.0000000180025095e-35 0.40752536058425909 0.91945946216583263 0.86391696333885204 0.90595519542694103 0.45954339206218725 1.5000000000000002 0.47466187179088598
decision_type=2 2 2 2 2 2 2 2 2 2 2 2 2 2 2 2 2 2 2 2 2 2 2 2 2 2 2 2 2 2
left_child=1 12 8 4 5 9 10 23 18 -2 19 -12 13 16 15 -6 27 -17 -3 -4 21 22 -5 -8 -24 -20 28 -1 -10 -9
right_child=3 2 6 20 14 -7 7 29 26 -11 11 -13 -14 -15 -16 17 -18 -19 25 -21 -22 -23 24 -25 -26 -27 -28 -29 -30 -31
leaf_value=-0.061752810471246457 0.091373920379149126 -0.082580866852127677 -0.095873337580436965 0.10163098880103792 0.094614011139961485 0.064438867645898526 -0.088597665108254356 0.026742793853829473 0.086569932097643035 -0.089913478446090808 -0.082424536050777972 -0.004099179589918101 0.095228351428661692 0.099487959839236223 0.094368493012057478 -0.030452708907460022 0.065649480142005404 0.062496849568134547 -0.02549783311061133 -0.010868053206616678 0.098282048358076343 0.094944677565564906 -0.051813178613938735 -0.039744956451333684 0.039360961344972835 0.074125280134868049 0.069518901515367285 0.025149331390781515 0.014041547583103142 0.073004874947402973
leaf_weight=110.70375321805477 80.522872030735016 221.45254516601562 24783.432348594069 106.00400628149509 234.6792658418417 330.45600005984306 806.86315684020519 105.38728068768978 50.04490339756012 800.14212071895599 2053.799123197794 249.96179667115211 2492.7930388897657 195.5602957457304 1841.401370704174 153.16044101119041 99.218041568994522 140.49478551745415 222.41352844238281 49.206839218735695 20995.720909938216 867.60808533430099 99.193077802658081 153.36921508610249 44.575318843126297 26.993716090917587 532.61535619199276 38.682551264762878 165.18731646239758 303.67734156548977
leaf_count=669 443 1327 169342 640 1382 1890 5381 642 231 5148 13620 1452 14830 1065 11192 751 555 703 981 313 130734 5339 599 980 266 125 2838 206 742 1846
internal_value=-0.000175321 -0.071041 -0.0867229 0.0899069 0.0437881 -0.0357451 -0.0911925 -0.0384092 0.0178228 -0.0733376 -0.093856 -0.0739261 0.0876726 0.0452672 0.0844358 0.0498175 0.00261534 0.0140176 -0.0466336 -0.0957049 0.0973751 0.0803335 0.0295802 -0.0807949 -0.0235447 -0.0147155 0.0584059 -0.0392501 0.0309055 0.0610864
internal_weight=58355.3 32661.4 29724.4 25694 3580.86 1211.12 28505.7 1369.3 1218.71 880.665 27136.4 2303.76 2936.96 444.165 2369.74 528.334 248.604 293.655 470.86 24832.6 22113.1 1117.38 249.772 960.232 143.768 249.407 747.848 149.386 215.232 409.065
internal_count=376232 217145 199820 159087 21509 7481 193576 8849 6244 5591 184727 15072 17325 2495 14028 2836 1430 1454 2433 169655 137578 6844 1505 6361 865 1106 3811 875 973 2488
is_linear=0
shrinkage=0.08


Tree=13
num_leaves=31
num_cat=0
split_feature=7 7 14 0 7 14 7 0 14 14 3 4 14 7 1 3 4 1 0 7 14 7 0 8 5 4 0 7 2 4
split_gain=67685.5 5194.24 955.932 541.895 386.232 568.093 346.584 334.815 203.479 97.4423 74.1382 133.654 127.975 136.925 57.0229 54.4699 51.2974 43.0324 41.9952 39.9928 45.6097 32.884 30.0781 29.0112 26.1326 22.0474 21.3626 21.2347 103.1 15.6739
threshold=0.65133896470069896 1.0000000180025095e-35 1.0000000180025095e-35 0.88827210664749157 0.76384064555168163 1.0000000180025095e-35 0.49882629513740545 0.9300326704978944 1.0000000180025095e-35 1.0000000180025095e-35 0.44590643048286444 0.52679425477981578 1.0000000180025095e-35 0.9566781520843507 0.90070420503616344 0.90595519542694103 0.9767441749572755 0.87026646733284008 0.7478732466697694 0.87531095743179332 1.0000000180025095e-35 0.55891487002372753 0.76035815477371227 0.26518318057060247 1.5000000000000002 0.27842378616333013 0.79458758234977733 0.60336247086524974 0.77459675073623668 0.9767441749572755
decision_type=2 2 2 2 2 2 2 2 2 2 2 2 2 2 2 2 2 2 2 2 2 2 2 2 2 2 2 2 2 2
left_child=1 3 6 8 5 -2 22 16 -1 -5 11 12 -6 -14 26 24 17 -7 21 20 -13 -8 29 -24 -11 -16 -10 -4 -29 -3
right_child=4 2 27 9 10 7 18 -9 14 15 -12 19 13 -15 25 -17 -18 -19 -20 -21 -22 -23 23 -25 -26 -27 -28 28 -30 -31
leaf_value=0.09317332727257524 0.097673063811386587 -0.090639922126008327 -0.095516304649050907 0.096971910410386428 0.090657579726338949 -0.083360618577681789 -0.046557708345439715 0.08407698854777175 -0.082906197391713635 0.066931536412564455 0.096834443552312965 0.10114503959006596 -0.058628261994979516 0.056491712743726379 0.058911133431448257 0.068544055825344646 0.0042574347199009557 0.0054956681362533458 0.098251098157176614 0.094575193022090845 0.03409838655596311 0.075340640699498473 0.084942938698944592 -0.039652038899362724 0.0093501235261454138 -0.022574101169299202 -0.03953277521676811 -0.089844646289386237 0.055289274233098026 0.013907245395299207
leaf_weight=75.826506972312927 659.94968248903751 110.04428158700466 26303.767028793693 568.45146608352661 219.71909689903259 251.52454978227615 25.69019190967083 155.62884682416916 191.22026002407074 67.686775043606758 22019.936863839626 110.66532550752163 113.26910649240017 158.86826479434967 31.518580541014671 520.07577022910118 72.231625214219093 40.498135820031166 202.33990906178951 2164.9117731004953 157.14302062988281 31.566807851195335 13.779234305024145 90.609227731823921 197.99771885573864 65.234978348016739 117.22925014793873 330.58034081757069 34.604936942458153 10.012707605957983
leaf_count=413 4216 721 191095 3615 1321 1435 127 937 1221 310 145149 663 500 754 146 2871 314 195 1193 13668 728 151 67 457 879 289 548 2176 158 48
internal_value=-0.000260547 -0.0844241 -0.0932281 0.0458332 0.0931295 0.0484026 0.0181901 -0.0141423 -0.0271055 0.0717418 0.095245 0.0832776 0.0452432 0.00857644 -0.0496136 0.0534893 -0.0561068 -0.0710379 0.0811347 0.0909675 0.0618038 0.020647 -0.0546126 -0.0232056 0.0240198 0.00397065 -0.0664217 -0.0952503 -0.0760918 -0.0819207
internal_weight=55112.6 28988.2 27153 1835.24 26124.3 1179.83 484.042 519.883 481.03 1354.21 24944.5 2924.58 491.856 272.137 405.203 785.76 364.254 292.023 259.597 2432.72 267.808 57.257 224.445 104.388 265.684 96.7536 308.45 26669 365.185 120.057
internal_count=376365 206485 196193 10292 169880 7097 2764 2881 2617 7675 162783 17634 2575 1254 2204 4060 1944 1630 1471 15059 1391 278 1293 524 1189 435 1769 193429 2334 769
is_linear=0
shrinkage=0.08


Tree=14
num_leaves=31
num_cat=0
split_feature=0 14 12 14 3 4 12 12 11 2 5 5 11 1 11 0 14 1 5 4 1 12 2 12 12 2 12 5 4 1
split_gain=35566.2 8108.26 4683.07 3717.8 2316.31 2008.66 869.122 636.151 456.08 341.804 273.794 214.115 109.27 101.892 61.2446 39.3798 57.704 54.465 26.7509 25.8252 80.7973 37.5759 28.2377 21.8391 13.5253 7.81527 7.54536 5.4044 4.99133 4.9603
threshold=0.76668736338615429 1.0000000180025095e-35 1.0000000180025095e-35 1.0000000180025095e-35 0.88589513301849376 0.9767441749572755 1.0000000180025095e-35 -1.0000000180025095e-35 1.0000000180025095e-35 0.87007671594619762 1.0000000180025095e-35 1.5000000000000002 1.0000000180025095e-35 0.92718276381492626 1.0000000180025095e-35 0.87772271037101757 1.0000000180025095e-35 0.88303694128990184 1.0000000180025095e-35 0.83558556437492382 0.45222154259681707 1.0000000180025095e-35 0.26766170561313635 -1.0000000180025095e-35 1.0000000180025095e-35 0.58898946642875682 -1.0000000180025095e-35 1.5000000000000002 0.63060426712036144 0.84889996051788341
decision_type=2 2 2 2 2 2 2 2 2 2 2 2 2 2 2 2 2 2 2 2 2 2 2 2 2 2 2 2 2 2
left_child=1 19 3 26 8 9 -7 11 10 12 -5 -6 13 -3 -9 16 -4 18 -18 20 21 -1 -23 -11 25 -22 27 -2 -19 -29
right_child=2 5 15 4 7 6 -8 14 -10 23 -12 -13 -14 -15 -16 -17 17 28 -20 -21 24 22 -24 -25 -26 -27 -28 29 -30 -31
leaf_value=0.099309431111326743 0.09673295259009336 -0.090576895816822864 0.097053649906953088 0.10240439515814624 0.091763446483464933 0.10112911716282368 -0.034755099974911823 0.060045480890006414 0.097648077623020024 -0.022750954032180901 -0.058307635710420545 -0.01889080000047896 0.063067775800444342 -0.05076252184315698 0.096754506950175137 0.095914950216005587 0.081304369422354694 0.093532242334538704 0.028687759054874834 0.096253703658002995 0.052293203281649749 0.058790418348233578 0.014178769211819342 0.09109333149526927 0.096227466816017945 0.084362301418839117 0.094768300825760238 0.042188205304192962 0.070478508958917788 0.083412588533176471
leaf_weight=79.951711878180504 220.45860561728477 20110.664598748088 746.29542852938175 69.140679359436035 125.30536140501499 337.73879641294479 2788.1106125712395 1890.7135218977928 129.16381780803204 12.753179237246512 3615.6010585874319 1047.3563634902239 29.984524250030518 419.96637180447578 343.75667101144791 13795.533097982407 82.229745626449585 244.15705156326294 249.40311469137669 721.9166297018528 73.852891340851784 202.51825051009655 164.6167356967926 69.854122698307037 719.3894284516573 142.43375562131405 2724.458614423871 19.300248265266418 79.734037727117538 581.37021060287952
leaf_count=505 1503 155054 5189 451 836 2213 19816 12596 899 88 25772 7447 189 3071 2418 97088 560 1709 1764 4772 475 1299 1056 469 4994 955 18705 123 547 3882
internal_value=-0.000130464 -0.0665111 0.0660195 0.0256537 -0.00728737 -0.0798374 -0.0200732 0.0406506 -0.0501125 -0.0888871 -0.055292 -0.00706678 -0.0895396 -0.0897625 0.0656929 0.0946168 0.0818417 0.0645233 0.0417343 0.0839892 0.0775861 0.0496104 0.0387874 0.0735177 0.0909536 0.073412 0.0927422 0.0860199 0.087857 0.082088
internal_weight=51837.7 25873.8 25964 10766.6 7221.04 23769.1 3125.85 3407.13 3813.91 20643.2 3684.74 1172.66 20560.6 20530.6 2234.47 15197.4 1401.82 655.524 331.633 2104.68 1382.76 447.087 367.135 82.6073 935.676 216.287 3545.59 821.129 323.891 600.67
internal_count=376445 194956 181489 74632 50419 180900 22029 23297 27122 158871 26223 8283 158314 158125 15014 106857 9769 4580 2324 14056 9284 2860 2355 557 6424 1430 24213 5508 2256 4005
is_linear=0
shrinkage=0.08


Tree=15
num_leaves=31
num_cat=0
split_feature=7 7 14 0 7 7 14 0 14 14 0 1 2 14 7 1 0 7 7 0 7 14 5 2 1 5 0 0 7 1
split_gain=56600.9 4366.54 1089.97 419.194 376.654 208.437 303.696 218.91 126.19 124.673 63.8551 63.1347 99.3668 108.144 85.169 39.7186 33.7245 49.7819 33.6564 117.2 31.3785 39.7347 26.8193 24.4326 25.9158 23.6708 20.5421 19.7968 23.3049 17.2025
threshold=0.66849818825721752 1.0000000180025095e-35 1.0000000180025095e-35 0.86319768428802501 0.52245527505874645 0.76384064555168163 1.0000000180025095e-35 0.92501389980316173 1.0000000180025095e-35 1.0000000180025095e-35 0.93329787254333507 0.43951219320297247 0.21164613962173465 1.0000000180025095e-35 0.9656854271888734 0.90070420503616344 0.83846512436866771 0.43341544270515447 0.60336247086524974 0.94740843772888195 0.93035691976547252 1.0000000180025095e-35 1.5000000000000002 0.84660634398460399 1.0000000180025095e-35 1.5000000000000002 1.0000000180025095e-35 0.72420981526374828 0.58260074257850658 0.40270270407199865
decision_type=2 2 2 2 2 2 2 2 2 2 2 2 2 2 2 2 2 2 2 2 2 2 2 2 2 2 2 2 2 2
left_child=1 3 4 8 16 6 -2 23 -1 -5 22 12 20 -14 -15 29 26 -18 -4 -20 21 -7 -11 24 -8 -12 -3 28 -6 -10
right_child=5 2 18 9 27 11 7 -9 15 10 25 -13 13 14 -16 -17 17 -19 19 -21 -22 -23 -24 -25 -26 -27 -28 -29 -30 -31
leaf_value=0.084002249683679878 0.093791803041238159 0.010878684633410737 -0.092999806485790398 0.093841257648634713 -0.025065275426359432 0.096066223033637321 -0.0019162691345343608 0.082217955544388016 0.11044276635914922 0.049618032381309407 0.093980794400612869 0.093617671024011667 0.089390245879324107 -0.030058317430677363 0.055743495515984336 -0.0003690941439651093 -0.049995349579377062 0.070017985682979428 -0.083257830511684019 0.065474734980588117 0.093931067010056019 0.049916575088953974 -0.0082172625721083827 0.090995383127669249 -0.062000806054109854 0.050895563757474525 -0.086683854780954625 0.094432576931275741 0.08444969877469205 -0.071951744349022059
leaf_weight=49.410507947206497 508.24407467246056 15.552601709961889 23313.594909399748 519.12241648137569 21.027211382985115 216.36405038833618 60.62003356218338 136.66169959306717 3.3570209145545951 73.662677764892578 98.245558649301529 19709.827319353819 245.41179449856281 132.75937660038471 167.39980766177177 68.962056502699852 79.144700691103935 30.701150193810463 391.63183261454105 37.1213688403368 1563.0958644449711 266.43985335528851 169.14043878018856 8.432508856058119 189.75632190704346 481.92193567752838 123.41773195564747 237.58128896355629 30.437447547912598 233.27206826210022
leaf_count=292 3673 73 191084 3709 103 1485 264 906 21 319 573 146193 1636 610 874 327 394 161 2776 189 10619 1448 741 45 1097 2755 805 1619 159 1526
internal_value=-0.000255672 -0.0813687 -0.0900401 0.0426922 0.0225754 0.0905479 0.0528832 0.000308887 -0.0346151 0.063141 0.0437756 0.0920742 0.0803353 0.0499996 0.0177936 -0.0537942 -0.0495802 -0.0164525 -0.0925913 -0.0703806 0.0884248 0.0705981 0.00932906 -0.0429425 -0.0474534 0.0581916 -0.0757653 0.0846882 0.0397045 -0.0693641
internal_weight=49182.3 25977.3 24280.2 1697.09 537.862 23205 903.715 395.471 355.002 1342.09 822.971 22301.3 2591.47 545.571 300.159 305.591 248.816 109.846 23742.3 428.753 2045.9 482.804 242.803 258.809 250.376 580.167 138.97 289.046 51.4647 236.629
internal_count=376476 207626 197363 10263 3314 168850 5985 2312 2166 8097 4388 162865 16672 3120 1484 1874 1433 555 194049 2965 13552 2933 1060 1406 1361 3328 878 1881 262 1547
is_linear=0
shrinkage=0.08


Tree=16
num_leaves=31
num_cat=0
split_feature=7 7 14 0 7 14 7 3 14 0 3 7 14 0 14 0 4 14 4 0 12 3 12 1 12 14 7 1 7 7
split_gain=51236.4 4092.02 705.662 387.865 320.309 428.139 270.28 231.383 168.603 105.816 69.616 116.625 112.54 85.7689 44.8731 42.6653 39.7508 35.4635 31.8534 39.4302 33.6964 28.5375 67.252 27.1906 27.1867 30.7907 43.3538 26.762 26.4239 23.893
threshold=0.65133896470069896 1.0000000180025095e-35 1.0000000180025095e-35 0.76668736338615429 0.76384064555168163 1.0000000180025095e-35 0.49324201047420507 0.84889996051788341 1.0000000180025095e-35 0.91229113936424266 0.49253065884113317 0.8981321156024934 1.0000000180025095e-35 0.33743417263031011 1.0000000180025095e-35 0.72420981526374828 0.65261757373809826 1.0000000180025095e-35 0.9767441749572755 0.75395557284355175 1.0000000180025095e-35 0.74601566791534435 1.0000000180025095e-35 0.92718276381492626 -1.0000000180025095e-35 1.0000000180025095e-35 0.97156333923339855 0.39696970582008367 0.60336247086524974 0.60336247086524974
decision_type=2 2 2 2 2 2 2 2 2 2 2 2 2 2 2 2 2 2 2 2 2 2 2 2 2 2 2 2 2 2
left_child=1 3 6 14 5 -2 21 18 -5 23 11 12 -6 -14 -1 28 17 -13 19 -7 -20 -3 -23 -10 25 -12 -27 -16 -8 -4
right_child=4 2 29 8 10 7 15 -9 9 -11 24 16 13 -15 27 -17 -18 -19 20 -21 -22 22 -24 -25 -26 26 -28 -29 -30 -31
leaf_value=0.073035731325208131 0.092291825802801444 -0.077434305724356223 -0.091778981731445539 0.091875732638324895 0.090764518096422039 -0.081888742687909383 -0.026974425165973887 0.079544192807678049 -0.027061759040374694 0.052704239841385309 0.094444955246775888 0.08949996703343796 0.046827779120223248 -0.043345295470400641 0.16794814849570164 0.089878589038755563 0.091599949741359932 0.047246558439140225 0.13320159667531617 -0.017584604422114212 -0.021910047494730276 -0.055652416176644515 0.11388891596308043 0.023813287860844006 0.09304704333086232 0.053685123892680695 0.092837152151272945 -0.077786419022548486 0.09826751908322226 -0.069480652708228133
leaf_weight=14.31568396091461 549.09671890735626 130.27220924198627 21765.165199562907 521.64825826883316 181.89102452248335 173.16387736797333 38.388586804270744 128.44764341413975 164.42203567922115 649.92194665968418 620.29283187538385 231.67371383309364 164.82340364158154 114.33882586658001 2.8811624050140372 175.47527649998665 1768.8137962073088 281.71148873865604 10.508733466267584 94.242205485701561 60.955626919865608 67.958584159612656 19.205597296357155 113.74618522822857 16847.946042336524 426.85630662739277 314.27830120921135 182.52651831507683 14.991941213607786 311.95131359249353
leaf_count=78 4219 865 190835 3939 1290 1179 191 894 777 3721 4810 1659 855 530 16 1227 12965 1454 49 473 264 335 98 488 134189 2944 2259 1324 77 2325
internal_value=-0.00017713 -0.0805432 -0.0894506 0.0410867 0.0882509 0.0443926 0.0101433 -0.0118889 0.0554856 0.0350319 0.0903785 0.0784979 0.0417989 0.00989483 -0.0634309 0.070827 0.0859119 0.0663141 -0.0465462 -0.059226 0.000898901 -0.0537274 -0.018296 -0.00625837 0.0921683 0.0812941 0.0702876 -0.0739678 0.00819982 -0.0914639
internal_weight=46141.9 24172.9 22523.4 1649.46 21969 1016.41 446.292 467.318 1449.74 928.09 20952.6 2743.25 461.053 279.162 199.723 228.856 2282.2 513.385 338.87 267.406 71.4644 217.436 87.1642 278.168 18209.4 1361.43 741.135 185.408 53.3805 22077.1
internal_count=376329 206296 195953 10343 170033 7078 2793 2859 8925 4986 162955 18753 2675 1385 1418 1495 16078 3113 1965 1652 313 1298 433 1265 144202 10013 5203 1340 268 193160
is_linear=0
shrinkage=0.08


Tree=17
num_leaves=31
num_cat=0
split_feature=7 7 14 7 1 7 3 14 14 14 2 1 4 14 12 1 7 1 3 12 12 2 5 3 12 7 14 12 3 14
split_gain=46532 3725.1 889.926 320.607 316.797 184.32 307.518 194.821 117.245 93.2384 55.1494 55.1011 91.566 76.275 83.9293 44.8768 43.7236 99.7627 42.2444 41.3422 35.9457 35.7982 31.7842 28.5062 37.9404 27.5498 35.0883 27.4513 47.62 44.903
threshold=0.66849818825721752 1.0000000180025095e-35 1.0000000180025095e-35 0.52245527505874645 0.87226107716560375 0.79469618201255809 0.6832355558872224 1.0000000180025095e-35 1.0000000180025095e-35 1.0000000180025095e-35 0.75716626644134533 0.45773810148239141 0.41240409016609197 1.0000000180025095e-35 1.0000000180025095e-35 0.081666667014360442 0.60336247086524974 0.88493064045906078 0.89699381589889537 1.0000000180025095e-35 1.0000000180025095e-35 0.76253134012222301 1.5000000000000002 0.92893216013908397 -1.0000000180025095e-35 0.93035691976547252 1.0000000180025095e-35 -1.0000000180025095e-35 0.87007671594619762 1.0000000180025095e-35
decision_type=2 2 2 2 2 2 2 2 2 2 2 2 2 2 2 2 2 2 2 2 2 2 2 2 2 2 2 2 2 2
left_child=1 4 3 23 8 6 7 -2 -1 -6 -10 12 13 -7 -15 20 -4 -18 -11 -19 -9 -17 -12 -3 -25 26 -14 28 29 -8
right_child=5 2 16 -5 9 11 27 15 10 18 22 -13 25 14 -16 21 17 19 -20 -21 -22 -23 -24 24 -26 -27 -28 -29 -30 -31
leaf_value=0.08144059966899396 0.085488440645332633 -0.065785063042680197 -0.090684546628145124 0.08060621725252444 0.09002251233664145 0.085125129496176052 0.090185387375980849 0.11542449359605358 -0.054535841821470248 0.017977138986165354 0.090978573482802153 0.090887648210210309 0.091784758596226507 0.11861232662141244 -0.017232689757807163 -0.072908866422645505 -0.080344549433850679 -0.024700442701108598 0.05793899282887878 0.11303335215231933 -0.018515126113721882 0.11822058451318611 -0.03117834916042642 -0.065194639636789398 0.05906458170082398 0.089434204782345914 0.046844072377196573 0.090052560708478988 0.084709789962875801 -0.08437167667527988
leaf_weight=59.710358887910843 110.89226633310318 171.19923819601536 20312.835536815226 256.56530831754208 440.92844673246145 135.43681298196316 14.754367448389528 15.387454286217688 280.90203795582056 265.43752124905586 28.855658739805222 16952.740172453225 200.68644803017378 35.482933580875397 162.00269728899002 162.62458881735802 336.10367952287197 32.664027616381645 467.44431979954243 24.340798482298851 76.962227955460548 6.5232783406972876 25.838319063186646 31.323939144611359 31.582103699445724 1511.7728081271052 249.32764452695847 712.70747265219688 80.061310328543186 26.142918288707733
leaf_count=403 818 1112 190749 1850 3589 1006 111 78 1811 1219 144 143298 1560 177 768 1024 2666 173 2938 127 334 38 118 160 177 11537 1450 5872 600 124
internal_value=-0.000164012 -0.0788451 -0.0876498 0.0188347 0.0400938 0.0874118 0.0570733 -0.00336867 -0.0218482 0.0609541 -0.0402257 0.0893128 0.0776786 0.0388861 0.00717506 -0.04105 -0.0901731 -0.0637473 0.0434655 0.0341113 0.00380211 -0.0655379 0.0332697 -0.0488632 -0.00281005 0.0842618 0.0668856 0.0840721 0.0488339 -0.0213973
internal_weight=43219.2 22765.7 21196.6 490.671 1569.12 20453.5 1206.06 372.39 395.306 1173.81 335.596 19247.4 2294.71 332.922 197.486 261.498 20705.9 393.109 732.882 57.0048 92.3497 169.148 54.694 234.105 62.906 1961.79 450.014 833.666 120.959 40.8973
internal_count=376031 207236 197014 3299 10222 168795 8999 2292 2476 7746 2073 159796 16498 1951 945 1474 193715 2966 4157 300 412 1062 262 1449 337 14547 3010 6707 835 235
is_linear=0
shrinkage=0.08


Tree=18
num_leaves=31
num_cat=0
split_feature=7 7 14 0 7 7 3 14 14 14 1 0 14 12 0 1 7 0 12 14 3 12 0 12 12 12 14 7 5 1
split_gain=42282.6 3383.19 844.043 305.998 275.367 178.511 282.417 141.554 140.183 76.7041 55.7029 78.4755 90.2321 83.221 54.7222 46.3686 41.1653 90.4563 38.5205 38.0792 64.2339 39.6656 32.1197 85.8158 31.8914 28.854 30.1938 42.5664 25.9398 28.9236
threshold=0.66849818825721752 1.0000000180025095e-35 1.0000000180025095e-35 0.90303474664688121 0.5266309678554536 0.79469618201255809 0.59317129850387584 1.0000000180025095e-35 1.0000000180025095e-35 1.0000000180025095e-35 0.45773810148239141 0.41921134293079382 1.0000000180025095e-35 1.0000000180025095e-35 0.76668736338615429 0.091966174542903914 0.60336247086524974 0.91036328673362743 -1.0000000180025095e-35 1.0000000180025095e-35 0.80229884386062633 1.0000000180025095e-35 0.80350974202156078 1.0000000180025095e-35 1.0000000180025095e-35 -1.0000000180025095e-35 1.0000000180025095e-35 0.97156333923339855 1.5000000000000002 0.85053193569183361
decision_type=2 2 2 2 2 2 2 2 2 2 2 2 2 2 2 2 2 2 2 2 2 2 2 2 2 2 2 2 2 2
left_child=1 3 4 7 22 6 8 -1 -2 -5 11 -7 -13 -14 -9 24 -4 -18 -19 -8 21 -21 -3 -24 -10 26 -12 -28 -11 -30
right_child=5 2 16 9 -6 10 19 14 15 28 25 12 13 -15 -16 -17 17 18 -20 20 -22 -23 23 -25 -26 -27 27 -29 29 -31
leaf_value=0.082675881737506021 0.085181331557039539 -0.072303122588603982 -0.089683980500192717 0.089315460200039429 0.078715227193955753 0.084963192701163093 0.091367567317027401 -0.068943724093754336 0.11158948522322844 0.07940641619439269 0.092003868219885751 0.085154221476189534 0.10807004425980317 0.00073410693845466965 -0.0094280968853528192 -0.068792136508793636 -0.078161361004546237 -0.070068092664575796 0.084829764029665453 -0.051056813797386968 0.079969914520716126 0.06432560814294036 -0.051548400238797962 0.11029277470601549 -0.016521053817040349 0.090598221108587187 0.048477005594211448 0.089771910293901913 -0.057383584006682344 0.040851460247509255
leaf_weight=78.797590605914593 75.534423053264618 118.62000277638435 18946.322867766023 394.8202300965786 241.23557315766811 1603.7862510159612 568.76176088303328 170.86282726377249 14.784833058714865 112.80459862947464 515.84057822078466 256.61222815513611 56.834767960011959 247.75904174894094 234.67272625863552 142.30018573999405 324.52008803933859 14.664793781936167 34.325155667960644 48.18143205344677 192.88809762150049 31.557833075523376 88.165708780288696 27.511743158102036 78.281955070793629 14670.406489916146 374.16025441139936 278.7896504253149 19.927295938134193 513.07007591426373
leaf_count=567 570 856 190718 3455 1831 12696 5110 1338 79 689 4569 2072 335 1309 1106 953 2712 73 187 248 1550 200 466 164 341 133468 2845 2269 85 3084
internal_value=-0.000223877 -0.0777287 -0.0865738 0.0370892 0.0187198 0.0860356 0.0555096 -0.0154393 -0.00964447 0.0615373 0.0879893 0.0759534 0.0502055 0.0207621 -0.0345036 -0.0400762 -0.0891655 -0.0628649 0.0384622 0.0795846 0.0550027 -0.00539275 -0.0430523 -0.0130575 0.00383092 0.0896344 0.0775374 0.0661087 0.0445548 0.0371787
internal_weight=40476.8 21320.3 19795.4 1524.96 475.533 19156.5 1152.29 484.333 310.901 1040.62 18004.2 2164.99 561.206 304.594 405.536 235.367 19319.8 373.51 48.9899 841.389 272.627 79.7393 234.297 115.677 93.0668 15839.2 1168.79 652.95 645.802 532.997
internal_count=375945 207331 197007 10324 3317 168614 9051 3011 1943 7313 159563 16412 3716 1644 2444 1373 193690 2972 260 7108 1998 448 1486 630 420 143151 9683 5114 3858 3169
is_linear=0
shrinkage=0.08


Tree=19
num_leaves=31
num_cat=0
split_feature=7 7 14 3 7 14 7 3 14 14 3 7 14 1 4 5 1 1 14 3 12 12 14 7 1 4 4 7 3 12
split_gain=38583.8 3139 571.566 264.345 262.109 325.088 197.543 162.681 104.247 92.976 81.8012 111.701 105.567 66.4416 44.6667 38.4281 59.4442 38.0986 35.5799 35.3185 74.0084 30.2352 31.8585 41.6637 27.3054 30.8664 26.1899 25.7972 67.166 24.3537
threshold=0.65133896470069896 1.0000000180025095e-35 1.0000000180025095e-35 0.74322345852851879 0.76384064555168163 1.0000000180025095e-35 0.5413949489593507 0.85145786404609691 1.0000000180025095e-35 1.0000000180025095e-35 0.49253065884113317 0.8981321156024934 1.0000000180025095e-35 0.16807910054922107 0.65058138966560375 1.5000000000000002 0.92718276381492626 0.81120249629020702 1.0000000180025095e-35 0.56562754511833202 1.0000000180025095e-35 -1.0000000180025095e-35 1.0000000180025095e-35 0.97446763515472423 0.91476997733116161 0.9767441749572755 0.9767441749572755 0.60336247086524974 0.72046512365341198 -1.0000000180025095e-35
decision_type=2 2 2 2 2 2 2 2 2 2 2 2 2 2 2 2 2 2 2 2 2 2 2 2 2 2 2 2 2 2
left_child=1 3 6 8 5 -2 19 24 -1 -5 11 12 -6 -14 18 -11 -17 -10 -13 26 -21 22 -12 -24 25 -7 -3 -4 -29 -30
right_child=4 2 27 9 10 7 -8 -9 17 15 21 14 13 -15 -16 16 -18 -19 -20 20 -22 -23 23 -25 -26 -27 -28 28 29 -31
leaf_value=0.07908972931845841 0.088752951589458728 -0.083840744374240453 -0.088786614525702551 0.087901953834946464 0.087367928004049508 -0.062949743700834865 0.078200392952022912 0.075575847709173347 -0.057142120695292828 0.081031710670919396 0.090961784171433191 0.084634154847690587 0.036181648827410491 -0.046280751489134866 0.08733579033840444 -0.037464384332898018 0.04004418656418883 -0.0023485351635755543 0.038941126365856095 -0.044145855427274741 0.098620438938535393 0.089558004798097418 0.047709376883388839 0.08969928533854217 0.023009984130565448 -0.00091823654872647128 0.038126778641730259 -0.080412343347173718 -0.049760918900553355 0.07998033148070581
leaf_weight=58.529794193804264 448.3569645062089 99.14045736938715 17696.363708242774 383.71534638106823 154.67934792488813 204.43568180501461 158.30720274150372 107.98862742632627 214.29831951856613 113.54712629318237 507.72601322084665 190.10942922532558 160.64435902237892 102.38908913731575 1465.4380616396666 72.751956976950169 488.83705852925777 130.77377715706825 255.83734578639269 91.267058208584785 31.176883533596992 13771.62540551275 387.77184575051069 247.92636469751596 40.513358123600483 68.553718328475952 12.71218681335449 232.19563833624125 14.67424865067005 25.093959644436836
leaf_count=448 4182 776 191116 3568 1314 1448 1228 882 1539 713 4815 1635 884 489 12936 358 3009 635 1415 511 202 134243 3049 2159 215 310 61 2140 79 133
internal_value=-0.000218222 -0.07734 -0.0863244 0.0354584 0.0841814 0.0413341 0.00916437 -0.00910713 -0.0196319 0.0564571 0.0863428 0.0723994 0.0349229 0.00408212 0.0805895 0.0385854 0.0300032 -0.0363767 0.0584203 -0.0374812 -0.00779446 0.0885201 0.0760198 0.0640857 -0.0382769 -0.0473723 -0.069979 -0.0884108 -0.0639591 0.0321065
internal_weight=37937.4 19823.4 18360.9 1462.45 18114 869.848 392.604 421.491 403.602 1058.85 17244.1 2329.1 417.713 263.033 1911.38 675.136 561.589 345.072 445.947 234.297 122.444 14915 1143.42 635.698 313.503 272.989 111.853 17968.3 271.964 39.7682
internal_count=376492 206516 196246 10270 169976 7037 2778 2855 2622 7648 162939 18673 2687 1373 15986 4080 3367 2174 3050 1550 713 144266 10023 5208 1973 1758 837 193468 2352 212
is_linear=0
shrinkage=0.08


Tree=20
num_leaves=31
num_cat=0
split_feature=7 7 14 1 7 7 3 14 14 14 1 1 14 12 3 7 3 5 4 2 4 12 14 3 2 12 12 14 7 7
split_gain=34943.3 2903.31 744.13 238.84 222.347 179.506 271.799 147.969 92.7132 86.0008 64.4775 92.6446 75.5947 71.8253 45.9581 42.298 72.8396 40.7512 38.6136 36.4788 35.711 31.8139 45.3164 36.674 31.0434 30.7054 28.6253 28.9643 37.386 28.2489
threshold=0.66849818825721752 1.0000000180025095e-35 1.0000000180025095e-35 0.87226107716560375 0.46583126485347753 0.80503642559051525 0.680425524711609 1.0000000180025095e-35 1.0000000180025095e-35 1.0000000180025095e-35 0.43951219320297247 0.20761494338512423 1.0000000180025095e-35 1.0000000180025095e-35 0.58898946642875682 0.60336247086524974 0.84889996051788341 1.0000000180025095e-35 0.9767441749572755 0.75905716419219982 0.14119601994752887 -1.0000000180025095e-35 1.0000000180025095e-35 0.87298336625099193 0.74601566791534435 1.0000000180025095e-35 -1.0000000180025095e-35 1.0000000180025095e-35 0.97713410854339611 0.58260074257850658
decision_type=2 2 2 2 2 2 2 2 2 2 2 2 2 2 2 2 2 2 2 2 2 2 2 2 2 2 2 2 2 2
left_child=1 3 4 9 -3 6 7 -2 -5 -1 11 -7 -13 -14 29 -4 -17 -11 24 -19 -10 22 -8 -24 -9 -20 27 -12 -29 -6
right_child=5 2 15 8 14 10 21 18 20 17 26 12 13 -15 -16 16 -18 19 25 -21 -22 -23 23 -25 -26 -27 -28 28 -30 -31
leaf_value=0.075660328252573378 0.078830505020195951 -0.051893768953971076 -0.087999373219729657 0.086353488872120757 -0.034126819890166457 0.081493589767323585 0.089495285240273434 -0.065922947758829009 0.050055739318573801 0.21870072498068591 0.089987482920591319 0.079104376707088336 0.10577210357921779 -0.0072150919801220849 0.084736887685779583 -0.072607123096153525 0.045121473055513998 -0.052098976826712509 0.1082939666701376 0.023863448093331727 0.012167904180605742 0.086295353757460252 -0.075790564342882977 0.053180190280764421 0.12110240768780589 -0.015135539255269446 0.088571456268014381 0.047429208143885619 0.089104895003996334 0.070721470381865992
leaf_weight=50.206734105944633 99.434555716812611 173.12337978929281 16454.734736226499 363.08055479824543 40.539272166788578 1462.8857387006283 59.661002144217491 159.65628328174353 442.63522161543369 3.9354336857795706 452.24773623794317 181.89732774347067 43.27140998095274 214.51632879674435 194.27107283473015 299.05604267865419 37.896569386124611 261.86661548912525 15.262062102556227 47.853363707661629 248.65487688779831 658.88004376739264 27.873122572898865 28.579487733542919 5.8895217776298514 83.311116799712181 12718.663574077189 367.37819793075323 220.4099700525403 27.671838141977787
leaf_count=400 884 1201 190813 3603 236 13049 577 1089 2998 19 4606 1648 267 1123 1703 2747 208 1850 86 242 1184 6594 137 217 35 359 132766 3011 2047 175
internal_value=-0.000291613 -0.0756892 -0.0847468 0.034334 0.0184833 0.0833895 0.0527194 -0.00435004 0.05362 -0.0215513 0.0856192 0.0718154 0.0396148 0.0117506 0.0649013 -0.0874248 -0.0593664 -0.0371119 -0.0356655 -0.0403624 0.0364276 0.079491 0.04088 -0.0104983 -0.0592693 0.00397502 0.087528 0.0747673 0.0630568 0.00840797
internal_weight=35445.3 18645.5 17227.3 1418.23 435.606 16799.8 1138.55 363.554 1054.37 363.862 15661.3 1902.57 439.685 257.788 262.482 16791.7 336.953 313.655 264.119 309.72 691.29 774.994 116.114 56.4526 165.546 98.5732 13758.7 1040.04 587.788 68.2111
internal_count=375874 207379 197083 10296 3315 168495 9978 2453 7785 2511 158517 16087 3038 1390 2114 193768 2955 2111 1569 2092 4182 7525 931 354 1124 445 142430 9664 5058 411
is_linear=0
shrinkage=0.08


Tree=21
num_leaves=31
num_cat=0
split_feature=8 14 8 3 8 4 3 12 0 14 8 4 12 0 4 4 12 8 3 14 14 12 4 3 8 12 14 0 8 0
split_gain=24721.5 5236.55 1298.19 722.049 768.496 301.351 284.264 462.264 175.308 170.69 128.399 115.437 241.059 111.9 107.119 87.2885 86.9643 80.8339 89.9204 64.9816 61.0805 54.3673 48.7139 47.8172 40.5567 27.1554 25.5303 25.1144 24.4174 24.1768
threshold=0.53371214866638195 1.0000000180025095e-35 1.0000000180025095e-35 0.49253065884113317 0.66833335161209118 0.9767441749572755 0.88589513301849376 1.0000000180025095e-35 0.86018571257591259 1.0000000180025095e-35 0.44783893227577215 0.9767441749572755 1.0000000180025095e-35 0.71816566586494457 0.9767441749572755 0.65261757373809826 -1.0000000180025095e-35 0.69344085454940807 0.89512962102890026 1.0000000180025095e-35 1.0000000180025095e-35 -1.0000000180025095e-35 0.10102041065692903 0.46709956228733068 0.86683088541030895 1.0000000180025095e-35 1.0000000180025095e-35 0.76668736338615429 0.39141936600208288 0.90303474664688121
decision_type=2 2 2 2 2 2 2 2 2 2 2 2 2 2 2 2 2 2 2 2 2 2 2 2 2 2 2 2 2 2
left_child=1 13 8 4 5 9 11 10 27 -2 -8 29 -13 14 23 19 17 18 20 -6 -5 28 -10 -1 -21 -7 -27 -3 -15 -4
right_child=3 2 6 16 15 25 7 -9 22 -11 -12 12 -14 21 -16 -17 -18 -19 -20 24 -22 -23 -24 -25 -26 26 -28 -29 -30 -31
leaf_value=-0.042787831280298158 0.070697227939494817 -0.064726732904800258 -0.086412272049717298 0.082979566365275217 0.079413723490725757 0.093648789692093198 -0.081046543606380222 0.089212682802975077 0.048973464906271795 -0.076222738251956898 0.0090327485047518464 0.10583874657372727 -0.068163928437855403 -0.00072340244848978507 0.082861550157162234 0.082815478731404296 0.086899598063477829 0.073707777878263062 0.069105946856672623 -0.016698325309833867 -0.070672651314994853 0.08461138382355958 0.0061276816253988424 0.046673476250983462 0.046460085300186089 0.088420783928070248 0.015491603750947998 -0.013174998182303187 0.064455069019062436 -0.068991538458308729
leaf_weight=120.22676680237055 56.445549450814724 150.27759335935116 13031.967301949859 21.087379954755306 161.48390492796898 58.728283241391182 539.39601144194603 155.21860870718956 467.56707647442818 489.42281366884708 124.68178223073483 52.969802856445312 1340.0506766140461 70.364008195698261 123.33681178838015 1020.2015628889203 11417.09619268775 821.92312449216843 103.90046701580286 130.41840816289186 77.086338341236115 1299.2533770576119 266.70398432016373 56.071160420775414 129.86216257512569 39.091884583234787 143.46453478187323 101.21557901054621 77.082157775759697 530.6129155382514
leaf_count=973 492 1312 163469 211 1611 570 5989 1624 3171 5262 1147 443 14620 511 1078 10354 127856 8159 1007 738 617 13589 1298 474 813 392 1120 523 694 6047
internal_value=-0.000179566 -0.0616629 -0.075399 0.0773839 0.0354546 -0.0281213 -0.0809647 -0.0350819 0.0136667 -0.0610305 -0.064134 -0.0834782 -0.0615475 0.0701708 0.0256735 0.0701599 0.0848965 0.0625629 0.0172316 0.0395474 -0.0376687 0.0793869 0.0334109 -0.0143349 0.0148134 0.0463306 0.0311084 -0.0439793 0.0333507 -0.0857307
internal_weight=33177.2 18507 16760.7 14670.2 2229.12 787.153 15774.9 819.296 985.764 545.868 664.078 14955.6 1393.02 1746.33 299.635 1441.97 12441.1 1024 202.074 421.764 98.1737 1446.7 734.271 176.298 260.281 241.285 182.556 251.493 147.446 13562.6
internal_count=376164 216962 199643 159202 21352 7836 193339 8760 6304 5754 7136 184579 15063 17319 2525 13516 137850 9994 1835 3162 828 14794 4469 1447 1551 2082 1512 1835 1205 169516
is_linear=0
shrinkage=0.08


Tree=22
num_leaves=31
num_cat=0
split_feature=7 7 14 14 7 0 7 14 0 0 12 14 3 5 12 0 7 0 5 12 4 1 14 0 3 12 5 0 1 2
split_gain=29143.6 2520.53 604.199 203.358 188.876 178.062 288.759 154.156 150.046 85.3743 58.2081 56.9965 65.205 81.313 55.4121 45.0111 41.4607 97.7693 36.2776 32.2445 29.086 42.402 40.0353 25.1863 23.3455 60.2773 23.2252 23.028 21.4728 20.3209
threshold=0.66849818825721752 1.0000000180025095e-35 1.0000000180025095e-35 1.0000000180025095e-35 0.52245527505874645 0.70477411150932323 0.88478556275367748 1.0000000180025095e-35 0.90303474664688121 0.45003840327262884 -1.0000000180025095e-35 1.0000000180025095e-35 0.89512962102890026 1.5000000000000002 1.0000000180025095e-35 0.76668736338615429 0.59160795807838451 0.9233020842075349 1.0000000180025095e-35 -1.0000000180025095e-35 0.41240409016609197 0.45773810148239141 1.0000000180025095e-35 0.72420981526374828 0.60922586917877208 1.0000000180025095e-35 1.5000000000000002 0.40052378177642828 0.92718276381492626 0.84889996051788341
decision_type=2 2 2 2 2 2 2 2 2 2 2 2 2 2 2 2 2 2 2 2 2 2 2 2 2 2 2 2 2 2
left_child=1 3 4 -1 24 6 7 -2 15 14 11 -7 13 -13 -9 18 -4 -18 -5 -19 21 22 -8 27 -3 -26 -10 -6 -28 -11
right_child=5 2 16 8 23 10 20 9 26 29 -12 12 -14 -15 -16 -17 17 19 -20 -21 -22 -23 -24 -25 25 -27 28 -29 -30 -31
leaf_value=0.083050794469159472 0.07828245364725224 -0.068356166289801887 -0.086649294888078363 0.24752936719801363 0.087703874922837446 0.088458480032118897 0.076961994812094148 0.10830592848413305 0.073881379033521682 -0.0692558685786554 0.086659269989791662 0.085191372107888436 0.069697446649240394 -0.022332506061224128 -0.0035467559594028332 -0.00497974762719414 -0.074391649800183354 -0.047029810415438328 -0.06741590516592795 0.10103590363571917 0.080773944229673128 0.084510366417296284 0.0033373091477365093 0.083940768558643172 -0.046969249458892914 0.10111971218166695 -0.020460820595715919 -0.028695754135672203 0.036418360779203421 0.11013543461878118
leaf_weight=363.12033379822969 146.55571136623621 100.86822698265314 14201.115571737289 2.3803032636642447 17.758172392845154 446.52527010440826 75.568724192678928 33.308947458863258 96.528852440416813 149.14357329159975 11340.996835149825 67.707165367901325 390.4594803377986 134.28717977553606 190.24504475295544 228.87944003939629 338.07587156444788 13.869103237986563 140.72755741328001 29.296611614525318 1511.8301658183336 177.56764481216669 126.2221564874053 154.37291786819696 79.11908333003521 22.620157897472382 47.017084017395973 28.074188329279423 439.97507685422897 4.1538406163454047
leaf_count=4010 1456 838 189624 11 116 5123 744 225 679 1006 135763 594 3744 1071 1001 1105 3674 70 1290 183 15637 1815 604 1588 447 153 225 148 2929 30
internal_value=-0.000176271 -0.0739497 -0.0832805 0.0320882 0.0133716 0.0811229 0.06125 0.0086624 0.012721 -0.0184125 0.0849989 0.0668753 0.0506084 0.0137088 0.013119 -0.0269844 -0.0859504 -0.0599155 -0.0621774 0.0534625 0.0758042 0.0559984 0.030909 0.0684799 -0.0410833 -0.0140439 0.0380326 0.0164044 0.0309269 -0.064395
internal_weight=31098.4 16303.8 14985.2 1318.63 402.813 14794.6 2414.6 523.407 955.508 376.851 12380 1038.98 592.454 201.994 223.554 371.987 14582.4 381.242 143.108 43.1657 1891.19 379.359 201.791 200.205 202.607 101.739 583.521 45.8324 486.992 153.297
internal_count=375903 207090 196841 10249 3290 168813 22518 3718 6239 2262 146295 10532 5409 1665 1226 2406 193551 3927 1301 253 18800 3163 1348 1852 1438 600 3833 264 3154 1036
is_linear=0
shrinkage=0.08


Tree=23
num_leaves=31
num_cat=0
split_feature=7 7 7 14 14 14 0 2 3 7 14 7 0 0 3 12 14 7 5 1 0 0 1 1 14 7 12 1 7 3
split_gain=26674.4 2350.12 310.837 301.675 301.323 201.328 125.083 123.819 107.664 117.054 114.713 96.213 64.7605 54.7085 46.1415 43.096 40.517 47.664 32.5668 30.5007 34.498 29.4471 22.8587 21.5972 28.6158 20.0403 19.7442 19.6978 12.1851 72.8785
threshold=0.63196593523025524 1.0000000180025095e-35 0.7510683834552766 1.0000000180025095e-35 1.0000000180025095e-35 1.0000000180025095e-35 0.77427735924720775 0.84889996051788341 0.49253065884113317 0.93624991178512584 1.0000000180025095e-35 0.46583126485347753 0.41921134293079382 0.71124362945556652 0.88273492455482494 -1.0000000180025095e-35 1.0000000180025095e-35 0.97713410854339611 1.0000000180025095e-35 1.0000000180025095e-35 0.89658117294311535 0.33743417263031011 0.95040982961654674 0.15535445511341098 1.0000000180025095e-35 0.26246066391468054 1.0000000180025095e-35 0.97894504666328441 0.56615138053894054 0.89512962102890026
decision_type=2 2 2 2 2 2 2 2 2 2 2 2 2 2 2 2 2 2 2 2 2 2 2 2 2 2 2 2 2 2
left_child=1 5 4 11 -2 -1 18 19 9 10 -4 25 -12 21 22 16 -10 -18 -7 26 -21 -13 -8 -11 -25 -3 -6 -16 -5 -30
right_child=2 3 8 28 7 6 14 -9 15 23 12 13 -14 -15 27 -17 17 -19 -20 20 -22 -23 -24 24 -26 -27 -28 -29 29 -31
leaf_value=0.082125724567280581 0.084878959061839052 0.095928563379060527 0.080303733842620309 -0.086215106264303329 0.13693002155217557 0.2130983108099711 -0.016729594791204699 0.06854630475450342 0.087826169082641889 0.084730017097364316 0.03366184144731748 0.072089424971072083 -0.035687128267831887 0.077126454911253292 0.082860117124623531 0.086199486646804047 0.036600188293610496 0.086610261473045652 -0.063603982062057488 -0.068676526776318816 0.0081483711709996916 -0.063462070553203742 0.022410413109151414 0.083768114408510327 0.044882885179126648 -0.05378792666927347 -0.0079809943281540629 0.033940214565294599 -0.080337640195524557 0.066468721792252494
leaf_weight=340.26523226499557 325.83634751290083 5.941058598458766 216.5168739631772 13005.609613411129 6.7093501165509215 2.7757175713777533 192.31959937512875 82.050467915832996 390.67651250213385 870.04746367782354 221.82961286604404 14.235701352357863 140.9333773702383 95.317352660000324 62.005614846944809 10470.203496821225 351.03199744969606 186.91795514523983 141.34263376891613 203.39541316777468 45.839278243482113 36.697455085813999 189.68617777526379 234.25371309369802 250.79076071083546 155.15012942254543 58.357141092419624 350.16794151067734 405.35662695020437 22.862212687730789
leaf_count=4019 3904 35 2419 186960 38 12 978 755 4847 9668 1545 81 743 910 449 134876 3199 2049 1354 1882 269 226 871 2733 1805 1163 301 2627 5287 137
internal_value=-0.000206823 -0.0743322 0.0790043 -0.083985 0.0278859 0.0294097 0.0102927 -0.0189674 0.0817731 0.0643222 0.0342232 -0.00561736 0.00671978 0.0413594 0.0227355 0.0847345 0.0682174 0.0539769 -0.0582747 -0.0418134 -0.0545469 -0.0255757 0.0027055 0.0771891 0.0636626 -0.0482664 0.00696155 0.0412995 -0.0857779 -0.0724998
internal_weight=29075.1 15019.7 14055.4 13741.2 722.188 1278.56 938.298 396.352 13333.2 1934.37 579.28 307.342 362.763 146.251 794.179 11398.8 928.626 537.95 144.118 314.301 249.235 50.9332 382.006 1355.09 485.044 161.091 65.0665 412.174 13433.8 428.219
internal_count=376142 205109 171033 194799 7149 10310 6291 3245 163884 18913 4707 2415 2288 1217 4925 144971 10095 5248 1366 2490 2151 307 1849 14206 4538 1198 339 3076 192384 5424
is_linear=0
shrinkage=0.08


Tree=24
num_leaves=31
num_cat=0
split_feature=7 7 7 14 14 14 1 2 3 7 14 7 12 12 14 7 3 4 1 4 1 3 12 12 4 14 8 2 4 4
split_gain=24298.1 2152.38 309.478 305.058 277.645 187.049 121.204 111.709 98.9807 106.288 97.1308 88.7755 68.2924 48.2403 43.9574 50.7684 41.1639 35.4103 34.7941 33.7255 28.5592 28.2306 27.5246 24.3074 21.835 21.6685 17.5661 16.5335 20.1079 16.2156
threshold=0.63196593523025524 1.0000000180025095e-35 0.76384064555168163 1.0000000180025095e-35 1.0000000180025095e-35 1.0000000180025095e-35 0.87026646733284008 0.72377106547355663 0.43951219320297247 0.93624991178512584 1.0000000180025095e-35 0.46404419839382177 1.0000000180025095e-35 -1.0000000180025095e-35 1.0000000180025095e-35 0.97156333923339855 0.4712491780519486 0.65058138966560375 0.16807910054922107 0.9767441749572755 0.87226107716560375 0.80901724100112926 1.0000000180025095e-35 1.0000000180025095e-35 0.20204082131385806 1.0000000180025095e-35 0.26518318057060247 0.92403846979141246 0.27718676626682287 0.23606811463832858
decision_type=2 2 2 2 2 2 2 2 2 2 2 2 2 2 2 2 2 2 2 2 2 2 2 2 2 2 2 2 2 2
left_child=1 5 3 -2 11 -1 19 20 9 10 -4 26 -12 14 -10 -16 18 25 -13 21 29 -5 24 -21 -8 -11 -3 28 -9 -7
right_child=2 4 8 6 -6 7 22 27 13 17 12 16 -14 -15 15 -17 -18 -19 -20 23 -22 -23 -24 -25 -26 -27 -28 -29 -30 -31
leaf_value=0.080776522917907392 0.083872833191435667 0.032294818059422636 0.078958217189726787 -0.067028826483034959 -0.085110945793467382 -0.025039583093879016 0.046425315007344745 -0.0020219024140682206 0.087164888532730175 0.079590373868400455 0.084484633629288264 0.072289532710494403 -0.010724429001419192 0.08535842560063045 0.031143294167331994 0.082828407829078007 0.068958002323941114 0.08373239443713669 -0.077473679768989112 0.13396328933509002 0.0082711883686856537 0.048625087457182622 0.087566841523207956 -0.013331085498978365 -0.04829097267919126 0.033902630663444427 -0.057494987681430854 0.040403492098563761 0.046298356930188626 -0.069040022377409929
leaf_weight=316.42157544195652 354.62485748529434 15.516321718692778 184.25536172091961 212.05087753385305 12492.782967805862 112.11788466572762 44.947370439767838 170.90359282493591 361.75486673414707 107.2432107925415 58.755298256874084 15.317252680659292 268.813032515347 9786.9243832603097 319.88810899108648 196.25062076747417 96.276251673698425 911.4959114715457 28.219769679009914 8.0756697580218297 86.919775143265724 14.426636502146719 60.533258877694607 63.96852245926857 23.838548071682453 174.60291435569525 137.64657338708639 351.52573489397764 81.354571536183357 102.71037016808987
leaf_count=3985 4574 98 2191 1987 192544 833 409 940 4829 1251 496 91 1615 135289 2966 2285 950 10958 182 51 421 97 607 314 121 1037 1074 2724 392 882
internal_value=-0.000289854 -0.073611 0.0777991 0.0290066 -0.0833056 0.0278274 -0.0164705 0.00932526 0.0808855 0.0629888 0.0324907 -0.00632436 0.00635304 0.083747 0.0657823 0.0507954 0.0397674 0.0760694 -0.0247838 -0.0444958 -0.0304213 -0.0596617 0.0482234 0.00317962 0.0136003 0.0512869 -0.0483987 0.0291891 0.0135616 -0.0460764
internal_weight=27160.2 14007.7 13152.4 782.466 12785.8 1221.95 427.841 905.532 12370 1705.17 511.824 292.976 327.568 10664.8 877.894 516.139 139.813 1193.34 43.537 298.522 301.748 226.478 129.319 72.0442 68.7859 281.846 153.163 603.784 252.258 214.828
internal_count=376193 205116 171077 8160 194939 10177 3586 6192 162917 17548 4302 2395 2111 145369 10080 5251 1223 13246 273 2449 2136 2084 1137 365 530 2288 1172 4056 1332 1715
is_linear=0
shrinkage=0.08


Tree=25
num_leaves=31
num_cat=0
split_feature=7 7 14 7 14 14 0 0 3 4 7 14 12 0 12 14 7 2 5 2 4 0 7 4 12 7 3 12 12 14
split_gain=22087.6 2037.97 282.368 277.319 312.844 173.794 168.204 104.464 88.8983 109.897 79.571 75.2141 67.6297 50.6522 39.0225 34.5415 40.931 33.4879 26.0564 25.8042 36.0198 25.674 22.8291 21.8489 19.7956 19.2224 84.8447 35.799 18.8993 16.5818
threshold=0.63196593523025524 1.0000000180025095e-35 1.0000000180025095e-35 0.79469618201255809 1.0000000180025095e-35 1.0000000180025095e-35 0.92501389980316173 0.91428884863853466 0.44590643048286444 0.70106381177902233 0.46882475912570959 1.0000000180025095e-35 1.0000000180025095e-35 0.72420981526374828 -1.0000000180025095e-35 1.0000000180025095e-35 0.97064974904060375 0.88548010587692272 1.5000000000000002 0.70064935088157665 0.73956522345542919 0.76035815477371227 0.87531095743179332 0.9767441749572755 -1.0000000180025095e-35 0.56615138053894054 0.88589513301849376 -1.0000000180025095e-35 -1.0000000180025095e-35 1.0000000180025095e-35
decision_type=2 2 2 2 2 2 2 2 2 2 2 2 2 2 2 2 2 2 2 2 2 2 2 2 2 2 2 2 2 2
left_child=1 5 10 4 -2 -1 19 17 9 11 -3 -5 -13 23 15 -10 -17 21 -9 20 -6 -7 29 -12 -21 -4 -27 -28 -8 -11
right_child=3 2 25 8 6 7 28 18 14 22 13 12 -14 -15 -16 16 -18 -19 -20 24 -22 -23 -24 -25 -26 26 27 -29 -30 -31
leaf_value=0.079710809227016316 0.083834458400729769 -0.042705076246005697 -0.085105957661979731 0.074304875905081474 -0.060879452312837319 -0.056759674232081982 0.015135351994778824 0.075126466711286047 0.086556649073655414 0.087601646999006647 -0.058599763158243307 0.09136589288514374 -0.011949489311077923 0.078357870967724688 0.084791259595907095 0.034149640023474218 0.081969101472451275 0.081171637134145894 0.025323989947151626 -0.045519709076002661 -0.0045629465465436342 -0.012238786765456184 0.08002869179993366 0.068021382701584504 0.056763668676261862 -0.076672311184081826 -0.064883733242867087 0.14475076780648435 0.081961357829816284 0.024058081913850497
leaf_weight=298.2782387137413 472.32770094275475 156.4167577624321 11221.690149549395 154.52915095537901 219.87092769145966 124.65004789084196 35.504096999764442 79.623720429837704 325.24979676306248 37.941229231655598 33.9557094424963 48.66493122279644 243.16636570543051 85.045166559517384 8902.777442522347 293.57228522002697 187.86634968966246 19.208133667707443 432.10425001382828 19.340070821344852 108.58108757436275 247.49338555335999 1007.9888793826103 11.736036248505114 32.392603754997253 349.97647893428802 7.6237665936350849 16.48998099565506 114.2254281938076 85.533542282879353
leaf_count=4026 6605 1228 186938 1876 2070 1298 263 643 4678 485 222 319 1337 917 132459 2820 2326 101 3047 102 584 1199 12786 73 241 5238 48 99 1429 498
internal_value=-0.000194075 -0.0725317 -0.0825706 0.0768216 0.0364923 0.026766 -0.0057052 0.0092788 0.0804026 0.0627905 -0.00420446 0.0291757 0.00527908 0.0418586 0.0832646 0.0664162 0.0528097 -0.0218345 0.0330731 -0.0339906 -0.0422621 -0.0271511 0.0760515 -0.0260768 0.0185254 -0.0845113 -0.0666717 0.078473 0.0661155 0.0435837
internal_weight=25373.8 13084.3 11882.9 12289.5 1002.24 1201.36 529.914 903.08 11287.3 1577.82 287.154 446.36 291.831 130.737 9709.47 806.688 481.439 391.352 511.728 380.185 328.452 372.143 1131.46 45.6917 51.7327 11595.8 374.09 24.1137 149.73 123.475
internal_count=375955 205077 194763 170878 11294 10314 4689 6288 159584 17301 2440 3532 1656 1212 142283 9824 5146 2598 3690 2997 2654 2497 13769 295 343 192323 5385 147 1692 983
is_linear=0
shrinkage=0.08


Tree=26
num_leaves=31
num_cat=0
split_feature=7 7 7 0 0 3 4 7 3 7 2 4 4 12 12 2 12 12 3 12 5 4 5 5 12 7 12 4 12 5
split_gain=20079.2 1939.13 279.062 272.355 141.522 91.1915 106.469 90.1998 155.95 54.6958 43.7854 49.903 43.5268 43.1257 35.3772 35.2313 35.0589 30.0235 27.0856 125.955 28.332 26.4319 49.1457 25.1965 24.3141 24.311 23.8062 22.9374 24.4126 22.8875
threshold=0.63196593523025524 1.0000000180025095e-35 0.79469618201255809 0.87501323223114025 0.86018571257591259 0.44590643048286444 0.69337606430053722 0.57392227649688732 0.72377106547355663 0.92352676391601574 0.74601566791534435 0.60749301314353954 0.10102041065692903 -1.0000000180025095e-35 1.0000000180025095e-35 0.75905716419219982 -1.0000000180025095e-35 1.0000000180025095e-35 0.88047617673873912 1.0000000180025095e-35 1.0000000180025095e-35 0.13423423469066623 2.5000000000000004 1.0000000180025095e-35 -1.0000000180025095e-35 0.93035691976547252 1.0000000180025095e-35 0.9767441749572755 1.0000000180025095e-35 1.5000000000000002
decision_type=2 2 2 2 2 2 2 2 2 2 2 2 2 2 2 2 2 2 2 2 2 2 2 2 2 2 2 2 2 2
left_child=1 4 3 10 15 6 9 18 27 14 11 -2 -6 21 -4 23 -10 -13 -3 20 -20 -7 -23 -1 -5 -8 -11 -9 -29 -14
right_child=2 7 5 24 12 13 25 8 16 26 -12 17 29 -15 -16 -17 -18 -19 19 -21 -22 22 -24 -25 -26 -27 -28 28 -30 -31
leaf_value=0.17034447972424135 -0.049641597027108325 -0.084177583991867005 0.072972723148442414 0.034430937392115259 0.053819089899004462 0.072812319023549205 0.053517532212039066 -0.07675483775098392 -0.031078562248551832 0.094811360549241427 0.070773167563154785 0.087279692444777984 0.052014503812052068 0.084132826525741181 -0.035198354581362112 0.032929099701778146 0.095813949524316155 -0.0054823201610506534 0.27171133785832491 0.11347736407491964 -0.075234694408046754 0.058099556067209124 -0.045678076578342684 -0.045968113246750965 0.079156920344436804 0.081554081949547913 0.035969796329564811 0.28358046797704106 -0.019485295322040769 0.0040186555952254274
leaf_weight=3.5083914101123801 205.27387870848179 10198.980619058013 23.630754068493843 94.189093489199877 597.21844185143709 570.96814263612032 261.91376810520887 250.91537023335695 18.856682412326336 53.462798558175564 34.707544356584549 26.501321651041508 87.701908349990845 8279.9687426537275 106.816645629704 50.120200678706169 53.389275185763836 141.8931650519371 1.5111682713031758 24.058535948395729 474.93101213499904 153.20150262117386 36.083738043904305 194.82923348248005 446.75885196402669 810.38000886142254 248.7513392791152 1.8259438201785112 24.872485034167767 231.2605088353157
leaf_count=22 2122 182635 221 954 5962 7469 2697 3954 188 495 401 239 635 132461 644 329 582 974 11 245 6906 1883 416 1787 6504 11188 2147 16 297 1569
internal_value=-0.000208698 -0.07163 0.0756831 0.0341384 0.0265533 0.0794232 0.0611897 -0.0819789 -0.0420066 0.0276915 -0.0151788 -0.0231622 0.0410758 0.0824585 -0.015603 -0.0269981 0.0626941 0.00911623 -0.0832859 -0.065116 -0.0741343 0.0642236 0.0383163 -0.0421418 0.0713693 0.074706 0.0463791 -0.0692538 0.00124181 0.0172156
internal_weight=23708.5 12214 11494.5 949.324 1164.64 10545.2 1504.96 11049.3 349.86 432.662 408.376 373.668 916.181 9040.22 130.447 248.458 72.246 168.394 10699.5 500.501 476.442 760.253 189.285 198.338 540.948 1072.29 302.214 277.614 26.6984 318.962
internal_count=375953 205138 170815 11194 10304 159621 17392 194834 5037 3507 3736 3335 8166 142229 865 2138 770 1213 189797 7162 6917 9768 2299 1809 7458 13885 2642 4267 313 2204
is_linear=0
shrinkage=0.08


Tree=27
num_leaves=31
num_cat=0
split_feature=7 7 14 0 7 14 7 14 0 12 14 3 5 0 7 0 12 12 3 0 1 14 5 1 0 12 5 0 1 8
split_gain=18390.4 1730.48 475.269 182.463 203.465 160.662 118.936 114.7 88.1606 81.4064 66.9983 65.543 78.7668 60.2715 46.75 69.6422 40.4032 38.6867 37.3757 29.6249 69.8128 53.0626 26.9937 25.9658 23.8477 51.2133 21.01 18.7328 18.2082 14.8268
threshold=0.66849818825721752 1.0000000180025095e-35 1.0000000180025095e-35 0.70477411150932323 0.8956778645515443 1.0000000180025095e-35 0.5413949489593507 1.0000000180025095e-35 0.76668736338615429 -1.0000000180025095e-35 1.0000000180025095e-35 0.89512962102890026 1.5000000000000002 0.45003840327262884 0.58260074257850658 0.91036328673362743 1.0000000180025095e-35 -1.0000000180025095e-35 0.90595519542694103 0.41921134293079382 0.43951219320297247 1.0000000180025095e-35 1.5000000000000002 1.0000000180025095e-35 0.7805088758468629 1.0000000180025095e-35 1.0000000180025095e-35 1.0000000180025095e-35 0.97894504666328441 0.72922423481941234
decision_type=2 2 2 2 2 2 2 2 2 2 2 2 2 2 2 2 2 2 2 2 2 2 2 2 2 2 2 2 2 2
left_child=1 5 6 4 7 -1 24 -2 26 10 -5 12 -12 16 -4 23 -9 -17 22 -6 21 -21 -10 -16 27 -26 -7 -3 -20 -15
right_child=3 2 14 9 19 8 -8 13 18 -11 11 -13 -14 29 15 17 -18 -19 28 20 -22 -23 -24 -25 25 -27 -28 -29 -30 -31
leaf_value=0.078898789068769293 0.074979888511402845 0.025045758358065055 -0.084065125341694844 0.085481837261710908 0.078687857012378765 0.17610500490446179 0.069911188913282324 0.10035965041549905 0.031121472508152958 0.083322768209722897 0.079714742756042845 0.06054735357901337 -0.034971873888565243 -0.068648631170880492 -0.0068946353174044982 -0.060995087518207265 -0.00059610627710930577 0.091347784762060305 0.084920966947303167 0.072395538027793457 0.081762752903961233 -0.0037078478572142221 -0.013221884285737564 -0.077242661893353631 -0.030934438248569365 0.10579037048649585 -0.061208233578435287 -0.07397195090986429 0.030207110262612413 -0.009254389134606758
leaf_weight=265.46519910544157 126.31006658822298 14.670746468007563 9788.5990083441138 312.80970449373126 826.20827211812139 2.4376934021711341 141.3643947429955 29.183311879634857 130.73530697077513 7926.1710792966187 55.06555887684226 307.65507506206632 126.07902480661869 107.81217909604311 38.486171081662178 16.59610428661108 194.20166461914778 29.868501968681812 44.817505568265915 92.222608737647533 284.39477913826704 160.99960699677467 267.89151994138956 263.40145828947425 79.058458864688873 22.530167829245329 116.20620927214622 73.440212115645409 296.18531160056591 35.841514013707638
leaf_count=3971 1685 82 189066 5067 11677 10 1743 256 688 135875 602 3731 1115 886 375 106 1098 215 384 1260 4323 1002 1332 4107 512 187 1311 804 2507 207
internal_value=-0.000216633 -0.0698322 -0.0799597 0.0760205 0.0532508 0.0245083 0.014365 0.00922456 0.0076852 0.0808657 0.0565707 0.0380688 -0.000108658 -0.013404 -0.0830402 -0.0542412 0.0125929 0.0369344 0.0179542 0.0691768 0.0545601 0.0240087 0.00132115 -0.0682743 -0.0270282 -0.000611823 -0.0563323 -0.0574852 0.0373981 -0.0538298
internal_weight=22176.7 11591.8 10468 10585 1857.17 1123.74 331.064 493.349 858.274 8727.78 801.609 488.8 181.145 367.039 10137 348.352 223.385 46.4646 739.63 1363.83 537.617 253.222 398.627 301.888 189.7 101.589 118.644 88.111 341.003 143.654
internal_count=376184 207400 197197 168784 22394 10203 3328 4132 6232 146390 10515 5448 1717 2447 193869 4803 1354 321 4911 18262 6585 2262 2020 4482 1585 699 1321 886 2891 1093
is_linear=0
shrinkage=0.08


Tree=28
num_leaves=31
num_cat=0
split_feature=7 7 0 7 14 14 14 12 0 7 14 7 1 12 8 14 0 3 0 4 7 0 5 5 7 3 12 7 1 7
split_gain=16793.8 1685.33 267.092 288.134 246.709 141.796 101.295 79.4648 73.906 63.2568 62.2394 61.3808 61.2781 46.9992 45.2701 39.2791 74.2477 55.459 36.3741 36.1414 32.206 24.5737 23.2607 19.0586 18.17 82.3685 50.3849 18.0121 17.2746 13.8986
threshold=0.63196593523025524 1.0000000180025095e-35 0.70477411150932323 0.86295148730278026 1.0000000180025095e-35 1.0000000180025095e-35 1.0000000180025095e-35 -1.0000000180025095e-35 0.76668736338615429 0.46113573014736181 1.0000000180025095e-35 0.85127449035644542 0.23166368901729587 1.0000000180025095e-35 0.70018050074577343 1.0000000180025095e-35 0.33743417263031011 0.39780220389366155 0.72420981526374828 0.087595909833908095 0.97713410854339611 0.38896316289901739 1.5000000000000002 1.0000000180025095e-35 0.55273854732513439 0.81530213356018078 -1.0000000180025095e-35 0.93624991178512584 0.87226107716560375 0.25252938270568853
decision_type=2 2 2 2 2 2 2 2 2 2 2 2 2 2 2 2 2 2 2 2 2 2 2 2 2 2 2 2 2 2
left_child=1 5 3 6 9 -1 -2 10 23 29 -4 14 13 -8 -12 -5 27 -18 21 22 -13 -11 -10 -7 -6 -26 -27 -17 -21 -3
right_child=2 4 7 15 24 8 12 -9 19 18 11 20 -14 -15 -16 16 17 -19 -20 28 -22 -23 -24 -25 25 26 -28 -29 -30 -31
leaf_value=0.076675848339629121 0.068699159861023387 0.09813894623296715 0.084491555916586553 0.08158823428735712 -0.083892343939751979 0.16922720861323756 0.11497711944100447 0.08263382925853055 0.076737263590414967 0.073100161070048575 -0.062655583276907137 0.034967317022391538 -0.063187301615436828 -0.010511916598429918 0.058602197867302482 0.03909054036809663 -0.0014277171095394986 0.067189771320119732 0.071140610893319231 -0.027600548639586431 0.082980746542133957 -0.055773848207722576 0.024994056283743946 -0.056923683349897065 -0.07673856072895513 -0.068325355668928445 0.14446100664588282 0.079129041485602347 0.010773324673451037 -0.046985959959239459
leaf_weight=249.10301557555795 88.861206907778978 4.3698309585452071 299.68581608310342 539.16634440794587 8883.7695648111403 2.4372887015342704 21.221636489033699 7438.8835550695658 66.91069570928812 13.313397608697413 58.934009838849306 258.33269414678216 162.97693063691258 191.15950531885028 29.60249100625515 86.005768593400717 204.56008427590132 119.37753992155194 77.650178525596857 111.65846884995699 136.73658905178308 32.79569449275732 329.00657699257135 111.00955391675234 377.42470589280128 11.699937243014576 18.200915522873402 438.75100975111127 229.17393467575312 126.06559471040964
leaf_count=3975 1170 26 5213 9034 185217 10 172 136898 572 89 401 2829 1675 1156 277 950 1278 1472 918 598 2017 244 2613 1311 7087 108 123 6584 1158 1125
internal_value=-0.000136073 -0.0702048 0.0738995 0.0464535 -0.0810075 0.0235954 -0.00810572 0.0800818 0.00804316 -0.0032507 0.0558449 0.0380929 -0.0262883 0.00202725 -0.0221126 0.0647028 0.0539757 0.0238592 0.0377196 0.0172988 0.0515851 -0.0185632 0.0337387 -0.0520651 -0.0831348 -0.0666128 0.0611996 0.0725669 -0.00179816 -0.042124
internal_weight=20718.8 10644.6 10074.3 1852.08 9545.29 1099.3 464.219 8222.18 850.197 254.195 783.292 483.606 375.358 212.381 88.5365 1387.86 848.694 323.938 123.759 736.75 395.069 46.1091 395.917 113.447 9291.1 407.326 29.9009 524.757 340.832 130.435
internal_count=376300 205174 171126 23491 194937 10237 4173 147635 6262 2402 10737 5524 3003 1328 678 19318 10284 2750 1251 4941 4846 333 3185 1321 192535 7318 231 7534 1756 1151
is_linear=0
shrinkage=0.08


Tree=29
num_leaves=31
num_cat=0
split_feature=7 7 7 0 7 3 0 12 12 5 0 3 3 5 1 4 3 0 12 5 12 8 1 5 1 4 1 2 5 7
split_gain=15284.3 1505.43 230.479 202.028 196.696 158.087 81.4761 74.7212 53.3635 91.1998 40.9559 47.1456 38.5729 51.7776 37.0629 33.4407 33.371 33.2791 138.05 31.8735 31.2441 30.6234 23.4518 23.1372 51.1561 21.8567 31.1619 27.7287 17.7829 17.3867
threshold=0.66849818825721752 1.0000000180025095e-35 0.58260074257850658 0.71816566586494457 0.93035691976547252 0.68614074587821972 0.77427735924720775 -1.0000000180025095e-35 1.0000000180025095e-35 1.5000000000000002 0.40885828435420996 0.41223156452178961 0.89512962102890026 1.5000000000000002 0.80259740352630626 0.9767441749572755 0.90595519542694103 0.93572276830673229 1.0000000180025095e-35 1.0000000180025095e-35 -1.0000000180025095e-35 0.45729483664035803 0.8521554470062257 1.5000000000000002 0.79118219017982494 0.32529069483280187 0.44610282778739935 0.26766170561313635 1.0000000180025095e-35 0.83740806579589855
decision_type=2 2 2 2 2 2 2 2 2 2 2 2 2 2 2 2 2 2 2 2 2 2 2 2 2 2 2 2 2 2
left_child=1 6 17 4 8 15 28 12 9 -2 29 -12 13 -5 -15 -4 23 -3 19 -19 -7 -17 -11 -8 -25 26 27 -6 -1 -10
right_child=3 2 5 7 25 20 16 -9 10 22 11 -13 -14 14 -16 21 -18 18 -20 -21 -22 -23 -24 24 -26 -27 -28 -29 -30 -31
leaf_value=0.14395365456276379 0.090285731343121858 -0.082818100830036434 -0.066762869312850373 0.080691758559664276 0.059384966892332545 -0.01290032013960553 0.0389521965671311 0.082297824764201652 0.00086604221039658191 -0.16251186911388535 -0.048458580984034154 0.03862313587195941 0.068665876870859593 -0.11336687889997275 0.015960475386599483 0.096342199490960415 0.044137938499551277 0.29448208479336463 0.12236020266497055 -0.072474819809815391 0.073874248473982315 -0.04414652363707644 0.013879497436216812 -0.077191198118927329 0.014755971164339845 0.074539843930277558 0.07867657239594196 -0.024771156876031847 -0.045903045538001987 0.041311631448619004
leaf_weight=3.2450149841606608 102.56956536695361 8162.5132500976324 234.5549393966794 84.472521498799324 46.635759405791759 36.313618119806051 160.9093212261796 6828.2042555995286 136.9608679227531 12.584460087120535 155.30883472412825 53.494364250451326 472.17965285480022 15.672620683908461 149.11529939621687 16.353956770151854 475.24965331703424 1.5201920270919789 24.934025146067142 433.94862420856953 98.83023527264595 25.27969565987587 7.8224758170545092 45.114013887941837 273.48559206351638 907.91860923543572 91.372246284037828 54.155110217630863 116.94081842899323 135.14306273683906
leaf_count=20 1362 182836 4079 1260 410 361 1126 135565 874 96 1256 676 7354 137 1777 177 5613 11 281 7768 1338 248 106 263 1882 14612 1466 406 1414 1540
internal_value=-0.000195186 -0.068198 -0.078847 0.0740951 0.0492138 -0.0203423 0.0213003 0.0797108 0.0125284 0.0595562 0.000502527 -0.0261487 0.0552257 0.0297658 0.00366043 -0.0550348 0.0291146 -0.0816378 -0.0607115 -0.0711938 0.0505576 0.0110383 -0.0948968 0.0142248 0.00173616 0.0693521 0.0448412 0.0141677 -0.0407769 0.0209537
internal_weight=19362.8 10109.2 9034.25 9253.61 1703.97 411.332 1074.94 7549.64 603.884 122.977 480.907 208.803 721.44 249.26 164.788 276.189 954.759 8622.92 460.403 435.469 135.144 41.6337 20.4069 479.509 318.6 1100.08 192.163 100.791 120.186 272.104
internal_count=376314 207417 197099 168897 22804 6203 10318 146093 5910 1564 4346 1932 10528 3174 1914 4504 8884 190896 8060 7779 1699 425 202 3271 2145 16894 2282 816 1434 2414
is_linear=0
shrinkage=0.08


Tree=30
num_leaves=31
num_cat=0
split_feature=7 7 14 3 7 14 12 7 14 4 14 7 2 1 7 1 14 12 4 11 5 3 8 14 8 12 12 7 3 1
split_gain=13876.6 1433.65 428.395 198.269 147.937 127.237 84.4126 82.6583 67.4115 65.7733 65.4565 61.7104 63.3017 57.1415 40.6177 48.5468 36.1246 43.416 32.2585 24.0183 22.9117 41.9739 21.93 20.1246 19.4266 19.3849 18.6382 17.4922 16.6357 15.4628
threshold=0.66849818825721752 1.0000000180025095e-35 1.0000000180025095e-35 0.49253065884113317 0.88478556275367748 1.0000000180025095e-35 -1.0000000180025095e-35 0.5413949489593507 1.0000000180025095e-35 0.65261757373809826 1.0000000180025095e-35 0.97156333923339855 0.89512962102890026 0.89725545048713695 0.59160795807838451 0.89039039611816417 1.0000000180025095e-35 1.0000000180025095e-35 0.9767441749572755 -1.0000000180025095e-35 1.5000000000000002 0.60640108585357677 0.70018050074577343 1.0000000180025095e-35 0.26518318057060247 1.0000000180025095e-35 1.0000000180025095e-35 0.43256238102912908 0.75716626644134533 0.75162336230278026
decision_type=2 2 2 2 2 2 2 2 2 2 2 2 2 2 2 2 2 2 2 2 2 2 2 2 2 2 2 2 2 2
left_child=1 5 7 4 10 -1 8 24 -5 16 -2 12 -10 20 -4 -16 -6 -18 22 23 21 -7 -12 -8 -3 -17 -20 -26 -25 -22
right_child=3 2 14 6 9 13 19 -9 11 -11 18 -13 -14 -15 15 25 17 -19 26 -21 29 -23 -24 28 27 -27 -28 -29 -30 -31
leaf_value=0.073908323713117174 0.066186173310281718 0.059733562458400738 -0.082838317881755566 0.084573597008745352 0.069959611669896241 -0.047893373872538482 0.084105450436590318 0.067442637581039466 -0.027809332854818375 0.074423314447438452 -0.060036315752351258 0.077669523128485338 0.045164371928504012 0.021491140776438426 -0.065932673391054658 -0.012530791453633512 0.089573476719458575 -0.0033347272551813418 0.089738892561744554 0.081503290723312638 -0.090416877939480791 0.03783393282432173 0.0058095142613342607 -0.17808997734105231 -0.052539655855105546 0.10056439446236799 0.002633195176957205 0.0030916808322316055 0.00019921620412971329 -0.029682241998938666
leaf_weight=229.19761461764574 85.904592245817184 17.7661720700562 7850.1416318193078 258.45775393024087 105.62440071254969 68.570504263043404 13.75760989636183 122.1205055527389 134.6886261254549 755.86596991866827 103.0614374615252 138.41610600426793 174.83204373717308 536.65998373180628 211.16411561146379 26.98187430948019 39.103004716336727 182.08345972746611 17.660104885697365 6445.4961032643914 39.236765570938587 78.283325128257275 47.195437461137772 4.4804582260549095 84.782552048563957 15.143579449504612 143.20619282871485 63.091786190867424 13.268404711037872 84.834485650062561
leaf_count=4020 1309 133 189833 5123 1729 836 297 1705 1197 13295 924 2278 2096 3987 3530 197 329 1161 196 137429 343 520 270 50 832 129 734 583 265 500
internal_value=-0.000286506 -0.067449 -0.0784146 0.0728058 0.0461398 0.0213015 0.0782987 0.0175075 0.0520389 0.0614578 0.0043683 0.0332665 0.0134097 0.00637132 -0.0818209 -0.0502895 0.0314703 0.0130903 -0.0127003 0.0811627 -0.0235787 -0.00219475 -0.0393542 0.0114836 -0.0193078 0.0281255 0.0121958 -0.0288041 -0.0448075 -0.0488892
internal_weight=18091.1 9427.97 8391.19 8663.1 1479.7 1036.78 7183.4 287.761 706.395 1082.68 397.028 447.937 309.521 807.585 8103.43 253.29 326.811 221.186 311.123 6477 270.925 146.854 150.257 31.5065 165.641 42.1255 160.866 147.874 17.7489 124.071
internal_count=375830 207148 196942 168682 19947 10206 148735 3253 10694 16514 3433 5571 3293 6186 193689 3856 3219 1490 2124 138041 2199 1356 1194 612 1548 326 930 1415 315 843
is_linear=0
shrinkage=0.08


Tree=31
num_leaves=31
num_cat=0
split_feature=7 7 14 3 14 7 14 7 12 7 14 2 7 3 2 2 12 4 0 12 4 3 2 12 4 12 11 4 0 14
split_gain=12676 1326.5 474.577 185.17 124.706 124.364 109.451 94.0508 73.7462 65.6246 56.9263 54.9482 53.7462 48.8658 44.5027 37.2977 43.8293 35.9766 24.4767 49.1178 37.4262 21.2718 20.4515 24.5685 19.0829 17.8779 15.163 13.0196 12.0074 11.7171
threshold=0.69282051920890819 1.0000000180025095e-35 1.0000000180025095e-35 0.53427231311798107 1.0000000180025095e-35 0.93624991178512584 1.0000000180025095e-35 0.58260074257850658 -1.0000000180025095e-35 0.59160795807838451 1.0000000180025095e-35 0.72377106547355663 0.97713410854339611 0.81284341216087352 0.89512962102890026 0.23166368901729587 1.0000000180025095e-35 0.6264534890651704 0.7478732466697694 1.0000000180025095e-35 0.9767441749572755 0.85592186450958263 0.43951219320297247 1.0000000180025095e-35 0.82683658599853527 -1.0000000180025095e-35 -1.0000000180025095e-35 0.32529069483280187 0.84260722994804393 1.0000000180025095e-35
decision_type=2 2 2 2 2 2 2 2 2 2 2 2 2 2 2 2 2 2 2 2 2 2 2 2 2 2 2 2 2 2
left_child=1 4 7 5 -1 6 -2 18 10 -4 -5 21 14 24 -12 16 -8 22 20 -20 -3 28 23 -7 -11 -15 29 -17 -6 -10
right_child=3 2 9 8 11 17 15 -9 26 13 12 -13 -14 25 -16 27 -18 -19 19 -21 -22 -23 -24 -25 -26 -27 -28 -29 -30 -31
leaf_value=0.074184320044370769 0.071690380488990221 -0.069854291402828464 -0.082452478728607323 0.084190926908090463 -0.046688734372164788 0.091424659166585265 0.094024713892531225 0.077217087851571428 0.083758021560888227 -0.06773581386636543 -0.018405243062833504 0.020129118560059993 0.08172744571487256 -0.029281982662852438 0.043879817650295729 -0.064002159892061136 -0.00070276917118040005 0.075819316254024757 -0.020268660407548333 0.10308631628463583 0.066413595347603799 0.10240623420814444 0.08059611458193125 0.016835527752911816 -0.0085057680102653219 0.07251932919853972 0.081540513749482915 -0.015437702786870951 -0.012041697889895111 -0.018533832882507654
leaf_weight=214.27150386199355 167.6526815854013 71.70476046949625 7274.1715421527624 236.41292060911655 121.06330357119441 33.719237208366394 36.510809794068336 115.38242929056287 12.275537725538017 211.72379528358579 128.41543359309435 541.88555005937815 114.04866213724017 18.440267246216536 171.42291931807995 66.758247807621956 217.37505758553743 634.37971160188317 79.894641518592834 27.863697994500399 15.728966772556303 8.2150662168860418 64.048619590699673 174.63634118437767 41.663334552198648 27.513148687779903 5891.5506042093039 75.045014072209597 135.85638877749443 17.22022158280015
leaf_count=4024 2978 861 189756 5063 1409 404 484 1983 287 3651 1182 4132 2038 108 2167 510 1474 12280 615 310 90 64 1054 1683 383 278 135636 549 668 312
internal_value=-0.000107148 -0.0658545 -0.0769671 0.0727035 0.0199319 0.0470376 0.017517 0.0199573 0.0784455 -0.0809418 0.0528729 0.00552739 0.0349839 -0.0442319 0.0172042 -0.00543619 0.0129198 0.0653774 -0.0138902 0.011628 -0.0453403 -0.0243158 0.0410601 0.0289067 -0.0579969 0.0316683 0.0812541 -0.0383009 -0.0283678 0.024038
internal_weight=16946.9 8905.38 7884.09 8041.47 1021.29 1470.13 563.342 310.574 6571.35 7573.51 650.3 807.02 413.887 299.341 299.838 395.689 253.886 906.784 195.192 107.758 87.4337 265.135 272.404 208.356 253.387 45.9534 5921.05 141.803 256.92 29.4958
internal_count=376433 208332 198035 168101 10297 21416 5995 3859 146685 194176 10450 6273 5387 4420 3349 3017 1958 15421 1876 925 951 2141 3141 2087 4034 386 136235 1059 2077 599
is_linear=0
shrinkage=0.08


Tree=32
num_leaves=31
num_cat=0
split_feature=7 7 0 14 7 14 12 14 14 7 5 2 0 12 4 1 7 12 0 4 7 3 12 8 2 11 1 5 7 5
split_gain=11543.3 1329.58 256.665 226.151 213.203 117.232 91.6609 84.6536 64.5889 57.6434 59.2401 56.2744 49.375 42.3902 37.1615 45.0098 35.9312 30.853 28.7568 27.3474 20.6747 83.0568 47.0328 25.3062 18.1177 17.4675 17.1879 16.9849 16.5807 15.9919
threshold=0.63196593523025524 1.0000000180025095e-35 0.71816566586494457 1.0000000180025095e-35 0.88478556275367748 1.0000000180025095e-35 -1.0000000180025095e-35 1.0000000180025095e-35 1.0000000180025095e-35 0.97525763511657726 1.5000000000000002 0.23166368901729587 0.75395557284355175 1.0000000180025095e-35 0.41240409016609197 0.48912529647350317 0.46882475912570959 1.0000000180025095e-35 0.72420981526374828 0.087595909833908095 0.5313592553138734 0.8589511811733247 -1.0000000180025095e-35 0.24475114047527316 0.84262126684188854 -1.0000000180025095e-35 0.38165266811847692 1.5000000000000002 0.25252938270568853 1.5000000000000002
decision_type=2 2 2 2 2 2 2 2 2 2 2 2 2 2 2 2 2 2 2 2 2 2 2 2 2 2 2 2 2 2
left_child=1 5 4 16 7 -1 8 -2 -4 10 -10 13 26 -9 15 17 28 -6 -18 27 -5 23 -23 -22 -13 -8 -7 -14 -3 -21
right_child=2 3 6 20 14 12 25 11 9 -11 -12 24 19 -15 -16 -17 18 -19 -20 29 21 22 -24 -25 -26 -27 -28 -29 -30 -31
leaf_value=0.074978211066252964 0.063217726109265654 0.11730156673022059 0.082848707486360224 -0.082709197800187942 0.092945265355438414 0.16445025788658188 0.01997258579624445 0.11179516371240605 0.079470778353437396 0.079773672491999625 -0.0059723548976614227 -0.062433938435786644 0.067570467047930141 -0.0065030821416618458 0.068763739184533115 0.077988048729951187 -0.01780269403673131 -0.0049160646618123145 0.06796416228213302 0.022606553814783378 0.33995504412154859 -0.060589020742140239 0.14158419592302482 -0.075183179726141788 0.10714704429558822 0.080751509937941987 -0.053464443470024846 0.021067059874891408 -0.035621064737551257 -0.014954797182483579
leaf_weight=198.58562779426575 96.252700168639421 4.717967875301837 228.11806631088257 6421.8304675929248 24.087264001369476 2.3761496022343627 30.429821357131004 21.420030791312456 66.032370932400227 109.68190612271428 243.21505140140653 150.72287137433887 60.267516143620014 204.15601214393973 821.52841478586197 95.616688717156649 41.464383162558079 143.17167082801461 63.085589975118637 106.6424458026886 0.9418490082025518 12.172343075275423 18.644184373319149 425.96762110292912 4.1428968831896773 5505.856846857816 92.251023150980473 302.88665746897459 118.79409034177661 226.87465281039476
leaf_count=3985 1609 28 5231 181313 283 13 617 228 796 2091 2603 1683 568 1291 15742 1878 303 1171 910 582 21 137 145 10802 39 135905 1263 2594 1197 1212
internal_value=-5.87091e-05 -0.0668425 0.0697697 -0.0789401 0.0407846 0.0200219 0.0770876 -0.00380628 0.0485963 0.0299449 0.012272 -0.0207635 0.00623001 0.00473017 0.0603864 0.034206 -0.000564607 0.00917712 0.0339491 0.0135949 -0.0815383 -0.0651114 0.061727 -0.0742673 -0.0578974 0.0804174 -0.0479925 0.0287846 -0.0297797 -0.00294452
internal_weight=15841.9 8097.5 7744.43 7107.62 1561.1 989.884 6183.33 476.695 647.047 418.929 309.247 380.442 791.298 225.576 1084.4 262.876 228.062 167.259 104.55 696.671 6879.56 457.726 30.8165 426.909 154.866 5536.29 94.6272 363.154 123.512 333.517
internal_count=376240 205073 171167 194856 23924 10217 147243 4850 10721 5490 3399 3241 6232 1519 19074 3332 2438 1454 1213 4956 192418 11105 282 10823 1722 136522 1276 3162 1225 1794
is_linear=0
shrinkage=0.08


Tree=33
num_leaves=31
num_cat=0
split_feature=0 14 12 14 4 3 12 10 11 2 12 5 1 11 1 0 1 12 3 0 14 1 5 5 12 12 5 1 12 2
split_gain=6069.88 1468.77 1267.14 754.589 511.271 379.436 188.152 93.7767 100.706 93.3428 85.9831 64.0061 34.664 34.0763 32.5954 17.9136 50.7995 21.9852 19.2874 14.7043 21.6661 15.7265 16.3567 13.1261 9.99781 6.98168 5.61328 10.7975 4.68008 4.01033
threshold=0.76668736338615429 1.0000000180025095e-35 1.0000000180025095e-35 1.0000000180025095e-35 0.9767441749572755 0.88589513301849376 1.0000000180025095e-35 1.0000000180025095e-35 1.0000000180025095e-35 0.87298336625099193 -1.0000000180025095e-35 1.5000000000000002 0.99450549483299266 1.0000000180025095e-35 0.92718276381492626 0.35865801572799688 0.45222154259681707 1.0000000180025095e-35 0.26158231496810919 0.90506827831268322 1.0000000180025095e-35 0.84889996051788341 1.0000000180025095e-35 1.5000000000000002 1.0000000180025095e-35 -1.0000000180025095e-35 1.5000000000000002 0.78629976511001598 -1.0000000180025095e-35 0.68614074587821972
decision_type=2 2 2 2 2 2 2 2 2 2 2 2 2 2 2 2 2 2 2 2 2 2 2 2 2 2 2 2 2 2
left_child=1 15 3 25 9 7 -6 23 -9 13 11 -7 -12 14 -3 -1 17 -17 -19 20 -4 22 -22 -5 29 26 -2 -28 -11 -18
right_child=2 4 19 5 6 10 -8 8 -10 28 12 -13 -14 -15 -16 16 24 18 -20 -21 21 -23 -24 -25 -26 -27 27 -29 -30 -31
leaf_value=0.078783334978367023 0.083266100166863435 -0.076072863840660324 0.083848697291187213 0.019616673883871314 0.09084469714185113 0.083677120379394218 -0.023904344727650448 -0.053473814775892435 0.085330407375203574 -0.00041611130371542411 0.076242872904154949 -0.015313099932247878 0.032646882313133681 0.061164523975714834 -0.036042797648269981 0.087662007455525312 0.030278033196602223 0.03526543380840147 -0.022441449606827337 0.082508204476354319 0.079414267325331564 0.071190565975157924 0.018649357045392622 -0.01236885281628651 0.082376591712048794 0.077726790841668489 -0.12146065385583649 0.057562224564695508 0.086776560943455136 0.069782560012638814
leaf_weight=226.93380990251899 61.809367351233959 5342.1503078863025 314.5213505551219 123.33828175067902 101.49776645377278 47.058090426027775 923.91502419486642 983.42472192272544 34.630651574581861 4.7482955902814892 142.05473302304745 374.40920152142644 654.63619969785213 11.7710731215775 133.43776163831353 24.445484325289726 39.552403852343559 72.550900068134069 75.791745692491531 3391.9579732753336 38.652080684900284 160.49446450173855 106.38004148378968 245.66070385277271 195.4178643040359 757.06555607914925 2.1813238784670821 187.13710151985288 23.138218961656094 28.152074560523033
leaf_count=4812 1498 154980 8215 642 2181 823 19704 24412 890 89 2850 7489 12200 192 3114 471 735 1231 1157 91359 864 4081 2511 1240 4922 18535 31 3987 473 630
internal_value=-0.000258492 -0.052919 0.0494883 0.0151252 -0.0644188 -0.00761729 -0.0125462 -0.0362289 -0.0487522 -0.0740631 0.0249613 -0.00426054 0.0404203 -0.074805 -0.0750973 0.0605559 0.0510668 0.0173658 0.00578163 0.0804375 0.0691097 0.0539368 0.0348436 -0.00167766 0.0731977 0.0738926 0.0623336 0.0554995 0.0719301 0.0467043
internal_weight=14828.9 7203.5 7625.41 3613.41 6540.66 2605.21 1025.41 1387.05 1018.06 5515.25 1218.16 421.467 796.691 5487.36 5475.59 662.844 435.91 172.788 148.343 4012.01 620.048 305.527 145.032 368.999 263.122 1008.19 251.128 189.318 27.8865 67.7045
internal_count=376318 194691 181627 74597 180733 50546 21885 27184 25302 158848 23362 8312 15050 158286 158094 13958 9146 2859 2388 107030 15671 7456 3375 1882 6287 24051 5516 4018 562 1365
is_linear=0
shrinkage=0.08


Tree=34
num_leaves=31
num_cat=0
split_feature=7 7 14 3 7 14 14 7 7 0 4 0 14 7 3 5 5 1 4 4 1 3 0 4 7 2 5 3 11 2
split_gain=9813.75 1087.83 383.504 156.916 126.508 99.7821 91.6195 69.4062 58.9094 79.0778 32.853 32.6001 32.4252 107.06 84.3621 35.8942 25.388 34.7252 22.7513 22.358 20.7439 20.5535 19.5119 28.3106 23.0911 17.0734 18.1279 14.0646 13.043 10.8746
threshold=0.69282051920890819 1.0000000180025095e-35 1.0000000180025095e-35 0.58397436141967785 0.93624991178512584 1.0000000180025095e-35 1.0000000180025095e-35 0.58260074257850658 0.55273854732513439 0.92501389980316173 0.53923079371452343 0.86018571257591259 1.0000000180025095e-35 0.97713410854339611 0.89512962102890026 1.0000000180025095e-35 1.5000000000000002 0.75905716419219982 0.5604878067970277 0.9767441749572755 0.43951219320297247 0.28759399056434637 0.7478732466697694 0.9767441749572755 0.43341544270515447 0.87570226192474376 1.0000000180025095e-35 0.74322345852851879 -1.0000000180025095e-35 0.63224515318870556
decision_type=2 2 2 2 2 2 2 2 2 2 2 2 2 2 2 2 2 2 2 2 2 2 2 2 2 2 2 2 2 2
left_child=1 5 7 4 6 -1 -2 22 -4 19 29 25 -5 14 15 -14 27 -18 20 -10 21 -6 23 -3 -24 26 -7 -13 -16 -8
right_child=3 2 8 12 18 11 10 -9 9 -11 -12 16 13 -15 28 -17 17 -19 -20 -21 -22 -23 24 -25 -26 -27 -28 -29 -30 -31
leaf_value=0.071078974222875027 0.068395169043272863 -0.065613397486519939 -0.082011680381999699 0.082916763361135418 0.050628793627409387 0.15526530082174494 -0.040973328109347305 0.070902829090396816 -0.071457051990100481 0.043158024421464658 0.013431069093979354 0.01475981134928934 0.092360975248570482 0.081648264585825442 -0.035399644064509288 0.0056815338672607874 -0.10050118155822077 0.0093410020127521563 0.074200530428370479 -0.014165970362068793 0.076182255006131308 -0.0071286251701188474 -0.022521988656424591 0.052620983241599605 0.053658305943118635 0.065845478497263923 -0.035166695398546485 0.07082013075803878 0.067375153169117519 0.041254274353817913
leaf_weight=172.98097959905863 158.98758247867227 65.467075154185295 5721.4367426428944 2538.1410152278841 106.80066995322704 3.2600351125001898 129.82976618036628 95.836755212396383 324.86563534289598 50.185427471995354 262.2073454670608 50.511430233716965 34.228694003075361 1793.7220500484109 8.0123726539313775 286.47199900820851 19.204273074865341 450.97475969791412 605.69079081341624 50.352193854749203 93.926864210516214 62.512547221034765 59.568616561591625 16.160550966858864 44.478766318410635 12.313939094543455 171.56843163445592 66.151937246322632 578.06588581576943 11.179765433073042
leaf_count=3972 3454 839 185178 73583 1123 14 977 1979 8054 495 2145 224 619 50073 167 5133 119 3398 13625 600 1948 535 436 93 483 74 1769 670 14034 119
internal_value=-0.000309061 -0.0639022 -0.0756945 0.0700111 0.0465344 0.0161481 0.0169642 0.0156122 -0.0798762 -0.0511546 -0.00331489 0.00387143 0.0764246 0.0703229 0.0479198 0.0149329 0.0131431 0.00485454 0.0656666 -0.0637689 0.0460307 0.029304 -0.0129263 -0.0422055 0.010044 -0.0252028 -0.0316157 0.0465478 0.0659701 -0.034454
internal_weight=14045.1 7375.32 6428.35 6669.78 1431.14 946.966 562.204 281.512 6146.84 425.403 403.217 773.985 5238.64 2700.5 906.779 320.701 586.842 470.179 868.931 375.218 263.24 169.313 185.675 81.6276 104.047 187.142 174.828 116.663 586.078 141.01
internal_count=375932 208397 198157 167535 23926 10240 6695 3830 194327 9149 3241 6268 143609 70026 19953 5752 4411 3517 17231 8654 3606 1658 1851 932 919 1857 1783 894 14201 1096
is_linear=0
shrinkage=0.08


Tree=35
num_leaves=31
num_cat=0
split_feature=7 7 0 14 7 12 14 14 14 7 5 12 5 1 0 7 0 1 12 7 2 12 5 11 8 0 7 14 1 8
split_gain=8974.68 1091.38 216.49 192.494 156.698 97.2684 92.9309 77.2802 59.8313 51.3412 50.9415 40.7644 66.1133 32.592 32.5397 30.1386 26.7801 48.6412 25.4892 25.2179 75.2162 50.8393 24.5863 22.7646 19.1675 18.8823 18.0158 30.1505 17.5308 14.9523
threshold=0.63196593523025524 1.0000000180025095e-35 0.67323356866836559 1.0000000180025095e-35 0.93035691976547252 -1.0000000180025095e-35 1.0000000180025095e-35 1.0000000180025095e-35 1.0000000180025095e-35 0.97713410854339611 1.5000000000000002 1.0000000180025095e-35 1.0000000180025095e-35 0.80259740352630626 0.41921134293079382 0.46882475912570959 0.42565836012363439 0.45222154259681707 1.0000000180025095e-35 0.5313592553138734 0.81530213356018078 -1.0000000180025095e-35 1.5000000000000002 -1.0000000180025095e-35 0.30564402043819433 0.71124362945556652 0.76384064555168163 1.0000000180025095e-35 0.16807910054922107 0.25071428716182714
decision_type=2 2 2 2 2 2 2 2 2 2 2 2 2 2 2 2 2 2 2 2 2 2 2 2 2 2 2 2 2 2
left_child=1 6 4 15 7 8 -1 -2 -4 10 -10 12 -9 22 -13 29 -6 18 -18 -5 24 -22 -8 -7 -21 28 27 -25 -17 -3
right_child=2 3 5 19 16 23 13 11 9 -11 -12 14 -14 -15 -16 25 17 -19 -20 20 21 -23 -24 26 -26 -27 -28 -29 -30 -31
leaf_value=0.070573812861027679 0.06258119370727179 0.060331219449685197 0.081820978037125194 -0.082048896063463717 0.07386568483507823 0.0054052898056474374 -0.0049456288629292954 0.11387870008941192 0.07603843597162302 0.078321913754423045 -0.0052345304898158453 0.0013585196181884268 -0.079306630918532448 0.012979845009420522 -0.045925084511779735 0.065595352680281549 0.090373577727037246 0.082207964255459967 0.0047833644232494347 0.090251402560818567 -0.06530119599153078 0.13026801497563109 -0.069496281612231356 0.081733279926039584 -0.074226979943231824 0.060054571208448718 0.080261344703867754 0.021219409579383088 -0.051485416570813208 -0.038465994167152212
leaf_weight=163.85753814317286 121.06797907873988 10.758355282247065 184.71818040311337 5185.1949255038053 466.12345928698778 26.967075139284134 110.85427150130272 37.518699176609516 61.697089623659849 94.842090304940939 246.80230940878391 217.19911392405629 16.24725678563118 591.60460605472326 163.09031576290727 12.133633207529781 25.990047764033079 122.96249104291201 155.50693762302399 4.5950847733765832 14.355605470016597 20.881027184426785 57.274702865630388 127.08561215177178 343.84371159039438 56.162080701440573 4303.0847464092076 90.020327374339104 25.150064241141081 110.50570153072476
leaf_count=4010 2543 71 5214 181431 10569 599 1169 508 852 2076 2701 1532 171 4552 1834 91 366 3110 1630 128 192 170 495 3742 10665 917 132592 1185 200 1156
internal_value=-1.87203e-06 -0.0648229 0.0672897 -0.0777187 0.0384681 0.0747302 0.0159317 0.00606312 0.0441137 0.0268449 0.0110193 -0.00970107 0.055501 0.0041466 -0.0189195 -0.00338973 0.0618125 0.0433593 0.0170397 -0.0805845 -0.0607938 0.050592 -0.0269354 0.0786897 -0.0720579 0.0307541 0.0791269 0.0566419 -0.0133826 -0.0297009
internal_weight=13168.1 6707.17 6460.92 5783.58 1325.71 5135.22 923.591 555.123 588.06 403.341 308.499 434.055 53.766 759.734 380.289 214.71 770.583 304.459 181.497 5568.87 383.675 35.2366 168.129 4547.16 348.439 93.4458 4520.19 217.106 37.2837 121.264
internal_count=376471 205247 171224 195021 22263 148961 10226 6588 10843 5629 3553 4045 679 6216 3366 2435 15675 5106 1996 192586 11155 362 1664 138118 10793 1208 137519 4927 291 1227
is_linear=0
shrinkage=0.08


Tree=36
num_leaves=31
num_cat=0
split_feature=7 7 14 3 7 14 12 14 7 7 14 1 7 5 0 5 12 12 1 12 14 3 1 0 12 0 11 0 5 1
split_gain=8141.1 939.914 344.851 172.603 114.588 86.2832 79.2479 76.2867 66.2429 65.3879 49.3821 46.3229 41.4098 41.3425 32.9719 29.3236 57.2148 29.8569 25.6459 24.0138 17.3587 29.5086 39.5733 15.5289 39.6279 25.3341 15.2817 15.0283 20.0539 12.68
threshold=0.69282051920890819 1.0000000180025095e-35 1.0000000180025095e-35 0.59317129850387584 0.93624991178512584 1.0000000180025095e-35 -1.0000000180025095e-35 1.0000000180025095e-35 0.58260074257850658 0.56615138053894054 1.0000000180025095e-35 0.88493064045906078 0.97349813580513012 1.5000000000000002 0.76035815477371227 1.5000000000000002 1.0000000180025095e-35 1.0000000180025095e-35 1.0000000180025095e-35 1.0000000180025095e-35 1.0000000180025095e-35 0.14724480360746386 0.44610282778739935 0.72420981526374828 1.0000000180025095e-35 1.0000000180025095e-35 -1.0000000180025095e-35 0.93329787254333507 1.5000000000000002 0.38165266811847692
decision_type=2 2 2 2 2 2 2 2 2 2 2 2 2 2 2 2 2 2 2 2 2 2 2 2 2 2 2 2 2 2
left_child=1 5 8 4 7 -1 10 -2 23 -4 -5 18 13 -12 29 16 -9 -17 -11 -13 -6 -22 -23 25 -25 -3 -8 -16 -29 -7
right_child=3 2 9 6 20 14 26 15 -10 11 12 19 -14 -15 27 17 -18 -19 -20 -21 21 22 -24 24 -26 -27 -28 28 -30 -31
leaf_value=0.068236087564671158 0.064291603514720935 0.047956383043696038 -0.081406310326703424 0.082825301854645234 0.078476821411893327 0.15402242300140936 0.018639632096439377 0.083650609012558719 0.072740152777403644 -0.0031785246284099129 0.079833417588014058 -0.014246817296917709 0.074763418169000104 -0.0019118957890111711 -0.0045748247070809076 -0.14466294597234006 -0.01040753297922304 0.06618197030008835 -0.069477874155662103 0.096788706477686198 0.071154300469444307 0.0065012644005588913 0.072832092846253055 -0.020409004139017063 0.098001939586841919 -0.065716429555218434 0.079508691336363277 0.069910557124313169 0.012256474350188146 -0.049790520846243087
leaf_weight=152.14175064489245 142.80231898836792 16.033912852406502 4956.2050633877516 160.11690524965525 268.83035633899271 2.0010717138648024 26.572903381660581 47.383993331342936 85.800265079364181 44.727760799229145 48.510776583105326 40.400910317897797 94.747609596699476 215.46658831089735 314.77998762205243 17.144016947597269 327.19756788760424 5.7365741599351159 226.08350901305676 18.028348296880722 278.42836312577128 144.69843433052301 95.592819541692734 77.323535662144423 23.61177071928978 57.714886695146561 3991.7675114162266 44.137254819273949 308.42151262611151 82.344065822660923
leaf_count=3981 3545 97 186908 4931 7614 12 602 654 1991 520 723 382 2180 2391 1630 134 2427 86 6106 214 6522 1102 2272 624 311 818 132287 561 2751 1285
internal_value=-0.000328576 -0.0623556 -0.0746843 0.0678827 0.0425136 0.0132941 0.075307 0.0141392 0.0151761 -0.0791129 0.0458834 -0.0445893 0.0293943 0.0131103 0.0021738 -0.00387978 0.00149068 -0.0918003 -0.0585277 0.0200132 0.0619786 0.0534283 0.032889 -0.0130978 0.00729084 -0.0410025 0.0791062 0.00813044 0.0194743 -0.0449551
internal_weight=12314.8 6449.76 5545.93 5865 1327.81 903.826 4537.18 540.264 260.484 5285.45 518.842 329.241 358.725 263.977 751.684 397.462 374.582 22.8806 270.811 58.4293 787.55 518.72 240.291 174.684 100.935 73.7488 4018.34 667.339 352.559 84.3451
internal_count=375661 208191 197971 167470 24356 10220 143114 6846 3841 194130 10225 7222 5294 3114 6239 3301 3081 220 6626 596 17510 9896 3374 1850 935 915 132889 4942 3312 1297
is_linear=0
shrinkage=0.08


Tree=37
num_leaves=31
num_cat=0
split_feature=7 7 14 0 7 12 14 7 0 7 14 14 7 4 12 12 1 4 0 0 11 0 1 12 0 7 3 0 12 1
split_gain=7398.01 922.469 305.138 156.519 102.194 94.8137 76.4531 70.6031 63.1688 61.5084 60.4874 57.1778 48.2642 44.3921 37.4535 29.5396 54.7156 28.1466 26.2203 21.6077 19.5324 17.2265 40.8728 19.1089 16.7013 15.9383 28.3103 13.9509 37.4774 13.275
threshold=0.69282051920890819 1.0000000180025095e-35 1.0000000180025095e-35 0.71124362945556652 0.94085851311683666 -1.0000000180025095e-35 1.0000000180025095e-35 0.55273854732513439 0.90863835811615001 0.57392227649688732 1.0000000180025095e-35 1.0000000180025095e-35 0.97156333923339855 0.10102041065692903 1.0000000180025095e-35 1.0000000180025095e-35 0.50333333015441906 0.9767441749572755 0.66489356756210338 0.42252655327320104 -1.0000000180025095e-35 0.42565836012363439 0.43951219320297247 1.0000000180025095e-35 0.89923658967018139 0.76384064555168163 0.78629976511001598 0.71124362945556652 1.0000000180025095e-35 0.92718276381492626
decision_type=2 2 2 2 2 2 2 2 2 2 2 2 2 2 2 2 2 2 2 2 2 2 2 2 2 2 2 2 2 2
left_child=1 6 9 4 10 11 -1 -4 17 27 -2 -5 13 -13 -10 16 -12 -9 -8 -17 24 -6 23 -23 -7 26 -22 -3 -29 -20
right_child=3 2 7 5 21 20 18 8 14 -11 15 12 -14 -15 -16 19 -18 -19 29 -21 25 22 -24 -25 -26 -27 -28 28 -30 -31
leaf_value=0.067175623568855064 0.062969738624352761 -0.044172871931378595 -0.081315594562406904 0.08261094090161511 0.072346445236948678 -0.13524383455882347 -0.052505811579045318 -0.069790698408589286 -0.011691150880395452 0.067654956423014681 0.11130466195597619 0.031250999582258354 0.074211210743114361 -0.037005787078063679 0.12602429168383453 0.005707033244292635 -0.053686293048930571 -0.0030197059364489303 -0.0087204100979094042 -0.036360963322743703 -0.0087902446196183402 0.089179330392765807 0.078994240635652843 0.009606347398445762 0.03769835117307322 0.079780451475915726 0.075586946193390445 -0.022821729068033099 0.098441768782414771 0.015001873502491395
leaf_weight=144.08852783590555 122.73860791325569 67.711027208715677 4544.1649503558874 152.24683423340321 392.44144807197154 4.2600951418280628 49.853430390357971 259.41655635274947 40.904620783403516 84.492580991238356 35.908292811363935 169.98285450413823 91.283947348594666 95.096740886569023 18.290202528238297 200.55266346782446 20.044663932174444 47.85857173986733 220.23432904481888 128.02503469958901 36.340706950053573 22.301948364824057 139.30008670315146 144.18635103851557 22.183590516448021 3652.3275192510337 84.914357397705317 76.139614142477512 20.758363543078303 480.06900201737881
leaf_count=4004 3099 885 185327 5053 10102 67 846 7863 381 2050 573 2222 2214 903 227 1428 169 593 1588 1017 590 354 4063 1554 538 131037 2778 615 276 3861
internal_value=-0.000152427 -0.0612093 -0.0742098 0.066882 0.0414007 0.0740113 0.0138027 -0.0785915 -0.0448129 0.0121685 0.0140732 0.0415732 0.0240409 0.00676402 0.0308606 -0.00153412 0.0521981 -0.059391 0.003551 -0.0106841 0.078353 0.0612544 0.0470191 0.0202656 0.00983725 0.0788331 0.0502987 -0.0163122 0.00315644 0.00754159
internal_weight=11568.1 6053.98 5159.74 5514.14 1205.5 4308.64 894.245 4910.63 366.47 249.102 507.269 508.61 356.364 265.08 59.1948 384.531 55.953 307.275 750.157 328.578 3800.03 698.23 305.788 166.488 26.4437 3773.58 121.255 164.609 96.898 700.303
internal_count=376277 208516 198217 167761 22359 145402 10299 194391 9064 3826 6286 10392 5339 3125 608 3187 742 8456 6295 2445 135010 16073 5971 1908 605 134405 3368 1776 891 5449
is_linear=0
shrinkage=0.08


Tree=38
num_leaves=31
num_cat=0
split_feature=7 7 0 14 7 12 14 14 14 7 5 4 4 7 0 12 4 12 4 1 7 7 14 12 1 2 5 5 1 1
split_gain=6724.97 889.781 224.999 174.742 139.048 112.317 71.7183 71.047 59.4567 47.1857 50.3751 36.909 28.1966 27.9239 63.7539 45.9297 24.9062 24.2714 23.617 25.8094 21.2319 20.5247 30.6162 26.0972 18.2665 15.5157 15.3979 15.2574 14.8964 15.3906
threshold=0.63196593523025524 1.0000000180025095e-35 0.71816566586494457 1.0000000180025095e-35 0.93624991178512584 -1.0000000180025095e-35 1.0000000180025095e-35 1.0000000180025095e-35 1.0000000180025095e-35 0.97253990173339855 1.5000000000000002 0.41421362757682806 0.1123737394809723 0.5313592553138734 0.89046147465705883 1.0000000180025095e-35 0.9767441749572755 1.0000000180025095e-35 0.32529069483280187 0.48912529647350317 0.46882475912570959 0.7510683834552766 1.0000000180025095e-35 1.0000000180025095e-35 0.87226107716560375 0.26766170561313635 1.0000000180025095e-35 1.5000000000000002 0.47140522301197058 0.16807910054922107
decision_type=2 2 2 2 2 2 2 2 2 2 2 2 2 2 2 2 2 2 2 2 2 2 2 2 2 2 2 2 2 2
left_child=1 7 4 20 6 8 -2 -1 -4 10 -10 -8 27 -5 16 -16 -15 -13 19 25 -3 22 -7 -24 26 -6 -14 -9 29 -22
right_child=2 3 5 13 18 21 11 12 9 -11 -12 17 24 14 15 -17 -18 -19 -20 -21 28 -23 23 -25 -26 -27 -28 -29 -30 -31
leaf_value=0.064768037467103426 0.059083178158210299 -0.025470029826830554 0.080796368962491108 -0.08141283990297106 0.043687271799652649 0.081501615821360132 -0.04433740350952925 0.051526202495277361 0.076501760652272849 0.073074071992912049 -0.010983607273369802 0.067151801699266905 0.13581947815262252 -0.07932581480083277 -0.012313026386164772 0.18144814371040938 -0.00031287947374208431 -0.0028039139491229017 0.065898793725777643 0.07705652723500174 0.063949088357083544 0.078934195425633499 -0.038269533650391575 0.056996450195236963 0.00040080683482909818 -0.02297230271942418 -0.039966999216898072 0.0096729152857537234 0.051938580116182971 -0.059668726338279833
leaf_weight=135.61117421463132 122.15948617085814 109.55560860782862 146.19143323227763 4113.7272775135934 37.895527258515358 88.747219564393163 138.81919684633613 68.388667702674866 51.454421181231737 84.213798711076379 232.28882079198956 35.899641431868076 3.2626816779375067 246.5004608258605 33.765422342345119 10.193254251033066 28.482535947114229 274.0518583394587 539.24987746216357 47.277051759883761 9.6466799601912516 3425.9568097759038 35.038654200732708 38.762863887473941 225.99642165005207 54.467595776543021 141.42962452024221 301.50094261392951 55.964073315262794 19.42578075453639
leaf_count=4015 3128 1195 5197 181481 401 3209 1657 787 781 2205 2505 593 15 9841 521 89 661 2163 14309 1326 75 132076 366 610 1229 469 1495 2751 974 173
internal_value=-0.000294311 -0.06239 0.0635529 -0.0763875 0.0338354 0.072606 0.00473787 0.0115325 0.0376361 0.0204883 0.00488112 -0.0100554 0.00178428 -0.0796448 -0.056841 0.0326168 -0.0711417 0.0052986 0.0583058 0.0289839 -0.00218871 0.0776163 0.0498403 0.0117671 -0.0138089 0.00437735 -0.0360032 0.0174111 0.0278055 -0.0186505
internal_weight=10855.9 5503.45 5352.47 4627.26 1249.82 4102.65 570.93 876.19 514.148 367.957 283.743 448.771 740.578 4432.67 318.942 43.9587 274.983 309.951 678.89 139.64 194.592 3588.51 162.549 73.8015 370.689 92.3631 144.692 369.89 85.0365 29.0725
internal_count=376297 205302 170995 195010 24046 146949 7541 10292 10688 5491 3286 4413 6277 192593 11112 610 10502 2756 16505 2196 2417 136261 4185 976 2739 870 1510 3538 1222 248
is_linear=0
shrinkage=0.08


Tree=39
num_leaves=31
num_cat=0
split_feature=7 7 14 1 7 7 12 5 14 7 14 7 14 4 1 12 4 4 7 14 5 3 11 3 12 1 5 14 3 12
split_gain=6130.26 804.645 268.57 165.29 107.071 71.3546 69.5611 67.7148 64.9482 51.2089 46.9108 74.0831 37.5981 41.829 37.553 32.4355 29.5357 25.4684 23.6565 23.6503 22.474 21.7487 20.9032 19.4395 15.6442 14.6034 15.0607 12.4139 12.011 25.7902
threshold=0.69282051920890819 1.0000000180025095e-35 1.0000000180025095e-35 0.81892696022987377 0.8464345932006837 0.56615138053894054 -1.0000000180025095e-35 1.5000000000000002 1.0000000180025095e-35 0.58260074257850658 1.0000000180025095e-35 0.96984851360321056 1.0000000180025095e-35 0.12060606107115747 0.88493064045906078 1.0000000180025095e-35 0.087595909833908095 0.9767441749572755 0.97446763515472423 1.0000000180025095e-35 1.0000000180025095e-35 0.62115561962127697 -1.0000000180025095e-35 0.14724480360746386 -1.0000000180025095e-35 0.87226107716560375 1.5000000000000002 1.0000000180025095e-35 0.83752354979515087 -1.0000000180025095e-35
decision_type=2 2 2 2 2 2 2 2 2 2 2 2 2 2 2 2 2 2 2 2 2 2 2 2 2 2 2 2 2 2
left_child=1 8 9 4 7 -4 12 15 -1 28 -6 23 -5 -14 17 20 -10 -7 -15 -9 -2 -17 27 -12 -16 26 -18 -8 -3 -30
right_child=3 2 5 6 10 14 22 19 16 -11 11 -13 13 18 24 21 25 -19 -20 -21 -22 -23 -24 -25 -26 -27 -28 -29 29 -31
leaf_value=0.064019586763875355 0.11082866710093521 -0.031877166920627337 -0.080514313754866687 0.082212217133974336 0.076243101063527302 -0.065937824684333624 0.08254695624200567 0.062841879017773009 0.019290521097983845 0.065378499095079395 0.032837717470333955 0.060214037762693309 0.049346348147750255 -0.032668962578501763 -0.032028111778537587 -0.0094383172937663826 -0.011349577688548411 0.001626658394195134 0.070229164744540024 -0.14491158476667981 -0.015944481205526301 0.070662494876553267 0.079209044562544947 -0.010817985583467389 0.05459830433270902 -0.00039909755469096976 -0.062165975587862292 -0.044552901784987171 -0.044844018588296057 0.059480143767480426
leaf_weight=127.3647187538445 31.353157360106707 102.07974454760551 3932.8111780397594 119.76520968787372 376.05319028347731 192.7161105889827 7.5877089668065318 4.070343658328059 343.85413183271885 73.391708647832274 113.73659790121019 487.18257685936987 211.31058860570192 79.418576195836067 22.337090807035565 197.43757123500109 92.160866592079401 43.826346732676029 17.439263269305229 25.332498531788588 12.524782750755547 24.371916303411126 2991.3261997327209 153.22730476036668 33.13400617428124 239.11171341687441 62.734916068613529 13.978514295071363 27.395992238074541 33.971727730706334
leaf_count=4007 672 1223 186914 4637 13296 6132 255 149 3347 2000 1841 12560 3747 696 214 1732 1047 497 406 191 218 761 124305 2115 403 1322 555 295 221 420
internal_value=-4.49356e-05 -0.0593419 -0.0730341 0.0648669 0.0419582 -0.0776813 0.0743564 -0.000953454 0.0112636 0.0098646 0.0531622 0.041653 0.0441746 0.0293918 -0.0395267 0.0117952 0.00215722 -0.0534195 -0.0141421 -0.116152 0.0746418 -0.000637024 0.0786432 0.00778098 0.0197156 -0.0127952 -0.0319309 0.000165022 -0.0150624 0.0129074
internal_weight=10193 5326.89 4461.66 4866.12 1425.29 4224.82 3440.83 295.09 865.226 236.839 1130.2 754.146 427.934 308.168 292.014 265.687 737.862 236.542 96.8578 29.4028 43.8779 221.809 3012.89 266.964 55.4711 394.007 154.896 21.5662 163.447 61.3677
internal_count=376178 208302 198024 167876 33535 194160 134341 3723 10278 3864 29812 16516 9486 4849 7246 3383 6271 6629 1102 340 890 2493 124855 3956 617 2924 1602 550 1864 641
is_linear=0
shrinkage=0.08


Tree=40
num_leaves=31
num_cat=0
split_feature=7 7 14 0 12 14 7 7 14 14 7 7 5 3 12 5 0 1 5 1 1 8 5 1 3 7 14 3 12 0
split_gain=5519.4 775.289 273.373 172.415 97.8027 83.3352 82.3928 73.9833 55.791 50.7192 42.3494 39.7707 34.043 33.4252 31.2014 58.0009 31.0547 22.387 22.3744 22.3527 21.525 19.8005 19.6585 15.5803 14.137 24.8693 22.9082 13.0213 28.1698 17.6968
threshold=0.69282051920890819 1.0000000180025095e-35 1.0000000180025095e-35 0.71816566586494457 -1.0000000180025095e-35 1.0000000180025095e-35 0.96984851360321056 0.58260074257850658 1.0000000180025095e-35 1.0000000180025095e-35 0.58260074257850658 0.97349813580513012 1.5000000000000002 0.58017763495445263 1.0000000180025095e-35 1.5000000000000002 0.41254629194736486 0.75162336230278026 1.0000000180025095e-35 1.0000000180025095e-35 0.48912529647350317 0.76825228333473217 1.5000000000000002 0.77058029174804699 0.78629976511001598 0.79469618201255809 1.0000000180025095e-35 0.82426470518112194 -1.0000000180025095e-35 1.0000000180025095e-35
decision_type=2 2 2 2 2 2 2 2 2 2 2 2 2 2 2 2 2 2 2 2 2 2 2 2 2 2 2 2 2 2
left_child=1 8 10 5 9 -2 14 -4 23 -5 27 12 -11 19 15 -7 -8 22 -15 -9 -18 -16 -10 -1 25 26 -6 29 -29 -3
right_child=3 2 7 4 24 6 16 13 17 11 -12 -13 -14 18 21 -17 20 -19 -20 -21 -22 -23 -24 -25 -26 -27 -28 28 -30 -31
leaf_value=-0.046353974791223378 0.070925249387716674 0.045037584029132167 -0.080158989200751207 0.082039296962473265 0.077729536152000525 0.092271532590548364 0.06998572930651864 -0.0038420959938995258 -0.010089476885323342 0.071533227984718867 0.064924708903974657 0.073318330720434727 -0.0060767240660965704 0.18216223422674543 -0.021910638041245753 -0.089010230470655163 0.0033887170331815854 0.0092579882722415539 -0.0017527637661551912 -0.073600391635380791 0.073259077013032622 0.022245285039567998 -0.085128762162507227 0.069644998664506561 0.079795488101011461 0.070612695514608401 -0.040473560542074759 -0.039377302817958725 0.06871952144574342 -0.04391899135399531
leaf_weight=7.9369603898376218 304.29759342968464 17.388930752873421 3689.5170438978821 120.18254310451448 17.686961011961102 48.069567138329148 206.88148351944983 39.764230653643608 91.745321113616228 43.373956244438887 68.904109489172697 73.79895394295454 217.84938147291541 4.4885005615651599 273.9179740678519 14.765066679567097 107.32008988410234 612.02573262900114 74.51261661760509 112.76910528726876 38.285409724339843 85.214285055175424 29.537052668631077 111.71949349716306 2484.8912299815565 512.86560803093016 25.800011064857244 28.754015471786261 33.294122945517302 80.902644399553537
leaf_count=168 10485 108 188872 5036 683 913 5977 416 1081 741 1992 2187 2463 37 2126 133 891 4883 847 3961 1067 958 345 3833 112186 21711 254 237 427 1075
internal_value=-9.32207e-05 -0.0581652 -0.0724417 0.063412 0.0720382 0.0354527 0.0215149 -0.0774062 0.0113004 0.0374543 0.0124726 0.0214603 0.00680976 -0.0335397 -0.00233405 0.0496734 0.0500648 0.00303558 0.00869649 -0.055415 0.0217604 -0.0114334 -0.0283645 0.0619506 0.0772146 0.0656875 0.00760184 -0.010068 0.0186259 -0.0281815
internal_weight=9578.46 5003.26 4150.3 4575.2 3496.45 1078.75 774.454 3921.05 852.965 455.205 229.244 335.022 261.223 231.534 421.967 62.8346 352.487 733.308 79.0011 152.533 145.605 359.132 121.282 119.656 3041.24 556.353 43.487 160.34 62.0481 98.2916
internal_count=376093 208282 197972 167811 145261 22550 12065 194133 10310 10427 3839 5391 3204 5261 4130 1046 7935 6309 884 4377 1958 3084 1426 4001 134834 22648 937 1847 664 1183
is_linear=0
shrinkage=0.08


Tree=41
num_leaves=31
num_cat=0
split_feature=8 14 8 3 8 8 2 12 4 14 4 0 4 12 14 4 12 0 5 2 12 12 4 5 12 3 12 3 14 12
split_gain=3846.1 868.821 492.742 287.363 172.553 93.1891 108.627 91.3734 69.7119 65.1636 42.1118 42.0324 39.013 42.7681 38.8375 35.4983 34.4332 31.7592 28.5718 36.6613 28.0176 26.8742 24.668 20.1813 24.5264 15.5012 26.1387 15.0008 23.5504 17.2787
threshold=0.53866082429885875 1.0000000180025095e-35 1.0000000180025095e-35 0.58397436141967785 0.72240144014358532 0.45291082561016088 0.8589511811733247 -1.0000000180025095e-35 0.9767441749572755 1.0000000180025095e-35 0.52679425477981578 0.7478732466697694 0.9767441749572755 1.0000000180025095e-35 1.0000000180025095e-35 0.9767441749572755 -1.0000000180025095e-35 0.41254629194736486 1.5000000000000002 0.89512962102890026 -1.0000000180025095e-35 1.0000000180025095e-35 0.087595909833908095 1.0000000180025095e-35 1.0000000180025095e-35 0.45199692249298101 -1.0000000180025095e-35 0.78629976511001598 1.0000000180025095e-35 1.0000000180025095e-35
decision_type=2 2 2 2 2 2 2 2 2 2 2 2 2 2 2 2 2 2 2 2 2 2 2 2 2 2 2 2 2 2
left_child=1 11 22 4 9 12 8 14 -7 -2 23 15 -4 -14 -5 25 -13 21 -16 -20 -8 -11 -3 24 -6 26 -1 28 -9 -30
right_child=3 2 5 7 10 6 20 27 -10 17 -12 16 13 -15 18 -17 -18 -19 19 -21 -22 -23 -24 -25 -26 -27 -28 -29 29 -31
leaf_value=0.25181630276970263 0.057076449634977815 0.018091359764145044 -0.078490667275087606 0.080264734868337129 0.091106992625865968 -0.066541340449819186 -0.022883739032250244 0.081855540640035834 0.011960172093430466 0.08942881223844204 0.065564111186933505 0.0048100025205184476 0.11941013798705152 -0.054732801604567956 0.074417184457776842 0.064481637784978535 0.069726237953259634 -0.055668185888830657 -0.030490439232147382 0.033369179301589447 0.076633771015907889 -0.018382678132571759 -0.011491988823133516 0.060154879368696838 -0.0067238637852603403 0.02676504923609763 -0.055359266660299208 0.079474994878271379 0.011171132828716564 0.059387526600871404
leaf_weight=1.8310062065720547 58.784602956846356 338.14778665453196 2798.3044428098947 93.536160994321108 18.680368868634105 472.38643205538392 26.934287829324603 229.1244289893657 85.502997659146786 16.84808399155736 356.64247687347233 61.159492917358875 9.2727952972054464 338.92432048544288 53.180312156677246 47.212962264195085 360.74753125570714 189.50983568094671 91.254410807043314 155.70893482118845 55.235701743513346 121.57380008883774 386.67119786515832 59.394215065985918 134.39403412491083 28.18184769898653 55.891966480761766 2121.8710111584514 66.191895106807351 169.04454719275236
leaf_count=29 1908 3346 154060 4308 381 22474 550 11013 1544 560 11732 1213 256 13358 1251 1101 13804 5195 1099 2852 2065 1964 2914 1755 1542 620 957 103111 2027 6963
internal_value=-0.00041224 -0.0465005 -0.0581206 0.0589164 0.020748 -0.069688 -0.0418618 0.0711592 -0.0545101 -0.0204869 0.0487674 0.0479498 -0.0753484 -0.0500952 0.0352537 0.00875613 0.060316 -0.0343907 0.0212266 0.00977267 0.0440132 -0.00526035 0.00230945 0.020573 0.00521488 -0.0218704 -0.0456155 0.0766247 0.0636007 0.0458202
internal_weight=9002.14 5066.4 4511.38 3935.74 955.827 3786.56 640.059 2979.91 557.889 386.716 569.111 555.025 3146.5 348.197 393.68 133.118 421.907 327.932 300.144 246.963 82.17 138.422 724.819 212.469 153.074 85.9048 57.723 2586.23 464.361 235.236
internal_count=375952 218291 200567 157661 25037 194307 26633 132624 24018 9627 15410 17724 167674 13614 9510 2707 15017 7719 5202 3951 2615 2524 6260 3678 1923 1606 986 123114 20003 8990
is_linear=0
shrinkage=0.08


Tree=42
num_leaves=31
num_cat=0
split_feature=7 7 14 3 7 14 7 14 7 3 1 14 5 7 4 4 4 0 3 5 8 1 2 7 1 4 1 4 0 4
split_gain=4543.51 707.238 223.933 164.395 81.7194 62.2396 62.4264 55.1709 143.063 85.1512 53.7462 48.1109 41.3101 38.2307 28.894 23.2945 21.1768 19.6097 16.7483 15.9352 15.4754 15.167 12.3897 11.9504 18.1263 11.8695 11.8089 11.1619 14.5448 11.0232
threshold=0.69282051920890819 1.0000000180025095e-35 1.0000000180025095e-35 0.53907206654548656 0.55273854732513439 1.0000000180025095e-35 0.96984851360321056 1.0000000180025095e-35 0.97813406586647045 0.86391696333885204 0.88493064045906078 1.0000000180025095e-35 1.0000000180025095e-35 0.60336247086524974 0.65058138966560375 0.45368783175945288 0.9767441749572755 0.66489356756210338 0.39780220389366155 1.5000000000000002 0.92071351408958446 0.48331478238105779 0.63224515318870556 0.43256238102912908 0.83457711338996898 0.31643131375312811 0.99450549483299266 0.10582306981086732 0.82226496934890758 0.52041664719581615
decision_type=2 2 2 2 2 2 2 2 2 2 2 2 2 2 2 2 2 2 2 2 2 2 2 2 2 2 2 2 2 2
left_child=1 11 13 5 -4 29 15 -5 9 12 16 -1 -9 23 18 22 -6 21 -8 -17 -11 25 -7 -3 -25 -13 -12 28 -19 -2
right_child=3 2 4 7 10 6 14 8 -10 20 26 17 -14 -15 -16 19 -18 27 -20 -21 -22 -23 -24 24 -26 -27 -28 -29 -30 -31
leaf_value=0.061231042059732989 0.03982279223180625 -0.032551031278854753 -0.080252344867061842 0.081530763578631815 -0.064662113642421026 -0.037555739958806039 0.0016126564648024106 0.088135763066715736 0.078961605705325372 0.060514181407199552 0.12384590288501425 0.16738818811634371 -0.018275744251320631 0.067802919040665183 0.066856418019263175 0.014344044735668773 -0.0045812131564129058 -0.061445694383949666 0.065199886952749961 -0.14729984703128812 0.021241057806748068 -0.068484618337443751 0.055894491783566633 -0.022847592758565002 0.052689738352637433 -0.031577559768284094 0.018642915463937034 -0.0038008757891713082 0.020290261328371331 0.077291164063963969
leaf_weight=105.70180997252464 69.657677976414561 83.858704425394535 3101.0608035195619 1420.8200739175081 193.34442079439759 110.11194994859397 99.6107213255018 26.185392370447516 1010.7485873550177 335.28449691087008 7.9203565735369912 3.363548792898654 215.51288263872266 51.146162180230021 190.14412984438241 283.32957505434752 46.594739535823464 14.54493924975395 36.123909888789058 3.957693386822938 79.426248231902719 37.656917288899422 9.8959335256367904 46.292938455939293 36.253598337993026 4.4677819088101387 49.539920600131154 324.39543164521456 331.49591226875782 180.38653534278274
leaf_count=3980 2047 953 185029 74972 7819 876 778 619 50591 12393 92 61 4666 1770 6369 3057 605 157 813 35 2860 705 112 526 579 73 591 2015 3229 7440
internal_value=-0.000156661 -0.0561499 -0.0713736 0.0608765 -0.0764106 0.0323869 0.0206325 0.0699476 0.060076 0.0309956 -0.0363519 0.01085 -0.00674721 0.00731175 0.0467299 -0.000248181 -0.0529948 0.0034116 0.0185355 0.0121172 0.0529925 -0.0474185 -0.0298498 -0.0112808 0.0103276 0.053878 0.0331442 0.00686035 0.0168547 0.0668532
internal_weight=8508.83 4437.64 3616.01 4071.2 3398.46 983.218 733.174 3087.98 1667.16 656.409 297.399 821.626 241.698 217.551 325.879 407.295 239.939 715.925 135.735 287.287 414.711 45.4882 120.008 166.405 82.5465 7.83133 57.4603 670.436 346.041 250.044
internal_count=375812 208184 197964 167628 194136 21527 12040 146101 71129 20538 9107 10220 5285 3828 7960 4080 8424 6240 1591 3092 15253 839 988 2058 1105 134 683 5401 3386 9487
is_linear=0
shrinkage=0.08


Tree=43
num_leaves=31
num_cat=0
split_feature=7 7 3 7 12 3 7 4 12 3 12 5 4 2 0 8 5 2 12 5 8 8 11 5 7 3 7 4 4 5
split_gain=4120.42 677.707 171.743 170.936 85.4586 82.7175 73.4723 32.2263 31.2065 30.296 67.9188 26.5654 25.5944 33.8157 24.908 23.8198 23.4264 39.2643 22.1302 20.0214 18.4087 20.8347 14.2548 13.3304 12.3569 11.3669 23.4305 11.0473 10.1856 9.70433
threshold=0.69282051920890819 1.0000000180025095e-35 0.64461454749107372 0.55891487002372753 -1.0000000180025095e-35 0.53907206654548656 0.93624991178512584 0.82683658599853527 1.0000000180025095e-35 0.87298336625099193 1.0000000180025095e-35 1.0000000180025095e-35 0.52679425477981578 0.44562648236751562 0.66489356756210338 0.43085423111915594 1.5000000000000002 0.90366768836975109 1.0000000180025095e-35 4.5000000000000009 0.76322147250175487 0.54353401064872753 -1.0000000180025095e-35 1.0000000180025095e-35 0.46113573014736181 0.78629976511001598 0.76384064555168163 0.13714733719825747 0.087595909833908095 1.5000000000000002
decision_type=2 2 2 2 2 2 2 2 2 2 2 2 2 2 2 2 2 2 2 2 2 2 2 2 2 2 2 2 2 2
left_child=1 14 6 9 16 7 20 -5 27 -3 11 -11 13 18 23 -9 -4 19 -8 -18 21 -2 -6 -1 -12 26 -24 -7 29 -16
right_child=2 3 4 5 22 8 12 15 -10 10 24 -13 -14 -15 28 -17 17 -19 -20 -21 -22 -23 25 -25 -26 -27 -28 -29 -30 -31
leaf_value=0.13268967622331332 0.020989991078433214 -0.078965723459948345 0.07775627581612167 -0.070471060107868855 0.0067599031741327562 0.021832809472577725 0.088028492007905634 0.078585527119739859 0.077121229103296274 0.28712924653546079 0.080007536145373037 -0.060599851730748132 0.064224411203959136 0.073435734305557207 0.05074987189781488 -0.035492597123575505 -0.0073892852101257326 0.047762512730095602 -0.0037163870816913805 -0.31491203711283772 0.037296086775479617 -0.016768091474383941 -0.013576079710047501 -0.056896197695924626 0.25409605310665656 0.079346543720548265 0.069244864957547836 -0.036889847488565518 0.0045660845869620274 0.017253767088839668
leaf_weight=2.510108007118105 183.15960727445781 2835.0733781130984 69.230890220031142 142.31455714255571 18.648597342893481 55.23322644084692 19.333845963701606 17.649639785289764 54.43844186514616 1.4174493886530388 6.811909915879367 175.50440686754882 391.58078453689814 77.107515724375844 66.814119236543775 34.833504946902394 112.73988036811352 199.29717578552663 129.76411231979728 1.371420333161949 123.79969401657581 191.12713087536395 23.429124405607581 43.649811089038849 4.2297365572303534 1968.6295702215284 326.74004134535789 32.607907829806209 378.06904989480972 322.7562184240669
leaf_count=18 2356 179976 2492 6235 572 1045 380 246 1563 10 75 7118 15351 3163 1145 530 1766 5604 1524 17 2823 2655 443 853 126 111391 16898 657 3373 4915
internal_value=-7.71354e-06 -0.0550141 0.0598448 -0.0708784 0.0706868 -0.0168419 0.0334161 -0.050711 0.0295289 -0.0769036 -0.0458003 -0.0578139 0.0518483 0.0304242 0.0104884 0.00287092 0.0356396 0.0263362 0.00818036 -0.0110852 0.0105542 0.00170907 0.076424 -0.0465868 0.146696 0.0769842 0.0637035 3.41043e-05 0.0139204 0.0229986
internal_weight=8009.87 4173.91 3835.96 3360.11 2720.09 337.077 1115.87 194.798 142.28 3023.04 187.964 176.922 617.786 226.205 813.799 52.4831 382.639 313.408 149.098 114.111 498.086 374.287 2337.45 46.1599 11.0416 2318.8 350.169 87.8411 767.639 389.57
internal_count=375320 207885 167435 197581 139183 10276 28252 7011 3265 187305 7329 7128 20418 5067 10304 776 9879 7387 1904 1783 7834 5011 129304 871 201 128732 17341 1702 9433 6060
is_linear=0
shrinkage=0.08


Tree=44
num_leaves=31
num_cat=0
split_feature=7 8 14 3 14 7 7 12 14 2 4 2 12 7 14 4 0 0 7 7 5 8 5 3 2 3 0 0 2 4
split_gain=3773.98 626.37 213.494 163.387 144.96 133.897 64.7837 60.084 47.6922 44.7568 34.7089 35.922 33.4367 29.1128 27.7593 23.7405 20.1039 19.9982 19.5207 19.4864 19.4581 18.4471 16.8403 20.5456 16.5011 31.0917 13.4599 11.6158 10.2136 8.6467
threshold=0.69282051920890819 0.20789610594511035 1.0000000180025095e-35 0.79388421773910534 1.0000000180025095e-35 0.98739472031593334 0.5313592553138734 -1.0000000180025095e-35 1.0000000180025095e-35 0.81284341216087352 0.41742423176765447 0.89512962102890026 -1.0000000180025095e-35 0.42821606993675237 1.0000000180025095e-35 0.86425063014030468 0.72420981526374828 0.66489356756210338 0.46583126485347753 0.97713410854339611 1.5000000000000002 0.72922423481941234 1.5000000000000002 0.76253134012222301 0.48912529647350317 0.16108107566833499 0.45003840327262884 0.85716116428375255 0.93063354492187511 0.10990338027477266
decision_type=2 2 2 2 2 2 2 2 2 2 2 2 2 2 2 2 2 2 2 2 2 2 2 2 2 2 2 2 2 2
left_child=1 8 13 4 -2 10 -4 14 27 15 11 -6 -11 -3 -5 -8 26 18 -10 20 -16 -12 23 -19 25 -7 -15 29 -24 -1
right_child=3 2 6 7 5 24 9 -9 17 12 21 -13 -14 16 19 -17 -18 22 -20 -21 -22 -23 28 -25 -26 -27 -28 -29 -30 -31
leaf_value=-0.17405910293582813 0.074743026810804067 -0.031242561072554201 -0.080425860830734205 0.08153582426004953 -0.034252275066034447 0.068974512611841107 -0.066222031292778677 0.07845381203812872 -0.050352888349351262 -0.048555330696693551 0.0013336202339015032 0.073574112140545683 0.082942225686418874 0.04088238960672768 0.080749037905704285 -0.0061391158710531251 0.05816641241100029 0.0060176825298221895 0.37954117376338842 0.073262681466584795 0.0036733871896092959 0.040151513096640466 -0.013274734062782798 0.065017762521964256 0.077633990400533259 0.013886320638094991 -0.04215303631094993 0.06857417998606119 0.0098339736481759948 0.013850232348733558
leaf_weight=1.854057179763912 483.06844042148441 72.410534381866455 2586.627043813467 76.368048345670104 230.11417506635189 147.92488194815814 232.60528329759836 1823.7273106109351 55.787765732035041 21.713445596396923 245.47915197536349 21.632699079811573 28.777390537783504 21.830935005098581 24.214727982878685 51.387268904596567 76.635198511183262 109.21781040728092 0.68430229835212131 44.264816746115685 156.08560020849109 115.08245170675218 274.11550681293011 57.746240748092532 151.57911842316389 117.77719396725297 29.211282178759575 90.833103273063898 221.17250358685851 10.130728060379623
leaf_count=38 24507 895 180226 4218 3460 5386 11380 111094 1753 256 2401 596 357 251 612 900 2227 788 23 1716 2115 2542 1766 694 7648 1649 400 3759 2373 239
internal_value=-8.83902e-05 -0.0543066 -0.0706657 0.0586824 0.0385877 0.0216242 -0.0761417 0.0729889 0.00784502 -0.0430111 -0.00219206 -0.0249867 0.0263921 0.00927822 0.0398705 -0.0553503 0.032259 0.000554607 -0.0451436 0.0257014 0.0140248 0.0137233 0.00445142 0.0264235 0.0565715 0.0445557 -0.00663849 0.0588069 -0.00295546 -0.0152195
internal_weight=7580.06 3942.74 3121.2 3637.32 1512.66 1029.59 2921.11 2124.66 821.542 334.483 612.308 251.747 50.4908 200.088 300.933 283.993 127.677 718.724 56.4721 224.565 180.3 360.562 662.252 166.964 417.281 265.702 51.0422 102.818 495.288 11.9848
internal_count=376269 208325 196892 167944 48189 23682 193119 119755 11433 12893 8999 4056 613 3773 8661 12280 2878 7397 1776 4443 2727 4943 5621 1482 14683 7035 651 4036 4139 277
is_linear=0
shrinkage=0.08


Tree=45
num_leaves=31
num_cat=0
split_feature=8 14 8 3 8 12 8 2 4 12 4 12 5 14 4 3 12 4 11 5 2 0 3 14 12 14 14 0 3 3
split_gain=2574.79 647.04 383.874 215.141 103.363 102.66 91.9762 82.1953 73.2355 49.5676 44.3584 39.7067 39.6367 37.7432 35.7309 33.7793 34.1855 33.331 30.5691 27.7092 32.1378 22.9841 23.5507 18.1684 17.4068 17.2255 15.1066 14.9868 13.8823 13.8806
threshold=0.55428233742713939 1.0000000180025095e-35 1.0000000180025095e-35 0.51316702365875255 0.45291082561016088 -1.0000000180025095e-35 0.76322147250175487 0.90070420503616344 0.9767441749572755 1.0000000180025095e-35 0.9767441749572755 1.0000000180025095e-35 1.5000000000000002 1.0000000180025095e-35 0.65261757373809826 0.56562754511833202 -1.0000000180025095e-35 0.58411949872970592 -1.0000000180025095e-35 1.5000000000000002 0.89512962102890026 0.41921134293079382 0.39780220389366155 1.0000000180025095e-35 1.0000000180025095e-35 1.0000000180025095e-35 1.0000000180025095e-35 0.9233020842075349 0.66300368309021007 0.78629976511001598
decision_type=2 2 2 2 2 2 2 2 2 2 2 2 2 2 2 2 2 2 2 2 2 2 2 2 2 2 2 2 2 2
left_child=1 15 -3 6 10 13 9 8 -6 12 27 -12 -2 -5 23 17 -17 -1 26 -15 -21 25 -23 -8 -9 -11 -7 -4 -28 -20
right_child=3 2 4 5 7 18 14 24 -10 21 11 -13 -14 19 -16 16 -18 -19 29 20 -22 22 -24 -25 -26 -27 28 -29 -30 -31
leaf_value=-0.037612430436093226 0.094171185040220401 0.00034729363515363258 -0.078952362679088298 0.079306035478743611 -0.060659506406089532 0.081698684593327769 0.062401683116921743 0.011700368219151528 0.018631740095449628 0.066201921766297828 0.13211341699354676 -0.048405132081445423 -0.10619977014131436 0.070133378423006987 0.066484265827474728 0.0010778471183104223 0.068902719259171588 0.047487513805402268 0.062554124395287888 -0.032921426586831892 0.027830342321833419 -0.065634823629853484 0.017691353550842188 0.0029374913596998788 0.091873081509743743 -0.015051706782185268 -0.28551986877372326 -0.053189518436168315 -0.043121934464405438 0.079004146426846639
leaf_weight=53.639806863851845 39.451966592110693 701.74788758158684 1917.9400063930079 71.294286286458373 418.15003856178373 5.5415155235677966 43.564238666556776 41.441879108548164 90.725811149924994 19.384597051888704 8.0249564591795188 276.11986457090825 7.5233094003051511 46.777635926380754 205.82537639141083 56.387156832031906 303.82003628835082 65.332156767137349 416.7937886333093 95.377071952447295 134.05910168215632 113.11806903779507 26.8633301127702 134.13329188339412 29.791192905046046 120.48267190344632 1.7543750796467072 156.28680632822216 10.949855875223873 1546.0124761825427
leaf_count=1049 1288 6266 145128 4308 24518 274 1588 1222 1750 836 255 13397 150 1301 8952 1314 14752 1809 22515 1111 2799 3202 772 1282 1633 2115 21 8726 281 101670
internal_value=-0.000100688 -0.0413101 -0.0528134 0.055761 -0.0655089 0.0675177 0.0172219 -0.0352563 -0.0465229 -0.0139621 -0.0729504 -0.0433068 0.0620808 0.0274115 0.0437957 0.0460783 0.0582854 0.00911928 0.0745529 0.0140168 0.00257571 -0.0267266 -0.049644 0.0175157 0.0452303 -0.00379054 -0.0285192 -0.0770112 -0.0765956 0.0755111
internal_weight=7158.31 4119.41 3640.23 3038.91 2938.48 2328.56 710.347 580.109 508.876 326.824 2358.37 284.145 46.9753 347.508 383.523 479.179 360.207 118.972 1981.05 276.214 229.436 279.849 139.981 177.698 71.2331 139.867 18.2457 2074.23 12.7042 1962.81
internal_count=376284 221819 202895 154465 196629 134280 20185 29123 26268 8363 167506 13652 1438 9519 11822 18924 16066 2858 124761 5211 3910 6925 3974 2870 2855 2951 576 153854 302 124185
is_linear=0
shrinkage=0.08


Tree=46
num_leaves=31
num_cat=0
split_feature=7 8 1 14 14 7 12 5 12 14 14 7 3 8 12 7 3 5 4 5 1 12 3 3 7 3 12 1 7 5
split_gain=3113.68 611.26 206.541 111.447 92.2869 105.725 80.2194 53.0763 44.7315 41.2882 34.9567 31.606 41.0443 26.8285 23.2178 21.878 20.9712 19.983 17.9717 16.2455 29.3755 14.8752 15.6904 12.4872 12.4753 19.4374 12.8757 9.87312 9.84432 15.4593
threshold=0.63196593523025524 0.20789610594511035 0.81892696022987377 1.0000000180025095e-35 1.0000000180025095e-35 0.96984851360321056 -1.0000000180025095e-35 1.5000000000000002 1.0000000180025095e-35 1.0000000180025095e-35 1.0000000180025095e-35 0.5313592553138734 0.78319624066352855 0.31437556445598608 -1.0000000180025095e-35 0.97713410854339611 0.63224515318870556 1.5000000000000002 0.15075758099555972 1.5000000000000002 0.77459675073623668 1.0000000180025095e-35 0.46247655153274542 0.75905716419219982 0.39902913570404058 0.56562754511833202 -1.0000000180025095e-35 0.70678734779357921 0.7510683834552766 1.5000000000000002
decision_type=2 2 2 2 2 2 2 2 2 2 2 2 2 2 2 2 2 2 2 2 2 2 2 2 2 2 2 2 2 2
left_child=1 9 4 24 -2 7 10 8 -6 27 -4 -5 13 -13 -14 17 -11 -12 -9 23 -21 -7 -23 -18 -3 26 -26 -1 29 -8
right_child=2 3 6 11 5 21 28 18 -10 16 15 12 14 -15 -16 -17 19 -19 -20 20 -22 22 -24 -25 25 -27 -28 -29 -30 -31
leaf_value=-0.038332797973661382 0.066275964874309659 -0.039658607063016965 0.081421213892395164 -0.080098743120919511 0.057927016328815278 0.080806830709755154 -0.011962382731894254 -0.045473599105747144 -0.011220726573679229 -0.028679177404022264 0.081790699009271259 0.16610218115074513 -0.051642843735058279 -0.067115999054015954 0.087048480449559998 0.070322792015496724 0.0061249133898596507 0.0024718169802584087 -0.15716870891771625 -0.090499685491472054 0.0044777398896384294 0.028799729010979595 0.071197921493194621 0.060269368113426786 0.13735247731049344 0.037496589708370741 -0.041735789241050626 0.064045475734403556 0.076539271705038492 0.06818218235661401
leaf_weight=6.4844870064407578 291.04960928671062 55.024413276463747 76.791475992649794 2230.0867330376059 69.740720441564918 70.242927959188819 20.498118442483246 18.56667597591877 423.20246791932732 133.03110510576516 22.539699286222458 3.2154225520789614 12.431585515849291 173.26142810750753 20.404733366332948 46.698849534615874 52.326329439878464 207.13049597665668 18.312510026618838 21.839761693961918 455.86862189415842 215.54068975895643 75.405438303016126 56.908853600732982 2.7280353121459475 59.754925326444209 44.157263288274407 85.756195943802595 1768.6091551352292 61.976234797388315
leaf_count=116 15317 658 4701 180332 1515 3147 791 236 5275 2390 551 152 244 10500 203 1866 357 2518 227 209 3750 5165 4291 712 22 1084 635 3901 122562 2880
internal_value=-0.000206255 -0.0541279 0.0541449 -0.073046 0.027165 0.0143894 0.0686133 -0.00836359 -0.00143783 0.00645596 0.033673 -0.077309 -0.0475858 -0.0628667 0.034541 0.0204058 -1.3644e-07 0.0102561 -0.100936 0.00649999 0.000135584 0.0477654 0.0397882 0.0343328 -0.00872065 0.00724277 -0.0313155 0.0568483 0.0752794 0.0482631
internal_weight=6799.58 3413.28 3386.31 2601.06 1182.06 891.011 2204.24 529.822 492.943 812.215 353.161 2439.4 209.313 176.477 32.8363 276.369 719.975 229.67 36.8792 586.944 477.708 361.189 290.946 109.235 161.665 106.64 46.8853 92.2407 1851.08 82.4744
internal_count=376307 205265 171042 193830 35173 19856 135869 7253 6790 11435 9636 191431 11099 10652 447 4935 7418 3069 463 5028 3959 12603 9456 1069 2399 1741 657 4017 126233 3671
is_linear=0
shrinkage=0.08


Tree=47
num_leaves=31
num_cat=0
split_feature=7 7 3 7 12 7 3 12 4 12 8 8 1 1 3 12 12 2 7 5 3 3 11 5 1 3 1 5 4 0
split_gain=2780.72 563.369 190.461 110.874 71.4397 69.4151 67.8223 36.6932 28.5287 35.54 25.4901 25.7715 21.6263 49.8119 20.8938 36.9244 20.6848 20.5894 19.781 18.4665 24.934 16.9275 15.215 13.1449 32.4168 13.4341 13.3428 11.9388 11.8396 10.9467
threshold=0.63196593523025524 1.0000000180025095e-35 0.79388421773910534 0.93035691976547252 -1.0000000180025095e-35 0.5266309678554536 0.70064935088157665 -1.0000000180025095e-35 0.9767441749572755 1.0000000180025095e-35 0.74161985516548168 0.50112107396125805 0.45222154259681707 0.24068965017795566 0.87298336625099193 1.0000000180025095e-35 1.0000000180025095e-35 0.74601566791534435 0.23745594918727878 1.5000000000000002 0.90366768836975109 0.58898946642875682 -1.0000000180025095e-35 1.5000000000000002 0.75162336230278026 0.75905716419219982 0.69631093740463268 2.5000000000000004 0.73956522345542919 0.83446824550628673
decision_type=2 2 2 2 2 2 2 2 2 2 2 2 2 2 2 2 2 2 2 2 2 2 2 2 2 2 2 2 2 2
left_child=1 21 3 10 19 14 8 -8 -7 -10 11 28 13 -5 -3 18 -15 -13 -16 -4 27 -1 -6 25 -25 26 -23 -21 -2 -12
right_child=2 5 4 12 22 6 7 -9 9 -11 29 17 -14 16 15 -17 -18 -19 -20 20 -22 23 -24 24 -26 -27 -28 -29 -30 -31
leaf_value=-0.025865283598452509 -0.0015902712060907457 -0.078426927792712875 0.082422483476928793 0.056842815170565338 -0.0084843159115804683 -0.069325392116862616 -0.048480585268100625 0.080534903390778928 0.34550212789900642 -0.0073980845874381633 0.01773894657931268 -0.023629741555416681 0.065094277529768124 0.087238813378383184 0.12580223160121606 0.12952351008637547 -0.017804318492192415 0.04818990721325396 -0.061278777802688603 0.008887758473399978 0.039973805463041905 0.056998726288408776 0.077822275533667024 -0.09103418780507061 0.0092486795373161543 0.059532815443542629 -0.015065187615832108 -0.063052853804585515 0.038671669342059116 0.05920095317998475
leaf_weight=90.909775331616402 84.361172777600586 2037.66663675569 41.957471081055701 275.30014873109758 13.189776794984935 162.95423136651516 20.880695235915482 43.500968405976892 1.9538249876350189 28.001527244225144 109.56032823491842 273.98485909309238 378.76329766307026 13.580601902678607 3.7177001386880866 7.2087802560999981 102.93104771245271 28.173795182257891 133.76395393908024 38.639207110740244 181.56041649356484 24.940274242311716 1472.0536756021902 21.473193628713489 525.27493898570538 64.636630618944764 48.264879209920764 23.892606378532946 104.83040729630738 64.891157837584615
leaf_count=1245 1913 174696 2069 10947 517 10757 545 1006 23 754 2387 4583 22787 331 71 139 1419 913 6854 642 5763 210 111617 247 6765 1311 418 377 1242 3406
internal_value=-0.000249552 -0.0528271 0.0524506 0.030803 0.0700051 -0.0717076 -0.0324066 0.0386917 -0.056135 0.0156197 0.00689156 -0.00243551 0.0514632 0.0382862 -0.076341 -0.0469657 -0.00556049 -0.0169332 -0.0562198 0.0333957 0.0249683 0.00656911 0.0770558 0.0108762 0.00531013 0.032954 0.00948628 -0.0185998 0.0207187 0.0331617
internal_weight=6422.82 3215.15 3207.67 1436.38 1771.29 2439.65 257.291 64.3817 192.91 29.9554 665.802 491.35 770.575 391.812 2182.36 144.69 116.512 302.159 137.482 286.05 244.092 775.5 1485.24 684.59 546.748 137.842 73.2052 62.5318 189.192 174.451
internal_count=375954 205041 170913 49928 120985 194845 13085 1551 11534 777 14444 8651 35484 12697 181760 7064 1750 5496 6925 8851 6782 10196 112134 8951 7012 1939 628 1019 3155 5793
is_linear=0
shrinkage=0.08


Tree=48
num_leaves=31
num_cat=0
split_feature=7 8 14 7 14 2 1 7 0 3 14 5 3 4 0 8 7 1 4 7 4 1 8 5 3 4 11 0 5 1
split_gain=2507.74 551.158 188.657 241.858 129.993 75.7269 44.4118 38.3313 50.0997 36.754 36.522 31.0861 24.7262 21.3251 20.3569 18.7547 16.5553 14.6886 20.1824 20.4195 17.8807 14.6062 13.9071 14.6169 11.5739 15.6532 11.2555 9.57757 9.12505 26.2976
threshold=0.63196593523025524 0.20789610594511035 1.0000000180025095e-35 0.97813406586647045 1.0000000180025095e-35 0.89512962102890026 0.48912529647350317 0.5266309678554536 0.89046147465705883 0.16108107566833499 1.0000000180025095e-35 2.5000000000000004 0.80901724100112926 0.9767441749572755 0.66489356756210338 0.86460605263710033 0.42821606993675237 0.40270270407199865 0.52679425477981578 0.95260557532310497 0.5178799331188203 0.77058029174804699 0.92071351408958446 3.5000000000000004 0.4712491780519486 0.9767441749572755 -1.0000000180025095e-35 0.69446447491645824 1.5000000000000002 0.79118219017982494
decision_type=2 2 2 2 2 2 2 2 2 2 2 2 2 2 2 2 2 2 2 2 2 2 2 2 2 2 2 2 2 2
left_child=1 10 17 5 16 11 9 -6 13 -5 21 12 -4 -9 -12 -13 -3 18 19 20 -2 -1 26 -24 25 -18 -7 -11 -16 -30
right_child=2 4 3 6 7 22 -8 8 -10 27 14 15 -14 -15 28 -17 24 -19 -20 -21 -22 -23 23 -25 -26 -27 -28 -29 29 -31
leaf_value=-0.03890600133179796 -0.034555023735441733 -0.030163548287696042 -0.0058868526040876425 0.065333471968459372 -0.080082809854891371 -0.084224257450646475 0.076447244034607606 -0.074974319127627809 0.038528145188972254 -0.0044997179126404791 -0.048338921908099429 -0.03391672939852701 0.042046803584155371 0.0051973952567942886 0.020239097319383396 -0.14530492600825246 -0.048178634401901115 0.080734533543672549 0.072471412386374306 0.063264381726842137 -0.42200541731034913 0.066931109582113305 0.023034452087485082 -0.10138360374094418 0.047595463524202179 0.065426772524952978 0.054289215808325374 0.082248939801590398 -0.067605814707353704 0.0036581720805529288
leaf_weight=9.3670103866606933 20.202990010380748 66.249261287972331 601.22539079841226 129.0653889849782 1900.0870128655806 3.816089764237403 674.99719571322203 139.39685461018234 38.585083548910916 101.54346447810531 51.403828863054514 30.421392568387091 77.785051927901804 25.049565612338483 164.67588913161308 14.18507505673915 24.295078698545694 987.13004693575203 101.64600027631968 20.362196785397828 0.79220461193472047 76.510699177160859 48.027962331660092 6.9130792506039134 50.637807122431695 11.406590934842823 232.89557650871575 8.8557145176455361 35.735038433223963 456.39611232001334
leaf_count=187 590 879 8831 5681 179230 105 51349 10808 638 924 1801 591 2834 725 1505 295 380 79232 5526 675 27 3814 2349 283 1019 88 11480 440 369 3786
internal_value=0.000136894 -0.0512011 0.0513059 0.0361042 -0.0713794 0.0092252 0.0659464 -0.0765524 -0.0435124 0.0363467 0.00611806 -0.00464565 -0.000395741 -0.062762 0.000143693 -0.0693387 -8.11998e-05 0.0772632 0.0533008 0.00618444 -0.0491746 0.0553871 0.04364 0.00737927 0.0230013 -0.011882 0.0520562 0.00245886 0.0039381 -0.00151651
internal_weight=6109.66 3049.8 3059.86 1929.73 2255.71 1015.27 914.462 2103.12 203.032 239.465 794.089 723.617 679.01 164.446 708.211 44.6065 152.589 1130.13 143.003 41.3574 20.9952 85.8777 291.653 54.941 86.3395 35.7017 236.712 110.399 656.807 492.131
internal_count=376441 205229 171212 85162 193767 26768 58394 191401 12171 7045 11462 12551 11665 11533 7461 886 2366 86050 6818 1292 617 4001 14217 2632 1487 468 11585 1364 5660 4155
is_linear=0
shrinkage=0.08


Tree=49
num_leaves=31
num_cat=0
split_feature=7 8 7 3 12 7 3 12 4 8 1 3 12 5 1 1 12 8 4 2 3 5 1 5 8 8 1 7 4 12
split_gain=2274.38 453.299 154.962 149.665 69.422 65.2902 50.4237 37.2795 35.9427 28.9933 21.0847 21.0017 32.4256 22.3244 19.6303 45.0141 24.3553 19.5391 17.1328 27.5848 15.6662 15.2826 15.2138 14.9006 17.7143 27.2171 13.955 13.8611 13.3435 12.4252
threshold=0.71010184288024913 0.20789610594511035 0.5413949489593507 0.79388421773910534 -1.0000000180025095e-35 0.93624991178512584 0.49253065884113317 1.0000000180025095e-35 0.86425063014030468 0.43085423111915594 0.92718276381492626 0.83752354979515087 1.0000000180025095e-35 1.5000000000000002 0.52704679965972911 0.15535445511341098 1.0000000180025095e-35 0.83531776070594799 0.39173060655593878 0.74601566791534435 0.87570226192474376 1.0000000180025095e-35 0.97894504666328441 2.5000000000000004 0.92071351408958446 0.9783390760421754 0.88067796826362621 0.98739472031593334 0.3364779949188233 1.0000000180025095e-35
decision_type=2 2 2 2 2 2 2 2 2 2 2 2 2 2 2 2 2 2 2 2 2 2 2 2 2 2 2 2 2 2
left_child=1 10 11 5 23 17 8 21 29 -10 20 -3 13 -13 15 -7 -17 18 19 -2 26 -8 -12 -5 -25 -26 28 -16 -1 -4
right_child=3 2 6 4 -6 14 7 -9 9 -11 22 12 -14 -15 27 16 -18 -19 -20 -21 -22 -23 -24 24 25 -27 -28 -29 -30 -31
leaf_value=-0.0055571581105279986 -0.034650092107042861 -0.077785970421300352 0.02034187248641529 0.045660889232081198 0.07707140567581372 0.062543919625298094 0.13089382236648475 0.066161399629606682 0.083299445010238352 -0.032657268978990212 0.070246592230793381 0.054087722929668909 0.1053214430947738 -0.064747254524131853 0.043779761015535656 0.085305313107265704 -0.0053828209479040677 0.046911908841485633 0.01652907424466912 0.039091462109450172 0.050852125414090781 -0.02015523915384761 0.010574252668244275 0.026321057958916445 -0.10738949786979334 0.081911733428980116 -0.10341051131502797 0.078083547810906595 -0.053179000335426725 -0.075378663768321322
leaf_weight=184.96954599767923 123.38270430266857 1745.8199358982965 9.3279247079044563 161.65656718052924 1255.4789780750871 192.71542370319366 4.4786766106262794 58.273058751598001 20.264300832524896 43.262153666466475 28.971207219175994 10.939581376500426 8.4565777881070954 134.6296321908012 131.2688769036904 21.712047989480197 149.13500033132732 85.42173111718148 309.02053792588413 44.05902327876538 22.01102124620229 100.1022536996752 487.0193260544911 66.831233785487711 17.186449731700126 6.7779012005776158 12.089853796176611 177.08587754052132 47.282178541645408 124.7635723464191
leaf_count=2410 2243 174282 357 5989 110595 9696 97 2224 314 649 585 434 212 8445 8405 674 2642 3491 5419 2013 421 2413 6799 1930 369 319 89 13133 1158 8216
internal_value=-0.000378235 -0.047997 -0.0661634 0.0524671 0.0693742 0.0318035 -0.0180749 0.0148849 -0.0452367 0.00433176 0.00448877 -0.0752876 -0.0469697 -0.0558168 0.0486324 0.0360394 0.00614225 0.011679 0.0053623 -0.0152464 -0.0137909 -0.0136866 0.0139247 0.031095 0.0051612 -0.0538489 -0.0196141 0.0634802 -0.0152521 -0.06872
internal_weight=5784.39 3042.66 2260.32 2741.73 1507.93 1233.8 360.472 162.854 197.618 63.5265 782.343 1899.85 154.026 145.569 671.917 363.562 170.847 561.884 476.462 167.442 266.353 104.581 515.991 252.452 90.7956 23.9644 244.342 308.355 232.252 134.091
internal_count=376023 209105 197643 166918 119202 47716 14270 4734 9536 963 11462 183373 9091 8879 34550 13012 3316 13166 9675 4256 4078 2510 7384 8607 2618 688 3657 21538 3568 8573
is_linear=0
shrinkage=0.08


Tree=50
num_leaves=31
num_cat=0
split_feature=7 8 14 7 14 7 2 1 5 3 14 12 12 3 4 12 12 7 1 3 7 12 0 0 1 5 1 3 4 8
split_gain=2039.83 443.625 168.39 205.047 165.467 75.175 62.4557 48.7138 39.1812 35.2205 34.3726 31.4722 29.8296 27.7933 26.4772 25.2332 18.9228 18.359 15.6508 25.8128 27.9588 15.3459 15.1684 11.8221 9.81001 9.27051 20.8392 14.2938 9.05341 8.96324
threshold=0.69282051920890819 0.20789610594511035 1.0000000180025095e-35 0.97813406586647045 1.0000000180025095e-35 0.5313592553138734 0.89512962102890026 0.48912529647350317 1.5000000000000002 0.16108107566833499 1.0000000180025095e-35 1.0000000180025095e-35 1.0000000180025095e-35 0.70659971237182628 0.82683658599853527 1.0000000180025095e-35 -1.0000000180025095e-35 0.57392227649688732 0.40270270407199865 0.2736185491085053 0.86689975857734691 1.0000000180025095e-35 0.61704328656196605 0.66489356756210338 0.80259740352630626 1.5000000000000002 0.79118219017982494 0.75905716419219982 0.22792208194732669 0.92545253038406383
decision_type=2 2 2 2 2 2 2 2 2 2 2 2 2 2 2 2 2 2 2 2 2 2 2 2 2 2 2 2 2 2
left_child=1 10 18 6 17 -6 8 9 12 -5 -1 -10 -4 14 -7 -15 29 -3 19 -2 22 -11 -21 -12 -19 27 -27 -25 -22 -8
right_child=2 4 3 7 5 13 16 -9 11 21 23 -13 -14 15 -16 -17 -18 24 -20 20 28 -23 -24 25 -26 26 -28 -29 -30 -31
leaf_value=0.053434596170622468 0.068361884747514992 -0.0068045270842641394 0.051609559929471312 0.062500333866225666 -0.079735185277657147 -0.06737061241826639 0.029204715632423595 0.07609722433002386 -0.058238175197742409 0.085397765913478502 -0.040337297874283938 0.023689424020657653 -0.0025161981964548054 -0.019202014951330969 -0.00046197616797586077 0.089094448160969827 0.061265432116364593 0.0072791347465192262 0.080620256438190929 -0.266151686885165 -0.072559992003989895 -0.012013542833323385 0.082354679366574257 0.0019597325069609229 0.081981744991625763 -0.064672626571299199 0.00041908559168779401 0.053457812568418722 0.050656461903682337 -0.025481003762036835
leaf_weight=81.758379518054426 101.53850785922259 119.64957622811198 78.358752192929387 116.06488788407296 1642.5867761792615 145.54791406635195 87.625316616147757 584.02756049018353 126.03685515280813 11.627841554582117 46.594020777381957 39.386373130604625 387.0488603701815 55.797328139655292 51.155802992172539 18.281055015511811 140.93819151539356 18.697811260819435 839.20364317763597 3.8716114982962635 5.1202830076217678 94.208205376751721 1.0072135720402 110.45661407988518 28.247376115992665 33.852941976860166 448.74524337053299 50.15768422652036 14.986938215792177 24.558212991803885
leaf_count=4055 5764 1743 2068 5712 180565 10735 1705 51454 1428 316 1748 2173 5251 854 997 277 11816 387 78175 86 151 1013 45 794 1659 372 3770 696 584 478
internal_value=-0.000434516 -0.0474203 0.0500177 0.0347889 -0.0666388 -0.0732969 0.0081803 0.0639737 -0.00528976 0.0320653 0.00438815 -0.0387317 0.00659673 -0.0342414 -0.04997 0.00752337 0.0417504 0.00983053 0.0766658 0.0504371 -0.0224057 -0.0013113 -0.194204 -0.00142502 0.0522284 0.00139377 -0.00414692 0.0180419 0.0192795 0.0172334
internal_weight=5507.14 2851.53 2655.61 1689.88 2079.96 1913.37 883.953 805.928 630.831 221.901 771.565 165.423 465.408 270.782 196.704 74.0784 253.122 166.595 965.728 126.525 24.986 105.836 4.87883 689.807 46.9452 643.212 482.598 160.614 20.1072 112.184
internal_count=376871 208652 168219 83414 197217 193428 24919 58495 10920 7041 11435 3601 7319 12863 11732 1131 13999 3789 84805 6630 866 1329 131 7380 2046 5632 4142 1490 735 2183
is_linear=0
shrinkage=0.08


Tree=51
num_leaves=31
num_cat=0
split_feature=7 8 14 14 7 7 2 1 5 1 14 7 1 12 12 4 4 12 12 1 7 1 8 1 4 4 1 1 5 4
split_gain=1810.82 387.968 172.785 168.361 192.125 92.5096 53.6806 45.7046 31.6833 30.7031 29.1273 23.6831 21.6884 26.1467 20.4023 16.6348 15.385 15.0797 15.0414 13.2826 18.3439 13.6924 11.6678 11.2996 8.51586 15.2603 8.51425 17.4142 9.1203 11.0062
threshold=0.71010184288024913 0.20789610594511035 1.0000000180025095e-35 1.0000000180025095e-35 0.97813406586647045 0.5413949489593507 0.89512962102890026 0.51471862196922313 2.5000000000000004 0.16108107566833499 1.0000000180025095e-35 0.58260074257850658 0.88493064045906078 1.0000000180025095e-35 1.0000000180025095e-35 0.9767441749572755 0.41240409016609197 1.0000000180025095e-35 1.0000000180025095e-35 0.44610282778739935 0.76384064555168163 0.24525599926710132 0.91442927718162548 0.77058029174804699 0.52679425477981578 0.5178799331188203 0.92718276381492626 0.99450549483299266 1.5000000000000002 0.22792208194732669
decision_type=2 2 2 2 2 2 2 2 2 2 2 2 2 2 2 2 2 2 2 2 2 2 2 2 2 2 2 2 2 2
left_child=1 10 11 19 6 -4 8 9 16 -6 23 -3 15 -14 -10 -7 -5 22 -11 20 21 -2 -8 -1 25 -22 28 -28 -12 -30
right_child=3 2 5 4 7 12 17 -9 14 18 26 -13 13 -15 -16 -17 -18 -19 -20 -21 24 -23 -24 -25 -26 -27 27 -29 29 -31
leaf_value=-0.034353894534898198 0.0022702917188485161 -0.0068868624870083248 -0.079159539532348236 -0.015527928377226632 0.061369874162656733 -0.054879166866802769 0.035227901588929245 0.074985757726556482 -0.09913125577624371 0.084934887629307246 0.00022999458538739377 0.058195200904607829 -0.01720596481351671 0.10185840707211589 0.048464057389139732 -0.0045503747275619563 0.011157480950322386 0.062948839829686853 -0.0093647211005757642 0.080616965817294675 0.036725190735176355 -0.27911132681459555 -0.017873269352316853 0.060960807775246116 0.073410526861923064 -0.25551062342346065 0.07092848474606793 0.00045080423950660955 -0.018022121118782208 -0.078851455135489412
leaf_weight=9.0268098339438421 2.9934796132147303 122.64849592838436 1538.5948706166819 253.33868938777596 109.58068666514009 152.34917499125004 107.74360493849963 536.85486404411495 34.318120474927127 12.202995854429899 128.28475396521389 50.526372940279543 47.313133019022644 15.728121730498968 7.2624256601557127 58.043822025880218 304.42175085283816 97.7959213135764 95.904351761564612 760.93427969049662 37.935693835839629 1.7560949316248295 35.113198773935437 67.36766224168241 80.572708667255938 1.1791499713435758 23.699654623866081 421.41266049910337 90.425017255358398 24.113191251643002
leaf_count=179 118 1815 182349 5570 5685 9670 3729 51027 359 376 2400 2587 622 279 466 762 4146 9162 1145 76992 1368 39 989 3820 5370 34 315 3655 715 328
internal_value=-0.000888291 -0.0455967 -0.0642431 0.048681 0.0331486 -0.0715394 0.00682964 0.0624481 -0.00598537 0.0315281 0.00283403 0.0121018 -0.0286612 0.0124993 -0.0733524 -0.0409943 -0.000963218 0.0387452 0.00127968 0.0766544 0.0524236 -0.101767 0.022176 0.0496984 0.0585424 0.0279155 -0.00237021 0.00420333 -0.01442 -0.0308282
internal_weight=5229.44 2749.53 1985.2 2479.91 1594.54 1812.03 839.994 754.543 599.341 217.688 764.33 173.175 273.434 63.0413 41.5805 210.393 557.76 240.653 108.107 885.371 124.437 4.74957 142.857 76.3945 119.688 39.1148 687.935 445.112 242.823 114.538
internal_count=376071 209496 198084 166575 82654 193682 24421 58233 10541 7206 11412 4402 11333 901 825 10432 9716 13880 1521 83921 6929 157 4718 3999 6772 1402 7413 3970 3443 1043
is_linear=0
shrinkage=0.08


Tree=52
num_leaves=31
num_cat=0
split_feature=7 7 14 7 14 0 4 7 14 0 3 5 12 4 12 3 3 12 12 7 8 8 3 4 7 3 8 5 0 8
split_gain=1647.33 412.923 191.34 188.423 121.025 51.1698 45.5414 39.2414 33.7986 31.3185 27.8661 26.629 69.5963 25.2115 23.8605 19.212 16.6342 25.2038 12.7898 12.6552 12.4175 15.2 11.5068 16.0621 17.52 15.4254 9.67536 11.8167 11.4131 9.11003
threshold=0.63196593523025524 0.23745594918727878 1.0000000180025095e-35 0.97813406586647045 1.0000000180025095e-35 0.69880765676498424 0.10102041065692903 0.5313592553138734 1.0000000180025095e-35 0.87772271037101757 0.16807910054922107 1.0000000180025095e-35 1.0000000180025095e-35 0.9767441749572755 1.0000000180025095e-35 0.78629976511001598 0.39780220389366155 1.0000000180025095e-35 1.0000000180025095e-35 0.42821606993675237 0.41138803958892828 0.54847925901412975 0.40202020108699804 0.59787234663963329 0.95260557532310497 0.23940297961235049 1.0000000180025095e-35 1.0000000180025095e-35 0.6146107316017152 0.22542115300893786
decision_type=2 2 2 2 2 2 2 2 2 2 2 2 2 2 2 2 2 2 2 2 2 2 2 2 2 2 2 2 2 2
left_child=1 8 22 6 19 10 16 -6 -1 13 -5 12 -8 -9 -11 -13 -4 -18 -12 -3 -21 -22 23 24 25 -2 27 -10 -29 -7
right_child=2 4 3 5 7 29 11 9 26 14 18 15 -14 -15 -16 -17 17 -19 -20 20 21 -23 -24 -25 -26 -27 -28 28 -30 -31
leaf_value=0.054057669793420575 0.056389075064417274 -0.025701145876076588 -0.038204592856343741 0.058726973328413 -0.079169078773976914 -0.66010796981575171 0.10409975178962193 -0.075381817791850131 0.1342551744460509 -0.012292189610326335 0.077927308173776577 -0.047519324241012358 -0.0055473605572263288 0.016508371952708604 0.12995640327463781 0.00035710773225521334 0.016448806855452587 0.062962974375457156 -0.0072987592137685768 0.059522304675844274 -0.030285642957963457 0.074122401735136179 0.080018288255348888 0.075350839751334692 0.070647580906484916 -0.075808384372548443 -0.08077770156865352 -0.060136545984208624 -0.00060317788194371369 0.075170393276361408
leaf_weight=74.095549208112061 8.6950831795111316 57.996696474030614 21.352910775691271 104.57587678916752 1404.5634553632699 0.10786764323711295 41.386425571516156 98.159801259636879 4.0672496668994418 29.026403719559312 12.632991188205777 135.53814428672194 353.4737980607897 23.728363527916372 10.198349136859177 88.779131595976651 189.18545584753156 123.04438676033169 104.40265855751932 34.628457838669419 34.953816886991262 11.983362111262975 727.2531338436529 79.543366602621973 20.345623732544482 16.124954568222165 10.048796020913867 21.296548260375857 638.65180984884501 492.14174859877676
leaf_count=4080 281 870 281 5700 180144 6 1162 9715 23 633 431 2646 4246 659 101 2766 5418 10180 1469 539 584 387 78678 5738 825 399 1107 518 5672 50722
internal_value=-0.000121013 -0.0467772 0.0453276 0.0295622 -0.0685165 0.0606381 0.00627842 -0.0748796 0.00277192 -0.0374843 0.0287163 -0.00655952 0.00594507 -0.0574933 0.0246921 -0.028571 0.0301075 0.0347792 0.00190066 0.00286769 0.0231814 -0.0036296 0.0761683 0.0537165 0.0156152 -0.0294963 -0.00286559 -0.00168651 -0.00252432 0.0750093
internal_weight=4971.98 2453.4 2518.58 1666.62 1705.24 713.861 952.76 1565.68 748.16 161.113 221.612 619.177 394.86 121.888 39.2248 224.317 333.583 312.23 117.036 139.562 81.5656 46.9372 851.962 124.709 45.1657 24.82 674.064 664.016 659.948 492.25
internal_count=375980 205032 170948 85027 193632 58328 26699 191252 11400 11108 7600 10820 5408 10374 734 5412 15879 15598 1900 2380 1510 971 85921 7243 1505 680 7320 6213 6190 50728
is_linear=0
shrinkage=0.08


Tree=53
num_leaves=31
num_cat=0
split_feature=7 0 3 12 12 7 12 7 7 7 8 7 5 1 3 5 8 0 12 5 7 2 11 5 12 1 7 4 0 2
split_gain=1438.22 371.517 123.385 93.0955 66.1057 55.0508 46.1578 54.7511 42.7471 35.2028 28.9093 28.486 26.0429 21.3902 26.0337 18.9833 18.9762 17.7217 16.741 29.9457 16.0246 15.8152 15.5502 14.9647 17.9997 14.3147 13.5893 11.6382 11.2379 10.5421
threshold=0.73797965049743663 0.75395557284355175 0.79388421773910534 -1.0000000180025095e-35 -1.0000000180025095e-35 0.56615138053894054 1.0000000180025095e-35 0.23745594918727878 0.98739472031593334 0.47895757853984838 0.43085423111915594 1.0000000180025095e-35 1.5000000000000002 0.51471862196922313 0.22048611193895343 2.5000000000000004 0.70018050074577343 0.88335159420967113 1.0000000180025095e-35 1.0000000180025095e-35 0.80503642559051525 0.22401433438062671 -1.0000000180025095e-35 1.0000000180025095e-35 1.0000000180025095e-35 0.87026646733284008 0.42821606993675237 0.0745370388031006 0.9161842167377473 0.89512962102890026
decision_type=2 2 2 2 2 2 2 2 2 2 2 2 2 2 2 2 2 2 2 2 2 2 2 2 2 2 2 2 2 2
left_child=1 5 8 12 15 11 7 -5 20 -9 21 -1 26 14 -10 -4 -14 -8 19 -12 23 -7 -6 24 -2 -25 -3 -17 -29 -22
right_child=2 3 4 6 22 10 17 9 13 -11 18 -13 16 -15 -16 27 -18 -19 -20 -21 29 -23 -24 25 -26 -27 -28 28 -30 -31
leaf_value=-0.02251524923505965 0.12621395426132345 -0.056608083442377853 0.044671903488248815 0.0085950019825926614 -0.026772593555490661 0.069984950517868127 0.0060321317099192506 -0.07121066615741127 0.058758799279716438 0.0027309725169456 0.16774266307832175 -0.076923892384327647 -0.0683198341425484 0.07553258958495071 0.002937246075181026 0.017818627305202561 0.10079460845393452 0.086095145542910229 -0.054535136203638201 -0.048756402861711304 0.019241014809103906 -0.034503979450915927 0.075833910375444374 -0.094755780567902056 -0.0027656634234713923 0.0021472769901035365 0.089038244365203703 0.073581254667007642 -0.065150087340074866 0.070505739031686249
leaf_weight=64.975502520799637 7.6171563006937495 6.3928056424483684 132.6326182410121 678.93570569297299 9.5511825764551741 26.021487480029464 25.730261039920151 103.98158433800563 124.79614137392491 68.258569043595344 6.3547836784273413 1180.2852978659794 183.0132770515047 133.06361413840204 93.554946275427938 55.34788672812283 4.3473364897072306 56.650665425695479 122.70439463481307 11.467177225276826 546.58305530808866 14.401621135883031 919.00933056231588 21.526853048242629 76.177266049198806 17.843292024917901 11.431256363168357 4.3925583669915822 25.0376316010952 26.937948282808065
leaf_count=1353 194 740 5814 9163 477 436 1179 10713 6819 2294 87 160132 15505 13199 1626 2103 96 2856 5366 395 21450 769 108860 318 709 593 378 100 372 2107
internal_value=-0.000212655 -0.0408878 0.0473381 -0.00681409 0.0654812 -0.0680935 0.00390959 -0.0016245 0.0275008 -0.0419077 -0.0268618 -0.0740849 -0.0556051 0.0502492 0.0348414 0.0257723 -0.0643959 0.0610888 -0.0440119 0.0284408 0.0160263 0.0327585 0.0747785 -0.0101553 0.00895896 -0.0508375 0.0368005 -0.00379545 -0.044444 0.0216489
internal_weight=4759.02 2564.95 2194.07 1138.74 1145.97 1426.21 933.557 851.176 1048.1 172.24 180.949 1245.26 205.185 351.415 218.351 217.411 187.361 82.3809 140.526 17.822 696.686 40.4231 928.561 123.165 83.7944 39.3701 17.8241 84.7781 29.4302 573.521
internal_count=376203 211462 164741 42924 117726 168538 26205 22170 47015 13007 7053 161485 16719 21644 8445 8389 15601 4035 5848 482 25371 1205 109337 1814 903 911 1118 2575 472 23557
is_linear=0
shrinkage=0.08


Tree=54
num_leaves=31
num_cat=0
split_feature=7 8 7 14 7 14 1 1 3 1 14 8 5 12 1 12 11 12 3 8 1 3 1 7 5 8 5 5 3 3
split_gain=1297.07 321.716 167.034 151.771 148.073 85.0623 48.6645 46.6528 35.2115 30.607 26.7929 24.5775 21.4437 20.5477 19.3306 15.2093 19.6136 13.7583 13.3286 13.1465 13.1257 19.8759 10.542 19.339 11.9734 9.85603 8.64731 8.55931 14.6518 8.52365
threshold=0.73797965049743663 0.22542115300893786 0.5413949489593507 1.0000000180025095e-35 0.97813406586647045 1.0000000180025095e-35 0.51471862196922313 0.87226107716560375 0.89512962102890026 0.16108107566833499 1.0000000180025095e-35 0.48397369682788854 4.5000000000000009 1.0000000180025095e-35 1.0000000180025095e-35 -1.0000000180025095e-35 -1.0000000180025095e-35 1.0000000180025095e-35 0.14724480360746386 0.92545253038406383 0.38165266811847692 0.26158231496810919 0.75162336230278026 0.46583126485347753 1.5000000000000002 0.65582582354545604 1.5000000000000002 2.5000000000000004 0.83752354979515087 0.39780220389366155
decision_type=2 2 2 2 2 2 2 2 2 2 2 2 2 2 2 2 2 2 2 2 2 2 2 2 2 2 2 2 2 2
left_child=1 10 5 20 8 27 9 11 12 -6 -1 14 18 -9 -4 19 -17 -11 -5 -10 21 -2 23 24 -12 -13 -15 28 -3 -24
right_child=3 2 7 4 6 -7 -8 13 15 17 22 25 -14 26 -16 16 -18 -19 -20 -21 -22 -23 29 -25 -26 -27 -28 -29 -30 -31
leaf_value=0.049287737873047494 0.068130887447278479 -0.011930639397336273 0.045669911548890066 0.014421290431908082 0.059942875328802707 -0.07860685635763287 0.074109736507079318 0.0065006836442778326 0.028131705668076244 0.084143289368424398 -0.013944498208278014 -0.057669959822209925 -0.22825436297167198 0.012263772335118352 -0.029213798215216285 -0.10552788981073442 0.061861211965733701 -0.012105472340350332 -0.012086335460078174 -0.039248808492984989 0.080416217653702146 -0.017682861316316113 -0.078050972773152899 0.33476775858707591 -0.078965891076679423 -0.0068119370221479862 0.1006150544906312 -0.048530773514809618 0.063580781446476373 0.0040082690482421534
leaf_weight=72.943156337831169 78.30317690782249 55.646596862003207 38.581679958384484 183.80872595869005 93.445134742185473 1214.6544684264809 432.54460821021348 76.220352993812412 76.549163550138474 10.538915779907255 96.559245203156024 140.40299686230719 2.7204593056812874 9.4443181995302421 51.527462067548186 4.6781853530555955 105.78519805427641 96.893734261393547 357.56269678566605 24.451433801092207 607.36142975464463 22.163341868668795 8.2192673152312619 0.95781721360981364 22.313834722619504 29.513609278947115 28.438540816307068 19.721654923632741 23.344477718695998 564.0611345176585
leaf_count=4125 5637 1004 569 2505 5724 180930 51059 1946 1705 376 2884 7068 40 498 3408 157 11668 1182 7207 501 76249 822 59 43 391 645 1906 216 272 5265
internal_value=-0.000362907 -0.0398601 -0.0593694 0.0458354 0.0304708 -0.0728029 0.0589985 -0.0122116 0.00655447 0.0264599 0.00317198 -0.0309253 -0.00421219 0.0304343 0.00284887 0.0342569 0.0547722 -0.00266367 -0.00308635 0.0118194 0.0759855 0.0492 -0.00168827 -0.0232649 -0.0261498 -0.0488362 0.0785888 -0.0013853 0.0103855 0.00282971
internal_weight=4549.36 2452.55 1687.5 2096.81 1388.98 1313.37 633.422 374.129 755.556 200.878 765.054 260.026 544.092 114.103 90.1091 211.464 110.463 107.433 541.371 101.001 707.828 100.467 692.111 119.831 118.873 169.917 37.8829 98.7127 78.9911 572.28
internal_count=376061 211229 198462 164832 82124 182422 58341 16040 23783 7282 12767 11690 9752 4350 3977 14031 11825 1558 9712 2206 82708 6459 8642 3318 3275 7713 2404 1492 1276 5324
is_linear=0
shrinkage=0.08


Tree=55
num_leaves=31
num_cat=0
split_feature=7 0 14 7 12 14 7 1 3 14 7 12 7 8 8 0 1 4 0 2 12 12 1 1 1 3 3 4 12 14
split_gain=1155.28 345.365 147.715 138.05 88.716 61.6359 55.1768 47.6834 37.3944 29.852 24.3719 22.2021 51.9318 22.0131 21.2129 20.4965 17.9189 16.6999 16.0554 17.5669 16.5501 14.9991 17.9754 13.0185 12.5235 16.6753 16.051 23.887 12.1796 10.9543
threshold=0.73797965049743663 0.75395557284355175 1.0000000180025095e-35 0.98739472031593334 -1.0000000180025095e-35 1.0000000180025095e-35 0.60336247086524974 0.51471862196922313 0.89512962102890026 1.0000000180025095e-35 1.0000000180025095e-35 1.0000000180025095e-35 1.0000000180025095e-35 0.62345302104949962 0.47769485414028173 0.9233020842075349 0.16108107566833499 0.9767441749572755 0.45003840327262884 0.79388421773910534 1.0000000180025095e-35 1.0000000180025095e-35 0.46265329420566564 0.48331478238105779 0.38165266811847692 0.30068494379520422 0.32495285570621496 0.23606811463832858 1.0000000180025095e-35 1.0000000180025095e-35
decision_type=2 2 2 2 2 2 2 2 2 2 2 2 2 2 2 2 2 2 2 2 2 2 2 2 2 2 2 2 2 2
left_child=1 6 24 8 13 -6 9 16 18 17 23 12 -7 29 -8 -13 -5 -1 20 -20 -4 22 -16 -11 25 -2 27 -27 -10 -3
right_child=2 4 3 7 5 11 14 -9 28 10 -12 15 -14 -15 21 -17 -18 -19 19 -21 -22 -23 -24 -25 -26 26 -28 -29 -30 -31
leaf_value=-0.041981748177533557 0.062744673532620934 -0.02290340877415226 0.085890963063877626 0.055057883728846464 0.055324143361828788 0.0028332577339870717 0.026724454715820585 0.07797201402329243 0.021358941743416199 0.082794218922336724 -0.078342583040748356 0.010134101005817821 -0.054463322432467931 0.040561852602673955 0.17711799505981585 0.12701479474217212 0.0046847196777715988 0.056307791393915223 -0.023720735549305174 0.016448822760360103 0.0078396591750711439 -0.055223237496272656 -0.02603562289817694 -0.038099173611011061 0.080341447999733251 -0.52198873855830985 0.025030378981927948 -0.061763746075211234 0.058953160463714557 -0.073294785576538748
leaf_weight=41.890313291922212 80.985484379343688 34.50735638756305 19.033881920389831 83.02793153654784 133.81314264098182 606.25917869620025 45.318712728098035 355.38094701990485 146.7023488166742 6.4349159598350516 1009.7066006953828 25.743541429750621 121.53651350224391 14.152415852062402 4.0877142511308184 15.314535261131821 99.186195400543511 15.033464285545049 259.15468964446336 95.2968655442819 200.92301352228969 72.16892581153661 8.7632408533245307 49.97083580866456 560.52715054154396 0.92297038435935874 9.5549485571682435 3.3110575405880809 88.379650176037103 138.11062196362764
leaf_count=937 5901 553 889 5365 7564 4983 987 46420 6353 138 162731 1092 11996 298 56 453 1401 107 4847 3613 2153 2309 226 1117 76168 20 355 119 10981 15865
internal_value=2.10131e-05 -0.038115 0.0446405 0.0294856 -0.00516919 0.00521517 -0.0667515 0.0609116 0.00861512 -0.0724698 -0.0754837 -0.00350591 -0.00673485 -0.0553571 -0.0174809 0.0537302 0.0276378 -0.0160237 -0.00238474 -0.0129209 0.0145938 -0.0410439 0.0385848 -0.0243073 0.0757939 0.0488981 -0.0324259 -0.162088 0.0354926 -0.0632213
internal_weight=4345.2 2342.81 2002.39 1347.09 1089.44 902.667 1253.37 537.595 809.49 1123.04 1066.11 768.854 727.796 186.77 130.339 41.0581 182.214 56.9238 574.408 354.452 219.957 85.0199 12.851 56.4058 655.302 94.7745 13.789 4.23403 235.082 172.618
internal_count=375997 211412 164585 82022 42804 26088 168608 53186 28836 165030 163986 18524 16979 16716 3578 1545 6766 1044 11502 8460 3042 2591 282 1255 82563 6395 494 139 17334 16418
is_linear=0
shrinkage=0.08


Tree=56
num_leaves=31
num_cat=0
split_feature=7 0 14 7 7 12 14 0 14 5 3 8 7 8 12 5 5 4 4 12 8 5 0 12 0 8 0 1 3 1
split_gain=1023.75 312.605 136.74 126.024 78.4601 72.1233 55.9505 44.3853 39.159 35.8975 33.3063 31.7547 27.5035 27.3032 23.5503 31.725 22.1776 21.6119 18.5253 17.5533 15.9214 15.1247 14.8528 17.184 13.9129 12.1209 11.685 11.3398 16.5351 9.77143
threshold=0.76384064555168163 0.76668736338615429 1.0000000180025095e-35 0.98739472031593334 0.58260074257850658 -1.0000000180025095e-35 1.0000000180025095e-35 0.76668736338615429 1.0000000180025095e-35 1.0000000180025095e-35 0.78086888790130626 0.62345302104949962 1.0000000180025095e-35 0.22542115300893786 1.0000000180025095e-35 1.0000000180025095e-35 2.5000000000000004 0.41240409016609197 0.10102041065692903 1.0000000180025095e-35 0.43551971018314367 1.5000000000000002 0.45003840327262884 1.0000000180025095e-35 0.40052378177642828 0.20789610594511035 0.7478732466697694 0.38165266811847692 0.26158231496810919 0.45773810148239141
decision_type=2 2 2 2 2 2 2 2 2 2 2 2 2 2 2 2 2 2 2 2 2 2 2 2 2 2 2 2 2 2
left_child=1 4 27 10 8 11 -7 24 22 -8 17 21 -10 -11 15 -6 26 18 -4 -18 -16 -3 23 -1 -5 -9 -12 28 -2 -22
right_child=2 5 3 7 14 6 9 25 12 13 16 -13 -14 -15 20 -17 19 -19 -20 -21 29 -23 -24 -25 -26 -27 -28 -29 -30 -31
leaf_value=0.25590102081658683 0.069266550671704077 0.020662720999408055 0.011523179513985956 0.054348983311880518 0.1630687721884872 0.052161001543256258 0.14766278260976648 -0.89511059029894069 -0.023085232800124703 0.0023659192381882432 -0.30255981093400608 0.045021187367857721 -0.07883861066141816 -0.035267649610317323 0.01551787594354653 -0.018877751948313225 -0.019473061869339326 0.0087119847936290695 -0.045093801115400976 0.053037604507669131 -0.049089017425656481 -0.06811650073192467 -0.038642898179358148 0.022763892114108224 0.010233171402272718 0.078592624371187844 0.045014265191710069 0.080418862835549471 -0.010559192007605694 0.034394875402538723
leaf_weight=2.2755046728998449 66.984685013070703 13.34877679729834 53.407058103941381 80.317640891298652 10.502963472157719 136.76908491691574 9.937092590145765 0.081841297447680428 60.321759769693017 598.84412960754707 0.62091720290481944 20.269008398521692 924.59814477013424 155.39561036415398 42.274320540484041 14.742028228007255 81.702766316942871 261.63346493709832 120.30535979708657 28.933093199972063 104.66414070269093 153.57920065708458 31.878153678029776 18.262715583667159 106.31075494037941 318.71737386891618 203.74080624803901 508.7570065651089 22.082129823975265 9.8142847702838463
leaf_count=26 5542 997 1244 5420 196 8685 184 3 1299 5022 30 414 162381 13003 934 388 2352 4483 1959 3635 3908 14901 786 209 2288 45544 14476 74993 808 265
internal_value=4.32879e-05 -0.0355217 0.0443169 0.0293249 -0.0633381 -0.00435163 0.00503663 0.0602038 -0.0718382 -0.00339749 0.00852497 -0.0495356 -0.075424 -0.0053877 -0.0148896 0.0568195 0.0283396 -0.00581207 -0.0276872 -0.000510332 -0.0264384 -0.0610171 -0.00446101 0.048594 0.0292189 0.0783427 0.0439582 0.0758088 0.0494755 -0.0419319
internal_weight=4161.07 2307.48 1853.59 1255.77 1219.33 1088.14 900.946 505.428 1037.34 764.177 750.343 187.197 984.92 754.24 181.998 25.245 314.998 435.346 173.712 110.636 156.753 166.928 52.4164 20.5382 186.628 318.799 204.362 597.824 89.0668 114.478
internal_count=376375 213598 162777 81434 170392 43206 26894 53255 164701 18209 28179 16312 163680 18025 5691 584 20493 7686 3203 5987 5107 15898 1021 235 7708 45547 14506 81343 6350 4173
is_linear=0
shrinkage=0.08


Tree=57
num_leaves=31
num_cat=0
split_feature=7 0 14 7 7 14 12 1 5 7 14 8 1 7 2 5 12 5 12 3 8 8 5 11 12 1 4 8 1 7
split_gain=936.539 284.597 113.089 100.268 93.3959 80.8757 51.7482 49.753 38.1329 25.7254 29.9373 23.3069 22.7927 20.8516 19.192 19.2576 17.7097 39.201 17.2276 13.4678 12.1944 12.373 11.9361 11.9072 11.8355 11.818 14.545 18.4399 10.4782 9.92329
threshold=0.80503642559051525 0.75395557284355175 1.0000000180025095e-35 0.58260074257850658 0.97813406586647045 1.0000000180025095e-35 -1.0000000180025095e-35 0.51471862196922313 1.0000000180025095e-35 1.0000000180025095e-35 1.0000000180025095e-35 0.70018050074577343 0.16108107566833499 1.0000000180025095e-35 0.89512962102890026 2.5000000000000004 1.0000000180025095e-35 1.0000000180025095e-35 1.0000000180025095e-35 0.80901724100112926 0.36402158439159399 0.74161985516548168 3.5000000000000004 -1.0000000180025095e-35 1.0000000180025095e-35 0.38165266811847692 0.52679425477981578 0.4218218475580216 0.80259740352630626 0.25252938270568853
decision_type=2 2 2 2 2 2 2 2 2 2 2 2 2 2 2 2 2 2 2 2 2 2 2 2 2 2 2 2 2 2
left_child=1 3 25 9 14 18 11 12 -8 -1 -11 -7 -6 -10 15 19 17 -5 29 -4 -18 -22 23 -16 -14 26 27 -2 -17 -3
right_child=2 5 4 16 7 6 8 -9 13 10 -12 -13 24 -15 22 28 20 -19 -20 -21 21 -23 -24 -25 -26 -27 -28 -29 -30 -31
leaf_value=-0.021797615904260721 -0.26268493479167487 0.054815182244538685 0.00017275240400095197 0.14435898741891121 0.053982122775541964 -0.065335112423877767 0.13839657965002275 0.073080357880309213 -0.00085797446988024979 -0.013038692562136314 -0.079032158705686334 0.048780822720718701 0.083889790641869674 -0.03265067026126333 -0.097056188831291176 -0.28006017013197748 0.034578899888270169 -0.039461176574589134 0.084870389784427056 0.045751917913033679 -0.033472019836937032 0.066802415648850394 -0.025939543033194946 0.042757591188046964 -0.011009021674204967 0.080529115832197157 0.071989300697276687 0.016882275950033422 -0.04657441947931288 0.011058237355408659
leaf_weight=60.7146100923419 1.6006522923707986 56.877578449435532 348.42376071307808 13.561876862309875 79.926887338981032 143.13799617812037 11.582522021140901 349.25806872919202 600.43650900758803 46.400029314681888 848.33727630972862 12.450723664835094 9.2189519000239653 169.24098472483456 4.000643787905573 1.2736421981826413 21.665015080012381 16.408002110663801 48.349910711403936 47.098692068830132 173.41925787227228 8.2500730119645578 20.352812808472663 152.57470226706937 95.965701432432979 452.52805503970012 53.548179502598941 26.649376725777984 35.997129498980939 79.577501996885985
leaf_count=1356 30 3935 5867 299 5704 15960 275 50848 4929 945 161051 157 365 14522 124 11 348 428 4971 2512 5046 111 1079 11459 1179 72389 5113 1066 710 2968
internal_value=-0.000395884 -0.0334356 0.0450846 -0.0607092 0.0308933 -0.00453025 -0.0140712 0.0553089 -0.00568058 -0.0721903 -0.0756098 -0.0562032 0.0217788 -0.00784873 0.009495 0.000420073 -0.0136908 0.0437206 0.0438366 0.00560031 -0.0221528 -0.0289183 0.0316936 0.0391852 -0.00269158 0.0754708 0.0474867 0.00104194 -0.0545533 0.0292971
internal_weight=3988.83 2310.41 1678.42 1188.76 1144.09 1121.65 936.849 534.37 781.26 955.452 894.737 155.589 185.112 769.677 609.721 432.793 233.304 29.9699 184.805 395.522 203.334 181.669 176.928 156.575 105.185 534.326 81.7982 28.25 37.2708 136.455
internal_count=375757 217301 158456 169584 79858 47717 35843 58096 19726 163352 161996 16117 7248 19451 21762 9100 6232 727 11874 8379 5505 5157 12662 11583 1544 78598 6209 1096 721 6903
is_linear=0
shrinkage=0.08


Tree=58
num_leaves=31
num_cat=0
split_feature=7 8 14 7 14 3 7 2 2 1 3 4 1 4 4 12 14 1 7 8 2 12 12 0 7 4 1 12 12 1
split_gain=792.597 321.036 182.361 140.846 97.4123 50.3851 37.0071 34.1684 33.2262 18.2291 18.8741 17.6159 17.4362 16.4044 21.5675 12.8119 11.9275 12.6635 11.8947 11.5788 11.1641 10.8534 9.4286 8.80126 9.1826 7.48522 9.31299 45.38 29.7236 7.29663
threshold=0.61583185195922863 0.20789610594511035 1.0000000180025095e-35 0.98739472031593334 1.0000000180025095e-35 0.48683299124240881 0.5266309678554536 0.89512962102890026 0.78629976511001598 0.38165266811847692 0.24068965017795566 0.9767441749572755 0.13484849035739901 0.41742423176765447 0.096006143838167204 1.0000000180025095e-35 1.0000000180025095e-35 0.77058029174804699 0.95260557532310497 0.72240144014358532 0.31851120293140417 -1.0000000180025095e-35 1.0000000180025095e-35 0.66489356756210338 0.46583126485347753 0.9767441749572755 0.47140522301197058 -1.0000000180025095e-35 1.0000000180025095e-35 0.95713412761688244
decision_type=2 2 2 2 2 2 2 2 2 2 2 2 2 2 2 2 2 2 2 2 2 2 2 2 2 2 2 2 2 2
left_child=1 16 9 7 25 12 -6 13 11 10 -2 -8 -5 14 -4 29 17 -1 20 -15 -12 -10 -14 24 -18 26 27 -3 -28 -9
right_child=2 4 3 5 6 -7 8 15 21 -11 18 -13 22 19 -16 -17 23 -19 -20 -21 -22 -23 -24 -25 -26 -27 28 -29 -30 -31
leaf_value=-0.050929656548360493 0.065859684658308326 0.51260257048288504 0.013833020215916522 0.052019325803088247 -0.07853371849174054 0.07662520341842205 -0.068575140101486909 0.071071765027583084 -0.034073376170701664 0.079249372252863465 -0.10379026596008549 0.020563116330610361 0.083592286098459201 -0.0030106006266303127 -0.030014696159959373 0.054796385752307802 -0.041422594386081694 0.053933768062305959 0.046202751168475803 0.029294986933181156 0.028902811736595323 0.09339909397065696 -0.0074349366750732868 0.0027768367491425661 0.26709430125920436 0.056007005028861849 -0.017705335435651219 -0.067072045578057959 0.096359613078231918 0.0099332862872570787
leaf_weight=8.6625840011984092 61.848690519109368 0.89508285745978611 97.769165431149304 70.053371405228972 890.10658143041655 284.90372600080445 72.46903723012656 13.69382841978222 5.8492931365035501 476.3813063101843 10.917389845009895 17.643747266381979 7.9162919525988391 266.36073208227754 270.22293911548331 79.188948214519769 38.263104395475239 49.406291897874326 13.230947136413308 96.812195860780776 6.4586181528866282 15.8805063534528 90.971594437025487 626.41000046953559 0.62755627557635207 14.397106526419519 66.065933000296354 25.150643389672041 18.776355128735304 142.48886915901676
leaf_count=182 5524 7 2990 5366 179128 46438 10345 724 232 79565 320 691 316 3178 6404 10904 1751 3835 630 2599 172 152 1122 5584 18 111 885 686 490 5716
internal_value=-0.0003926 -0.0380756 0.0346645 0.0193358 -0.0647677 0.0560991 -0.0730838 0.00207326 -0.02971 0.0729403 0.0404323 -0.0511222 0.0214838 -0.00646094 -0.0183651 0.0285841 0.00351906 0.0382905 -0.0109498 0.00560121 -0.0544686 0.0590857 -0.000147916 0.000484139 -0.0364442 0.00173858 -0.00530734 -0.047151 0.00753826 0.0152938
internal_weight=3839.82 1850.6 1989.22 1420.38 1127.23 453.845 1001.95 966.537 111.843 568.837 92.4556 90.1128 168.941 731.165 367.992 235.372 723.37 58.0689 30.607 363.173 17.376 21.7298 98.8879 665.301 38.8907 125.285 110.888 26.0457 84.8423 156.183
internal_count=376065 204097 171968 85757 192727 53242 190548 32515 11420 86211 6646 11036 6804 15171 9394 17344 11370 4017 1122 5777 492 384 1438 7353 1769 2179 2068 693 1375 6440
is_linear=0
shrinkage=0.08


Tree=59
num_leaves=31
num_cat=0
split_feature=7 0 14 7 7 12 7 1 7 7 4 14 4 5 3 4 0 14 1 3 12 5 5 1 12 1 1 4 3 7
split_gain=750.984 241.186 128.853 98.3802 73.3979 50.7573 63.6137 47.2539 41.3854 28.7016 28.518 25.8321 22.0988 20.8764 19.5876 17.8654 16.9245 16.5457 16.5445 15.9748 16.3819 14.2761 13.6152 13.5073 15.0745 13.3328 11.3777 11.3231 11.3014 12.661
threshold=0.76384064555168163 0.75395557284355175 1.0000000180025095e-35 0.98739472031593334 0.56615138053894054 1.0000000180025095e-35 0.23745594918727878 0.43951219320297247 0.47895757853984838 1.0000000180025095e-35 0.13100686669349673 1.0000000180025095e-35 0.9767441749572755 1.0000000180025095e-35 0.84660634398460399 0.41240409016609197 0.88335159420967113 1.0000000180025095e-35 0.13484849035739901 0.45773810148239141 1.0000000180025095e-35 4.5000000000000009 1.5000000000000002 0.39696970582008367 -1.0000000180025095e-35 0.48331478238105779 0.38165266811847692 0.31643131375312811 0.20761494338512423 0.95531892776489269
decision_type=2 2 2 2 2 2 2 2 2 2 2 2 2 2 2 2 2 2 2 2 2 2 2 2 2 2 2 2 2 2
left_child=1 4 26 10 9 6 17 18 13 25 23 -11 19 -8 -10 21 -7 -3 -5 20 -6 -12 -19 -4 -25 27 28 -1 -2 -30
right_child=2 5 3 7 12 16 8 -9 14 11 15 -13 -14 -15 -16 -17 -18 22 -20 -21 -22 -23 -24 24 -26 -27 -28 -29 29 -31
leaf_value=0.20110048599641264 0.07229844084995761 0.046677217656683485 -0.035147538748658065 0.051156962051186347 0.057535420097796885 0.0036165138594035952 0.29263787169806199 0.076208011753335358 -0.036323835563618005 -0.01500874416802166 -0.021418728441797579 -0.078696679878289086 0.015023809128544421 -0.068761159553359694 0.022497892243712219 0.008891936113991028 0.082851897789130366 0.021390424550559884 -0.0018548905805575147 0.016746293269717983 -0.068564248154888735 -0.25207642494844057 -0.0068595020398502619 0.012909938877358208 0.051735036718009664 -0.030986589495911217 0.080454341121905512 -0.0026813814185699249 -0.035832675948472142 0.06542014259646052
leaf_weight=3.0909781940281382 46.432406325358897 52.44061207678169 20.163565959781408 65.717496475204825 7.2455204413272432 25.839331228286028 1.0291203185915936 272.30579012865201 76.946686372160912 43.226844305172563 186.53536971984431 713.97927441913635 83.98300705011934 171.02530723670498 68.472654569428414 257.13661513198167 51.918022412806749 143.06956161092967 88.307541083078831 24.338613053318113 73.268772601149976 1.7332845954224456 461.03565281350166 124.57291752705351 131.63269718270749 50.872464079409838 402.71143130026758 4.0077045783400536 17.300896387081593 14.551380221731963
leaf_count=64 4923 3997 134 5311 207 1251 6 46893 2722 921 4802 159160 952 24766 2517 4468 3850 1281 947 695 5562 19 4024 3565 15071 1196 75175 84 596 843
internal_value=-0.000301115 -0.0324509 0.0402692 0.0257065 -0.0604967 -0.00567864 -0.0106442 0.056177 -0.040045 -0.0709074 0.0077084 -0.0750609 -0.0155554 -0.0665995 -0.00862683 -0.0048177 0.0565214 0.00357268 0.0207636 -0.0400481 -0.0572165 -0.0235423 -0.000169104 0.0278958 0.0328574 -0.0166551 0.0750295 0.0860513 0.047123 0.0104236
internal_weight=3684.89 2055.79 1629.1 1148.11 1004.01 1051.78 974.02 426.331 317.474 815.177 721.774 757.206 188.836 172.054 145.419 445.405 77.7574 656.546 154.025 104.853 80.5143 188.269 604.105 276.369 256.206 57.9711 480.996 7.09868 78.2847 31.8523
internal_count=376002 213255 162747 81210 168841 44414 39313 53151 30011 161425 28059 160081 7416 24772 5239 9289 5101 9302 6258 6464 5769 4821 5305 18770 18636 1344 81537 148 6362 1439
is_linear=0
shrinkage=0.08


Tree=60
num_leaves=31
num_cat=0
split_feature=8 0 4 14 12 3 12 8 12 14 1 14 8 14 0 11 5 8 4 4 8 14 3 0 0 8 14 2 1 8
split_gain=489.159 204.963 112.974 107.257 95.4696 58.4686 49.9691 42.2702 38.0787 33.835 31.2219 20.3462 19.5982 17.3999 16.5137 16.4258 15.8462 14.4187 13.7995 19.0743 13.6151 12.9536 13.4658 12.7436 13.2657 12.5825 12.3076 11.5633 10.7666 10.2667
threshold=0.60057803988456737 0.75395557284355175 0.9767441749572755 1.0000000180025095e-35 1.0000000180025095e-35 0.79388421773910534 -1.0000000180025095e-35 0.26115374267101293 1.0000000180025095e-35 1.0000000180025095e-35 0.91945946216583263 1.0000000180025095e-35 0.41446109116077429 1.0000000180025095e-35 0.87772271037101757 -1.0000000180025095e-35 1.5000000000000002 0.7146558165550233 0.30495168268680578 0.14854215830564502 0.51079359650611889 1.0000000180025095e-35 0.29925373196601873 0.61704328656196605 0.47803083062171942 0.7469117045402528 1.0000000180025095e-35 0.71516755223274242 0.31851120293140417 1.0000000180025095e-35
decision_type=2 2 2 2 2 2 2 2 2 2 2 2 2 2 2 2 2 2 2 2 2 2 2 2 2 2 2 2 2 2
left_child=1 2 10 23 7 17 16 11 -4 20 13 -3 -11 -1 21 -8 -7 27 19 -19 -9 -6 -23 24 -2 28 -10 -5 -26 -15
right_child=3 4 8 5 14 6 15 9 26 12 -12 -13 -14 29 -16 -17 -18 18 -20 -21 -22 22 -24 -25 25 -27 -28 -29 -30 -31
leaf_value=-0.022321690773189511 0.070194300172471802 0.050251546820076244 0.11670616990071773 -0.02290826485474769 0.082758663720758657 0.084410644732714368 -0.059489150476443764 -0.0025184912697041313 0.043963757406326243 -0.070242730256015934 0.0088825258338188738 -0.00056873620596797024 -0.024496190857111626 -0.0307261507884075 0.080809757357974271 0.066830481016521684 -0.0020479502462745808 0.019678415570146889 0.02539467168838162 -0.041478649539856596 0.082079507037096988 0.55900179851045861 -0.037508043459297535 0.080479925690531195 -0.21345914692684517 0.027328006420817036 -0.016329245369289661 0.048933091813341802 0.0039828157208681471 -0.071671749843566168
leaf_weight=54.033477326389402 42.338216697331518 54.929159138351679 15.984288145322351 136.19265574077144 10.402794524561616 15.121578504331408 6.7426013527438036 64.638558499049395 23.935922260861844 116.77843677205965 37.177462635096163 613.9788680379279 123.12929591722786 41.539395986124873 99.937400078866631 287.67246428877115 131.98427542671561 75.49090176820755 238.6671563545242 57.49883153103292 15.000853443518279 0.245549781247976 17.760098458267748 311.96017626998946 2.9434268688783076 20.596446949057281 228.69423520192504 16.026051763445139 2.8866190817207098 693.56953591993079
leaf_count=1518 4656 4083 1067 3312 1101 911 233 2896 981 21101 3037 6263 7092 1178 13712 50164 3094 3703 11581 1503 1793 9 1181 62770 91 2006 15349 585 231 149114
internal_value=-0.000373604 -0.0235153 -0.0481108 0.0376493 0.000598561 0.0234681 0.0449136 -0.00782988 -0.00304014 -0.0317655 -0.0627621 0.00360451 -0.046764 -0.0661374 0.0655101 0.0639375 0.00683946 0.00539385 0.0138877 -0.00676317 0.0134164 0.011688 -0.0293732 0.0736082 0.0424339 -0.00204131 -0.0106167 -0.0153446 -0.105798 -0.069358
internal_weight=3557.86 2211.74 1094.93 1346.12 1116.8 965.397 441.521 988.455 268.614 319.547 826.32 668.908 239.908 789.142 128.346 294.415 147.106 523.876 371.657 132.99 79.6394 28.4084 18.0056 380.725 68.7647 26.4265 252.63 152.219 5.83005 735.109
internal_count=376315 231475 172244 144840 59231 75086 54402 43228 17397 32882 154847 10346 28193 151810 16003 50397 4005 20684 16787 5206 4689 2291 1190 69754 6984 2328 16330 3897 322 150292
is_linear=0
shrinkage=0.08


Tree=61
num_leaves=31
num_cat=0
split_feature=7 8 14 7 14 0 7 4 1 0 4 8 4 0 0 3 7 0 11 2 3 5 3 5 2 0 14 1 8 3
split_gain=620.998 237.209 139.772 103.768 86.5802 48.2733 47.7631 25.3694 20.8169 19.7534 25.6115 16.2453 16.1482 15.9929 15.2234 15.1783 13.1771 11.8078 10.0077 8.9525 18.6028 10.0949 9.2947 8.9736 25.3211 13.1887 8.85244 8.78552 8.51042 7.88803
threshold=0.63196593523025524 0.22542115300893786 1.0000000180025095e-35 0.98739472031593334 1.0000000180025095e-35 0.67323356866836559 0.5266309678554536 0.10471491143107416 0.44610282778739935 0.87772271037101757 0.82683658599853527 0.35621984302997595 0.41240409016609197 0.40052378177642828 0.44211232662200933 0.77015754580497753 0.95090001821517955 0.44457672536373144 -1.0000000180025095e-35 0.93419912457466137 0.97894504666328441 2.5000000000000004 0.93419912457466137 2.5000000000000004 0.78629976511001598 0.9233020842075349 1.0000000180025095e-35 0.39696970582008367 0.54353401064872753 0.39780220389366155
decision_type=2 2 2 2 2 2 2 2 2 2 2 2 2 2 2 2 2 2 2 2 2 2 2 2 2 2 2 2 2 2
left_child=1 19 8 7 -3 13 -6 18 14 10 -8 -11 15 -5 -2 -9 17 -16 -4 22 -21 26 23 25 -25 -1 -22 -20 -14 -15
right_child=2 4 3 5 6 -7 9 12 -10 11 -12 -13 28 29 16 -17 -18 -19 27 20 21 -23 -24 24 -26 -27 -28 -29 -30 -31
leaf_value=-0.01124109783616125 0.066494478194510903 0.0019532822768033127 -0.063188849817547924 0.050075824284066747 -0.078331016717286914 0.077080225249194556 -0.071674671922790228 -0.035102724508328888 0.079142633549695085 0.41639975791954104 0.030080374523985355 0.018922378131499676 0.02139319574555669 -0.012257809695640482 -0.44485775525346427 0.0038840693474125648 0.053479021760861029 -0.031349807083166203 -0.02399088479415154 0.074424451105548114 0.04558016414163249 0.026982069645229281 0.087656426227537679 0.061189474476161243 -0.061505221413995878 0.024965178932659579 -0.015665122602885356 0.030470152632011829 -0.00369575465748017 0.047067087700017655
leaf_weight=318.40332550392486 47.423651436343789 120.71341754915193 8.1722948011010867 66.755358500406146 713.70086418185383 233.58418119791895 60.274302375270054 157.97691613202915 370.99606790812686 0.67069332720711727 21.46980041381903 35.008625843096524 148.15986643917859 76.419432072900236 0.45065568108111875 107.33061333699152 16.859351378399879 22.902065401431173 20.410318373702466 26.940818155184388 17.119408564642072 79.606074036099017 6.5357253029942504 13.600579015212132 51.631639923900366 80.711355348583311 128.31152245588601 266.28373908484355 208.01935298554599 17.658735739532858
leaf_count=5434 5135 2369 249 5464 178064 46498 10549 2752 78728 26 895 769 1398 721 11 4115 1129 838 280 530 1442 1609 143 145 491 1176 1614 18650 4153 709
internal_value=-0.000201243 -0.0351187 0.0328473 0.0195472 -0.0613568 0.0538565 -0.070552 0.00477974 0.070859 -0.0232713 -0.0449491 0.0263941 -0.00438902 0.0201279 0.0357911 -0.0193306 -0.000418566 -0.0393296 0.0241046 -0.0005692 0.0116013 0.00408033 -0.00708188 -0.00841533 -0.035924 -0.00391925 -0.00845563 0.026593 0.0067405 -0.00112236
internal_weight=3444.1 1674.7 1769.4 1310.77 951.838 394.418 831.124 916.353 458.632 117.423 81.7441 35.6793 621.487 160.834 87.6357 265.308 40.2121 23.3527 294.866 722.86 251.978 225.037 470.883 464.347 65.2322 399.115 145.431 286.694 356.179 94.0782
internal_count=376086 205256 170830 84989 192672 53392 190303 31597 85841 12239 11444 795 12418 6894 7113 6867 1978 849 19179 12584 5195 4665 7389 7246 636 6610 3056 18930 5551 1430
is_linear=0
shrinkage=0.08


Tree=62
num_leaves=31
num_cat=0
split_feature=7 0 14 7 2 12 14 12 7 7 5 1 7 4 7 0 1 11 11 2 12 7 7 14 0 5 7 2 4 0
split_gain=503.376 228.987 131.337 86.7335 49.0709 42.617 36.9048 33.4971 32.7154 27.5456 25.748 22.05 21.7406 21.0884 20.935 17.9723 16.4589 15.3982 13.6992 15.8589 10.7274 10.5802 10.5372 9.732 9.16286 9.04523 8.85752 8.6739 10.0953 8.59164
threshold=0.69282051920890819 0.77427735924720775 1.0000000180025095e-35 0.97813406586647045 0.43951219320297247 -1.0000000180025095e-35 1.0000000180025095e-35 1.0000000180025095e-35 1.0000000180025095e-35 0.5313592553138734 1.5000000000000002 0.44610282778739935 0.23745594918727878 0.9767441749572755 0.47895757853984838 0.40052378177642828 0.20169491320848468 1.0000000180025095e-35 -1.0000000180025095e-35 0.89512962102890026 1.0000000180025095e-35 0.42821606993675237 0.76384064555168163 1.0000000180025095e-35 0.87772271037101757 2.5000000000000004 0.28136573731899267 0.31662489473819738 0.39173060655593878 0.45003840327262884
decision_type=2 2 2 2 2 2 2 2 2 2 2 2 2 2 2 2 2 2 2 2 2 2 2 2 2 2 2 2 2 2
left_child=1 6 11 17 15 10 29 12 27 -10 21 16 23 -11 -14 -5 -2 18 25 -20 -17 26 -18 -7 -9 -4 -3 28 -8 -1
right_child=2 5 3 4 -6 7 8 24 9 13 -12 -13 14 -15 -16 20 22 -19 19 -21 -22 -23 -24 -25 -26 -27 -28 -29 -30 -31
leaf_value=0.0325936837089391 0.067505110521968933 0.31618044855630367 -0.033132330389793269 0.04604131409527204 0.069430146731675052 0.040770203733734293 0.31858977750452805 0.015179791452397912 -0.079428383590918611 -0.063477248242962483 -0.05952499562314853 0.079886190281939162 -0.062449253102111371 0.0073196621840825342 0.0092156469497516585 0.083559854456788776 -0.1487456601878222 0.092399280487171609 -0.0033721924928053633 0.024657028553588013 -0.01516157925278918 0.12141131005400219 0.0070898015694092348 0.0023297435300654429 0.093007243547999094 -0.17245923917694522 -0.081742730859376569 -0.017572829606349611 0.027621616038657842 -0.027397228023040739
leaf_weight=25.234371990896761 41.834753218106925 0.39896281063556527 9.2240840885788185 66.319225327577442 258.3750109160319 45.370496551506221 1.0474483817815774 13.825145593844352 555.87740943953395 69.926907382905483 109.07111773453653 332.10428241197951 64.951072123367339 43.790030307136476 43.600072426721454 7.6248668548651031 3.0192083334550253 12.063320002984254 592.30489736329764 165.22990739578381 92.556318869348615 7.5903086257167161 34.613489345647395 593.94828414032236 32.302658981643617 4.4069016743451348 3.4876060881651938 53.727651180699468 2.811636695638299 38.726266311015934
leaf_count=358 5143 51 185 5686 51145 3910 16 849 155668 10477 14545 77513 10132 825 1663 340 49 895 10523 13224 1157 266 1809 5028 1681 83 630 1257 46 910
internal_value=-0.000142991 -0.0304736 0.0317983 0.0185017 0.0476052 -0.00321082 -0.0619889 0.00351816 -0.0671132 -0.0720894 -0.0475317 0.0708283 -0.000562707 -0.0362148 -0.0336647 0.0137372 0.0329741 0.00271406 0.00131111 0.00274141 -0.00764782 0.0664473 -0.00541262 0.00505775 0.0696813 -0.0781768 -0.0408952 -0.00925176 0.106597 -0.00372903
internal_weight=3325.36 1705.69 1619.68 1208.1 424.875 914.546 791.142 793.998 727.181 669.594 120.548 411.572 747.87 113.717 108.551 166.5 79.4675 783.229 771.166 757.535 100.181 11.4769 37.6327 639.319 46.1278 13.631 3.88657 57.5867 3.85909 63.9606
internal_count=376064 208312 167752 83238 58328 38755 169557 23263 168289 166970 15492 84514 20733 11302 11795 7183 7001 24910 24015 23747 1497 947 1858 8938 2530 268 681 1319 62 1268
is_linear=0
shrinkage=0.08


Tree=63
num_leaves=31
num_cat=0
split_feature=7 0 14 7 7 0 12 7 7 14 7 14 5 4 5 7 1 3 0 3 4 12 5 1 14 1 4 14 5 2
split_gain=447.137 192.599 105.659 75.8191 72.8575 47.0564 46.1792 46.5072 39.4733 28.4247 30.7488 25.654 19.0432 15.8712 23.2809 12.3964 12.2773 14.7459 12.029 11.0816 12.2753 10.3004 10.1415 9.59048 9.58089 14.9901 9.21771 9.15443 13.257 9.12665
threshold=0.80503642559051525 0.75395557284355175 1.0000000180025095e-35 0.60336247086524974 0.98739472031593334 0.76668736338615429 1.0000000180025095e-35 0.23745594918727878 0.4350078701972962 1.0000000180025095e-35 1.0000000180025095e-35 1.0000000180025095e-35 1.0000000180025095e-35 0.12613636255264285 2.5000000000000004 0.98645591735839855 0.38165266811847692 0.30068494379520422 0.90863835811615001 0.32495285570621496 0.52223318815231334 1.0000000180025095e-35 4.5000000000000009 0.44610282778739935 1.0000000180025095e-35 0.60120484232902538 0.9767441749572755 1.0000000180025095e-35 1.0000000180025095e-35 0.74601566791534435
decision_type=2 2 2 2 2 2 2 2 2 2 2 2 2 2 2 2 2 2 2 2 2 2 2 2 2 2 2 2 2 2
left_child=1 3 16 9 13 21 7 24 12 26 -11 -10 -9 23 15 -15 17 -2 27 20 -19 -6 -16 -4 25 -3 -1 -8 -29 -5
right_child=2 6 4 29 5 -7 18 8 11 10 -12 -13 -14 14 22 -17 -18 19 -20 -21 -22 -23 -24 -25 -26 -27 -28 28 -30 -31
leaf_value=-0.030779755119233216 0.06039057027537241 -0.26218003218103003 -0.032494854601433761 -0.013030647674196221 0.076976485520870996 0.077068292010824935 0.0875079282398014 0.31121480944871155 0.043639253960867742 -0.011536598556588498 -0.076941734422602312 -0.02703066444555419 -0.071820986381353175 0.0028522955454090325 -0.053758517156559292 -0.18302342429667665 0.080053822255988213 -0.20973906588977387 0.082518555672796229 0.022020979455250139 0.082014202288218319 0.011651213638312239 -0.22816607791123034 0.026229715628366165 0.0020291825759930961 0.047753645183114257 0.044226174922064716 0.13434386772560852 -0.023875794310241571 0.11163487091540722
leaf_weight=39.251039303839207 49.841676576063037 1.0223522447049607 19.385427596047521 198.85468475520611 17.295710692647845 193.70451740920544 9.9592810780741257 0.83655818179249664 43.643956727813929 50.145445615053177 556.85154481674545 133.23456536279991 118.49388541840017 347.31012946320698 36.010163236409426 2.3115828521549693 283.5091000997927 3.5023924754932505 45.473622573539615 7.816631346475333 1.2532050977461038 144.59582614153624 2.2681825608015052 217.40347311273217 608.13617836101912 43.213405147194862 14.308657265268264 3.940825043711814 24.215606588870287 3.8307634186930946
leaf_count=946 5670 26 123 4475 1864 45499 711 5 2664 1237 162812 6438 22163 7758 881 125 72394 72 5545 331 69 5894 23 17791 5306 3937 102 118 1013 109
internal_value=-0.000660242 -0.0255905 0.03497 -0.0534757 0.0215562 0.0504633 -0.00226906 -0.00729221 -0.0335804 -0.0666089 -0.0715385 -0.00959319 -0.0691357 0.00510124 -0.00486161 0.00162335 0.0729824 0.0408609 0.0547342 -0.036563 -0.132856 0.0186303 -0.064093 0.0214221 0.00464394 0.0405906 -0.0107417 0.0215862 -0.00173108 -0.0106745
internal_weight=3221.62 1895.41 1326.21 863.242 980.285 355.596 1032.17 948.581 296.209 660.557 606.997 176.879 119.33 624.689 387.9 349.622 345.923 62.4139 83.5893 12.5722 4.7556 161.892 38.2783 236.789 652.372 44.2358 53.5597 38.1157 28.1564 202.685
internal_count=376101 217607 158494 169681 79958 53257 47926 40539 31270 165097 164049 9102 22168 26701 8787 7883 78536 6142 7387 472 141 7758 904 17914 9269 3963 1048 1842 1131 4584
is_linear=0
shrinkage=0.08


Tree=64
num_leaves=31
num_cat=0
split_feature=7 8 14 7 14 3 7 3 3 3 11 4 4 12 8 4 4 4 0 1 7 1 1 14 3 3 7 7 8 12
split_gain=410.552 222.108 127.471 81.0861 73.3367 43.2164 36.2775 30.2644 21.8025 17.8404 16.8048 15.1828 13.9214 13.712 10.2581 9.80971 17.3602 9.73055 9.63306 8.68805 7.71002 7.679 11.9751 9.10333 9.98194 8.39789 6.38469 8.5413 9.96273 6.19359
threshold=0.61583185195922863 0.22542115300893786 1.0000000180025095e-35 0.98739472031593334 1.0000000180025095e-35 0.46247655153274542 0.5266309678554536 0.70064935088157665 0.42179392278194433 0.22048611193895343 1.0000000180025095e-35 0.52679425477981578 0.9767441749572755 -1.0000000180025095e-35 0.28112086653709417 0.10102041065692903 0.41240409016609197 0.037749288603663451 0.46509888768196112 0.39696970582008367 0.38932114839553839 0.75905716419219982 0.69631093740463268 1.0000000180025095e-35 0.78319624066352855 0.6926884949207307 0.26246066391468054 0.36990259587764746 0.33408749103546148 1.0000000180025095e-35
decision_type=2 2 2 2 2 2 2 2 2 2 2 2 2 2 2 2 2 2 2 2 2 2 2 2 2 2 2 2 2 2
left_child=1 20 8 10 26 9 -6 12 11 -5 15 14 -8 -9 -2 19 -17 -11 -16 -4 21 22 25 -23 -25 -1 -3 -28 -29 -22
right_child=2 4 3 5 6 -7 7 13 -10 17 -12 -13 -14 -15 18 16 -18 -19 -20 -21 29 23 -24 24 -26 -27 27 28 -30 -31
leaf_value=-0.00055469916683907681 -0.35836068998651349 0.13073512430985171 -0.037748138538887144 0.045532618206629231 -0.07721161055605387 0.074559642220050376 -0.077026324371235314 -0.045228925635012844 0.079030196417067058 0.086351651754010814 0.094389351261174564 0.061722726869584826 0.0092851243466729218 0.080250412323481582 0.057157203853611512 -0.019056597976321667 0.0080996681920008883 -0.018293444838827576 -0.033909823187539496 0.018579529070755038 0.2784764297409158 0.042014866383659123 -0.050347794081281816 0.018855620534948773 -0.0044008554647877009 0.22761960084961103 -0.043788436088628598 0.071430828513978112 -0.0024885987919906782 0.032506364983528831
leaf_weight=71.546014850726351 0.5287537444382896 2.3591954316943875 18.814431295264512 72.362390568479896 570.54526896285824 190.43983102496713 44.831286545842886 7.6495914841070798 297.40022002765909 6.1861130744218817 12.820459058973936 46.4412497500889 16.311311761848629 20.537414222257212 11.215829635970293 262.36219307640567 353.85857382696122 70.479025557171553 22.047005143482238 255.71690318407491 1.1448231884278357 40.377680445089936 43.488953945459798 169.80447543598711 388.02412584307604 1.0474395244382311 24.561407763510942 14.007121489383279 69.913585742004216 1.5318368235602966
leaf_count=2721 5 17 364 5600 177980 46644 9933 420 78812 62 1068 6213 671 327 582 7008 5745 997 722 18331 10 3862 643 1291 3943 18 418 269 1416 99
internal_value=0.000484449 -0.0298615 0.0283403 0.015974 -0.0596754 0.0493092 -0.0697894 -0.0223843 0.069046 0.017042 0.00345009 0.0320374 -0.0540006 0.0461969 -0.00876044 0.00214122 -0.00346239 -0.00984963 -0.00320311 0.0147192 0.00218749 0.00167965 -0.0171502 0.0053336 0.00267848 0.00273759 0.0005366 -0.00229487 0.00984922 0.137709
internal_weight=3108.35 1487.68 1620.67 1243.04 770.716 339.467 659.875 89.3296 377.633 149.028 903.573 80.2328 61.1426 28.187 33.7916 890.752 616.221 76.6651 33.2628 274.531 716.965 714.289 116.082 598.206 557.829 72.5935 110.841 108.482 83.9207 2.67666
internal_count=376191 204038 172153 85819 191451 53303 189331 11351 86334 6659 32516 7522 10604 747 1309 31448 12753 1059 1304 18695 12587 12478 3382 9096 5234 2739 2120 2103 1685 109
is_linear=0
shrinkage=0.08


Tree=65
num_leaves=31
num_cat=0
split_feature=8 1 12 4 14 0 5 12 3 12 12 8 12 14 5 8 8 4 4 11 8 5 5 8 8 1 3 14 5 5
split_gain=262.703 148.851 70.5978 69.6816 68.6735 57.1824 47.841 36.4335 26.1202 37.9963 24.1468 19.509 16.3919 13.0457 12.4207 12.2877 17.8692 11.4962 14.7719 9.78183 9.71297 9.66217 7.45631 7.39522 7.22372 7.14427 8.14834 6.88455 6.83454 6.58273
threshold=0.70018050074577343 0.88493064045906078 1.0000000180025095e-35 0.9767441749572755 1.0000000180025095e-35 0.80350974202156078 1.0000000180025095e-35 1.0000000180025095e-35 0.79118219017982494 -1.0000000180025095e-35 -1.0000000180025095e-35 0.45954339206218725 1.0000000180025095e-35 1.0000000180025095e-35 2.5000000000000004 1.0000000180025095e-35 0.40752536058425909 0.41240409016609197 0.031754031777381904 -1.0000000180025095e-35 1.0000000180025095e-35 3.5000000000000004 4.5000000000000009 0.50112107396125805 0.9783390760421754 0.44610282778739935 0.25198413431644445 1.0000000180025095e-35 3.5000000000000004 2.5000000000000004
decision_type=2 2 2 2 2 2 2 2 2 2 2 2 2 2 2 2 2 2 2 2 2 2 2 2 2 2 2 2 2 2
left_child=1 3 13 5 25 11 -7 -5 17 14 -8 20 -13 21 -10 -15 -17 18 -6 29 -1 23 -21 -3 -16 26 -2 -9 -20 -11
right_child=4 2 -4 7 8 6 10 27 9 19 -12 12 -14 15 24 16 -18 -19 28 22 -22 -23 -24 -25 -26 -27 -28 -29 -30 -31
leaf_value=-0.033036086396193078 0.07411322292384652 0.024200585969497711 0.070116146724184494 0.11183412865903694 0.047711865982257323 0.107994769415916 -0.077747494227048172 0.034999572967847684 0.027243109582396615 0.027292212450877883 -0.011890789111053734 0.018274201182045584 -0.045254963919621319 0.0036423458050946606 -0.031958491224247779 -0.057357208662588532 -0.0031792736060672578 0.023098495903663009 -0.012841066053702027 0.065874634614289246 -0.069383644270072486 -0.04717242277229701 -0.06845355653995 0.081368447433938715 0.081156953451343425 0.080271262705091093 0.0029867676946446378 -0.010134597859729791 -0.15212872296662938 -0.13453090426242051
leaf_weight=52.98325913771987 24.189446392003447 80.758331717457622 108.92680983664468 17.880434961989522 28.44640953023918 19.297329900320619 42.469654370797798 23.739576949737966 67.551382838282734 4.3165670381858936 221.31257200753316 30.64152299426496 171.35221541044302 457.83484507352114 51.114815155044198 58.496752686100081 116.67150664213113 172.52828505192883 158.93251313269138 192.46650783694349 420.34047437924892 10.247943378984926 2.6815034949686369 17.646397945238277 3.888085364829748 186.44171975296922 17.963326596887782 243.33283850830048 2.287015209440141 2.5646829511970282
leaf_count=1288 3682 5722 21245 1482 1811 1770 5311 1280 2535 145 10238 2073 21183 4080 865 13733 6295 9292 5918 45278 131548 656 598 3279 333 56917 1024 15996 68 71
internal_value=-0.000183706 -0.0158118 0.00997648 -0.0334538 0.035566 -0.0437806 -0.0135986 0.00127894 0.0229241 0.0394049 -0.0224939 -0.0564323 -0.0356179 0.00114378 0.00426181 -0.00325204 -0.0212718 0.00815472 -0.00543879 0.0607233 -0.0653149 0.0267535 0.0640288 0.0344522 -0.0239625 0.0735465 0.0438028 -0.0061227 -0.014817 -0.0330202
internal_weight=3009.3 2093.93 850.583 1243.35 915.372 958.397 283.08 284.953 686.778 324.584 263.782 675.317 201.994 741.656 122.554 633.003 175.168 362.194 189.666 202.029 473.324 108.653 195.148 98.4047 55.0029 228.594 42.1528 267.072 161.22 6.88125
internal_count=375716 247179 55010 192169 128537 173411 17319 18758 66914 49825 15549 156092 23256 33765 3733 24108 20028 17089 7797 46092 132836 9657 45876 9001 1198 61623 4706 17276 5986 216
is_linear=0
shrinkage=0.08


Tree=66
num_leaves=31
num_cat=0
split_feature=7 8 14 14 7 0 7 8 1 0 4 5 12 1 7 12 3 4 3 8 4 1 12 1 5 8 7 8 7 4
split_gain=315.028 178.482 120.892 84.4249 67.2902 45.6792 43.7499 18.9926 18.5882 17.6682 13.2005 10.7977 54.1984 20.5755 10.5026 10.1313 9.33126 10.337 8.66588 8.66368 8.13068 7.76135 7.64402 12.8135 7.61009 6.02471 6.01227 9.64662 8.85214 5.32664
threshold=0.63196593523025524 0.22542115300893786 1.0000000180025095e-35 1.0000000180025095e-35 0.98739472031593334 0.76668736338615429 0.5266309678554536 0.33668416738510137 0.44610282778739935 0.89046147465705883 0.10471491143107416 1.0000000180025095e-35 1.0000000180025095e-35 0.89039039611816417 0.38932114839553839 1.0000000180025095e-35 0.51668518781661998 0.62192192673683178 0.22401433438062671 0.20789610594511035 0.59787234663963329 0.24068965017795566 1.0000000180025095e-35 0.45222154259681707 1.5000000000000002 0.9783390760421754 0.36990259587764746 0.33668416738510137 0.26246066391468054 0.30094340443611151
decision_type=2 2 2 2 2 2 2 2 2 2 2 2 2 2 2 2 2 2 2 2 2 2 2 2 2 2 2 2 2 2
left_child=1 14 8 26 10 15 -5 18 20 -9 22 12 -12 -13 16 -6 29 24 -8 -7 -2 -17 25 -24 -18 -4 28 -28 -3 -1
right_child=2 3 4 6 5 19 7 9 -10 -11 11 13 -14 -15 -16 21 17 -19 -20 -21 -22 -23 23 -25 -26 -27 27 -29 -30 -31
leaf_value=0.01228949499833454 0.0071542239884407992 0.12023348388151259 0.003211930452994706 -0.07722692193254535 0.076317772930658528 -0.62554585075763502 0.2717221106262464 -0.049543901201729419 0.078424197797325776 0.024475099433768657 0.098489000058236131 -0.050868484040380912 -0.0056765967949295362 -0.00094824608186786245 0.15399220406487055 0.026202609467211087 0.018114284007540078 0.10689907551761563 0.02057014360903547 0.075773801449101341 0.060567411024704761 -0.011453220919347348 -0.023477431332845598 0.04955749708054169 -0.0026294291578933095 0.07160710856694659 0.073501462242495763 0.004921109335828365 -0.040725950207017164 -0.04755439718111034
leaf_weight=12.685658958042039 38.224395440658554 2.4058098550885942 161.10674547450617 499.64363338681869 15.189258453669025 0.11281302757561107 2.0169538087211545 63.803490282036364 253.71772004105151 30.507292975671589 35.201222479343414 79.926795327104628 348.06617194321007 155.93337083328515 2.8613282695878288 70.650795834138989 145.66156141157262 6.0674708110745987 1.5588039923459289 158.69114232249558 34.885538679780439 69.483083749655634 19.218207678757608 76.857264631660655 507.68961240793578 8.6870732489041966 16.062160620233044 71.826545890420675 24.013512870296836 38.134112598840147
leaf_count=850 1765 18 6062 177911 1859 3 108 11169 78894 622 1373 1575 4590 4951 123 4309 2502 50 235 45447 5278 1606 313 11813 7505 1014 303 1655 426 1623
internal_value=-0.000207467 -0.027257 0.0250515 -0.0555953 0.0132958 0.045105 -0.0676455 -0.0187389 0.0681827 -0.0256005 0.00200528 -0.00439734 0.0038905 -0.0178649 0.00103114 0.0142583 0.000414908 0.00296053 0.162236 0.0752756 0.0326412 0.00753158 0.016915 0.0349481 0.00199528 0.0067112 0.00739532 0.0174546 -0.0260686 -0.0326161
internal_weight=2950.89 1424.94 1525.95 711.838 1199.12 314.127 597.53 97.8865 326.828 94.3108 884.997 619.128 383.267 235.86 713.1 155.323 710.238 659.419 3.57576 158.804 73.1099 140.134 265.869 96.0755 653.351 169.794 114.308 87.8887 26.4193 50.8198
internal_count=375952 205100 170852 192447 84915 53224 190045 12134 85937 11791 31691 12489 5963 6526 12653 7774 12530 10057 343 45450 7043 5915 19202 12126 10007 7076 2402 1958 444 2473
is_linear=0
shrinkage=0.08


Tree=67
num_leaves=31
num_cat=0
split_feature=7 0 14 7 7 0 7 14 14 7 7 8 8 1 8 8 0 8 8 3 7 2 1 1 3 2 0 2 0 7
split_gain=277.406 134.283 87.5109 71.0292 53.4078 38.7204 32.393 22.3834 20.7746 22.6627 48.161 14.5561 16.5329 14.2469 13.6632 12.4382 12.2127 9.94249 18.8403 16.1837 15.3283 9.37366 8.78175 8.55011 13.8488 8.48875 8.47952 8.21895 7.35558 7.18725
threshold=0.80503642559051525 0.75395557284355175 1.0000000180025095e-35 0.5266309678554536 0.98739472031593334 0.76668736338615429 1.0000000180025095e-35 1.0000000180025095e-35 1.0000000180025095e-35 1.0000000180025095e-35 0.47643721103668218 0.43551971018314367 0.73538899421691906 0.38165266811847692 0.65582582354545604 0.51079359650611889 0.45003840327262884 0.92071351408958446 0.94617217779159557 0.77015754580497753 0.97446763515472423 0.39736843109130865 0.2152509689331055 0.37394067645072943 0.37416666746139532 0.84889996051788341 0.41921134293079382 0.43534001708030706 1.0000000180025095e-35 0.46113573014736181
decision_type=2 2 2 2 2 2 2 2 2 2 2 2 2 2 2 2 2 2 2 2 2 2 2 2 2 2 2 2 2 2
left_child=1 3 13 6 17 22 28 16 15 21 -11 -5 25 23 -12 -3 -8 19 20 26 -19 -10 -6 -2 -25 -13 -4 -23 -1 -17
right_child=2 8 4 11 5 -7 7 -9 9 10 14 12 -14 -15 -16 29 -18 18 -20 -21 -22 27 -24 24 -26 -27 -28 -29 -30 -31
leaf_value=0.178726885082332 0.038844291043566674 0.015930023962172638 0.013673003883747023 0.018597088928172148 0.039335846369258909 0.074870789223152726 0.042436991671426727 -0.078725436622195083 -0.073617129979926837 -0.074813682649480406 -0.014573849457934296 -0.032615638234331695 0.076351977713047525 0.079871520248110853 0.038722197359000211 0.7615189057318249 -0.056186011973595802 -0.05022606690915539 0.0041683707110019329 0.028371546676251053 -0.23443733684973983 0.089622450883454038 0.0009287268751575874 -0.46006821922766117 0.082246812686841225 0.12363759761310944 -0.012735572300365714 0.002483966656464328 -0.012013111801922627 0.075414845253858803
leaf_weight=1.3265959713608015 53.807785853045061 105.270177872153 134.40171969309449 69.049588417168707 67.371747121680528 147.49533749511465 15.327571293339131 378.93754421686754 10.258179463446139 86.149031718727201 116.42835152847692 166.44836734118871 9.8010067762806994 209.14499131287448 41.851367605151609 0.098090160638096502 16.892001809552312 29.470648338552564 77.241078149294481 180.18255788343959 3.2053964082151643 7.0105026215314856 87.696702329907566 0.57606625743210205 0.63196581648662686 2.2553333572577676 184.82014818955213 585.09585006907582 52.561182190664113 25.572365473257378
leaf_count=12 6197 6631 2312 3106 5580 45566 184 153266 51 25422 4147 10802 164 72481 1404 2 660 1365 5455 14095 312 35 2162 9 38 55 3225 4882 1341 5318
internal_value=-3.99414e-05 -0.020799 0.0297971 -0.047211 0.0180515 0.0455265 -0.0656388 -0.0732826 -0.00154918 -0.00613477 -0.02668 -0.0125933 -0.0246585 0.0703428 -0.000481631 0.0281058 -0.00926884 0.0044086 -0.0173739 0.00920285 -0.0682965 0.00220212 0.0176153 0.0341188 -0.176363 -0.0305268 -0.00161679 0.00351568 -0.00731752 0.0780365
internal_weight=2866.38 1690.33 1176.05 712.599 911.885 302.564 465.045 411.157 977.734 846.793 244.429 247.554 178.505 264.161 158.28 130.941 32.2196 609.322 109.917 499.404 32.676 602.365 155.068 55.0158 1.20803 168.704 319.222 592.106 53.8878 25.6705
internal_count=376279 217482 158797 169590 80072 53308 155463 154110 47892 35941 30973 14127 11021 78725 5551 11951 844 26764 7132 19632 1677 4968 7742 6244 47 10857 5537 4917 1353 5320
is_linear=0
shrinkage=0.08


Tree=68
num_leaves=31
num_cat=0
split_feature=7 8 14 7 14 0 7 0 1 8 11 0 1 8 5 1 7 12 3 3 1 0 5 0 1 3 5 3 0 3
split_gain=263.518 167.89 97.2769 58.6139 53.4884 40.6691 30.8015 36.9604 29.6352 25.5254 16.8827 16.2919 14.3139 12.611 11.5504 11.1718 10.6643 8.96264 7.52427 7.16129 6.41815 9.54744 8.14906 7.03144 6.41405 18.8659 15.9804 7.37304 13.4022 9.88304
threshold=0.59160795807838451 0.22542115300893786 1.0000000180025095e-35 0.98739472031593334 1.0000000180025095e-35 0.76668736338615429 0.49324201047420507 0.87224557995796215 0.38165266811847692 0.33408749103546148 1.0000000180025095e-35 0.44211232662200933 1.0000000180025095e-35 0.43765547871589666 4.5000000000000009 0.16108107566833499 0.95531892776489269 1.0000000180025095e-35 0.39780220389366155 0.69028213620185863 0.89725545048713695 0.93793785572052013 1.5000000000000002 0.8170510232448579 0.99450549483299266 0.89699381589889537 2.5000000000000004 0.83752354979515087 0.90303474664688121 0.84262126684188854
decision_type=2 2 2 2 2 2 2 2 2 2 2 2 2 2 2 2 2 2 2 2 2 2 2 2 2 2 2 2 2 2
left_child=1 20 8 10 -3 15 -6 12 11 -9 13 -2 -8 19 -15 -5 17 -13 -17 -4 21 22 -1 -24 25 26 -22 28 -26 -29
right_child=2 4 3 5 6 -7 7 9 -10 -11 -12 16 -14 14 -16 18 -18 -19 -20 -21 24 -23 23 -25 27 -27 -28 29 -30 -31
leaf_value=-0.0020672939142254549 0.055157247615945926 -0.0047457035111894514 0.018327340725527583 0.045623073788875361 -0.078242005392809649 0.075604187210813911 0.022482817220073711 0.85511156966341983 0.07741974400038501 0.052020714761305153 0.096521607361357106 0.056024406575251248 -0.077003782649348443 -0.00099041626665868085 -0.095941798546930621 -0.012881957052838107 0.039496206686239627 -0.080174379221505013 0.038941966794870254 0.074906622167115369 0.051634531511527262 0.052118851382726636 -0.076989945226060258 -0.022323621617871686 -0.0070603314237863059 0.069879069486596834 -0.14142683771212719 -0.10395913946142724 0.040356235184754209 -0.0031129018637292638
leaf_weight=116.86427176231518 35.041768222115934 99.40794439916499 85.654101644642651 51.102541312109679 404.66788181615993 137.00571760977618 11.441241621738298 0.25611619185656564 229.05220872606151 22.976622364483774 12.10404851939529 3.7454259824007776 48.453892223071307 793.80694792536087 8.2848647003993374 74.90466952836141 11.333728922298176 17.730274465866387 23.572820834582672 17.19055108865723 5.0590073864441347 14.110465337056665 19.281079621519893 68.761746952077374 77.051503672963008 28.766485728789121 5.9962850359734148 6.3605978023260823 75.56351508339867 280.2446940112859
leaf_count=3461 5115 1869 1190 5393 168740 45518 1142 28 79764 1155 1066 189 16809 31473 289 740 906 464 1608 365 46 260 511 612 682 837 39 59 797 5319
internal_value=-0.000120066 -0.0267057 0.0226516 0.012535 -0.0582309 0.0441149 -0.0691307 -0.0247767 0.0636636 0.0608739 0.0026659 0.0172255 -0.0579997 0.00141052 -0.00197118 0.0152728 -0.0232872 -0.0564209 -0.000476725 0.0277846 -0.00018686 -0.0115316 -0.0159148 -0.0342954 0.00499996 0.0357432 -0.0530801 0.00221263 0.0164168 -0.00535097
internal_weight=2785.79 1285.26 1500.53 1203.63 587.204 286.586 487.796 83.1279 296.903 23.2327 917.041 67.8512 59.8951 904.936 802.092 149.58 32.8094 21.4757 98.4775 102.845 698.06 219.018 204.907 88.0428 479.042 39.8218 11.0553 439.22 152.615 286.605
internal_count=376446 202366 174080 87642 189743 53259 187874 19134 86438 1183 34383 6674 17951 33317 31762 7741 1559 653 2348 1555 12623 4844 4584 1123 7779 922 85 6857 1479 5378
is_linear=0
shrinkage=0.08


Tree=69
num_leaves=31
num_cat=0
split_feature=8 2 12 4 3 3 12 8 8 12 12 12 5 5 0 3 2 0 1 2 11 3 5 5 1 4 8 5 3 8
split_gain=156.524 91.7326 76.0646 57.7554 38.9674 31.7513 47.0641 29.271 33.0316 28.752 24.8096 23.9449 19.493 19.4062 17.6227 12.2486 12.0317 10.0438 9.8059 9.63902 9.4129 9.0525 10.5674 8.46031 16.4853 7.65671 7.6212 6.67846 6.28886 5.24222
threshold=0.70018050074577343 0.680425524711609 1.0000000180025095e-35 0.9767441749572755 0.85592186450958263 0.39780220389366155 1.0000000180025095e-35 1.0000000180025095e-35 0.47769485414028173 1.0000000180025095e-35 -1.0000000180025095e-35 1.0000000180025095e-35 1.5000000000000002 2.5000000000000004 0.45003840327262884 0.68614074587821972 0.6705426573753358 0.85390841960906994 0.89039039611816417 0.72377106547355663 1.0000000180025095e-35 0.21483516693115237 1.0000000180025095e-35 1.5000000000000002 0.72871574759483349 0.10102041065692903 0.51524445414543163 1.5000000000000002 0.81120249629020702 0.69344085454940807
decision_type=2 2 2 2 2 2 2 2 2 2 2 2 2 2 2 2 2 2 2 2 2 2 2 2 2 2 2 2 2 2
left_child=1 3 10 4 7 11 13 16 -9 -5 12 27 19 23 -13 17 -1 -12 -14 -3 25 -16 -23 -7 -25 -15 -17 -2 -8 -11
right_child=5 2 -4 9 -6 6 28 8 -10 29 15 14 18 20 21 26 -18 -19 -20 -21 -22 22 -24 24 -26 -27 -28 -29 -30 -31
leaf_value=-0.0088590876058253828 0.085027071807359716 -0.10417023187485767 0.071821797122605197 0.11312997561054726 0.10674760708500776 0.056669378122151559 0.046323747962488462 -0.064594378602406646 -0.024679559094079803 -0.0022523704407905209 0.0072046250921098875 0.018634073572638368 -0.086703871530532467 -0.0029674074279787063 0.032133685066049369 0.00032544080452270445 -0.13819835022995577 0.11031862044420114 -0.030273873712415376 0.098896552695270923 0.080645353376118709 -0.044104241424017372 0.070307189679945717 -0.16955341256200046 0.023271878662907627 -0.052372353055274941 0.037566820047576513 -0.1929139664329306 0.069748511649233833 -0.12992617526952976
leaf_weight=160.80103220883757 24.34133618534543 1.7656794267240901 100.90051368274726 14.330525962868704 11.403617553412912 54.110226449323818 119.51010798825882 380.39651567232795 203.77124420111068 257.4373259707354 11.66384905157611 106.27410592674278 24.010835940018296 51.774670854676515 13.982636276399715 568.6661007439252 4.7387176230549803 12.551240978296844 109.98190430761315 9.795322699705137 6.1164223076775661 84.105085264658555 5.5047998151276252 2.9059206447564057 120.66497639706358 32.791439987020567 37.486617727903649 0.56615684763528307 189.90741778141819 2.0748060513287774
leaf_count=2064 2568 244 22416 1452 1310 8700 19965 143216 19903 17281 959 6574 5089 5125 341 17163 44 304 11068 738 1984 1161 439 47 13295 1054 4346 11 67556 76
internal_value=-5.68505e-05 -0.0125583 0.00648048 -0.028688 -0.0400238 0.0293564 0.039437 -0.0422563 -0.0506712 0.00281839 -0.00201648 0.00454787 -0.0317863 0.0149202 -0.0042538 0.00485746 -0.0125615 0.060651 -0.0403859 0.0678827 -0.015193 -0.0277341 -0.0370759 0.030289 0.0187374 -0.0221247 0.00262858 0.0787094 0.0607009 -0.00327313
internal_weight=2724.33 1911.78 876.822 1034.95 761.111 812.555 577.781 749.708 584.168 273.843 775.922 234.774 145.554 268.364 209.867 630.368 165.54 24.2151 133.993 11.561 90.6825 103.593 89.6099 177.681 123.571 84.5661 606.153 24.9075 309.418 259.512
internal_count=376493 247673 62327 185346 166537 128820 117726 165227 163119 18809 39911 11094 17139 30205 8515 22772 2108 1263 16157 982 8163 1941 1600 22042 13342 6179 21509 2579 87521 17357
is_linear=0
shrinkage=0.08


Tree=70
num_leaves=31
num_cat=0
split_feature=14 8 2 4 8 8 8 12 12 1 3 12 5 12 11 0 3 1 8 0 5 2 11 1 12 5 11 1 4 1
split_gain=153.061 89.4118 62.9194 42.5844 51.5296 36.9598 31.8025 26.1635 21.9182 20.7696 18.6491 27.3421 15.9047 15.6301 14.0393 12.8396 10.6549 10.1912 9.41783 7.61751 7.22304 12.9801 7.16889 7.09352 12.4927 8.43161 6.78014 6.23068 6.14187 7.02671
threshold=1.0000000180025095e-35 0.70018050074577343 0.74322345852851879 0.9767441749572755 1.0000000180025095e-35 0.51079359650611889 0.45078563690185552 1.0000000180025095e-35 1.0000000180025095e-35 0.45222154259681707 0.79118219017982494 -1.0000000180025095e-35 1.5000000000000002 -1.0000000180025095e-35 -1.0000000180025095e-35 0.47622655332088476 0.85592186450958263 0.8760964870452882 0.91905540227890026 0.61704328656196605 4.5000000000000009 0.92893216013908397 -1.0000000180025095e-35 0.82097071409225475 1.0000000180025095e-35 2.5000000000000004 -1.0000000180025095e-35 0.99450549483299266 0.40967366099357611 0.15535445511341098
decision_type=2 2 2 2 2 2 2 2 2 2 2 2 2 2 2 2 2 2 2 2 2 2 2 2 2 2 2 2 2 2
left_child=5 2 3 4 16 20 -6 12 -5 15 26 17 27 -14 -13 -7 -2 -12 -19 -17 23 -22 -9 -1 25 -25 -3 -4 29 -28
right_child=1 10 7 8 6 9 -8 22 -10 -11 11 14 13 -15 -16 19 -18 18 -20 -21 21 -23 -24 24 -26 -27 28 -29 -30 -31
leaf_value=2.0343300151936002e-05 -0.0099801774077925513 -0.10723481319806412 0.055470903915078119 0.11437908558290578 -0.070172215748453545 0.059371351644794006 -0.031209687452616694 -0.53185248883373659 -0.0068861050873636667 0.079202402057929486 0.088155212357382523 -0.057885347339022397 -0.038568094934862372 -0.0013535180336534576 0.059638255086904624 -0.035833678071885866 0.094393518590635481 0.015887852387596449 -0.032254775960426571 0.077842026212240317 -0.73027079031632891 -0.057495033392452322 0.06214743097852362 0.035581902506319096 0.089516194321681064 -0.018581515283071996 0.088799806369455517 0.0042610703073535684 0.017234634686291338 -0.0068677953877976572
leaf_weight=75.477376197231933 205.69615883752704 3.4207191467285147 37.724922625347972 9.9394414525013399 308.98614129808266 30.249241458484903 236.84736957354471 0.13041377812623878 236.89180241595022 174.55706480762456 8.4555404861457628 6.7994144801050416 87.13748670311179 422.19499492296018 150.44272087933496 22.325435471022505 6.4560729116201392 66.236219214741141 42.816700091119856 4.5399499945342532 0.21942683472297964 1.1220071555580944 44.729184732539579 60.065447785425931 19.742847356945276 26.513398555573076 5.054967885836958 25.473321971250698 162.61766597535461 175.73775279661641
leaf_count=3356 2149 52 1521 918 137513 4497 29515 7 15954 70989 319 218 11331 9084 46073 919 82 1767 1626 605 15 111 7552 4758 5379 1712 53 1024 9359 7664
internal_value=-0.00037471 -0.00862806 -0.0185134 -0.0308634 -0.0402615 0.0442691 -0.0532656 0.00158643 -0.00200298 0.0655008 0.0171708 0.0327397 -0.00302341 -0.00772025 0.0545563 0.023625 -0.00680395 0.0035462 -0.00301406 -0.0166238 0.0174111 -0.167545 0.0604206 0.0187758 0.0320902 0.0189952 0.00483747 0.0348298 0.00595382 -0.00419293
internal_weight=2658.6 2243.79 1622.21 1004.82 757.986 414.812 545.834 617.39 246.831 231.672 621.582 274.751 572.531 509.332 157.242 57.1146 212.152 117.508 109.053 26.8654 183.141 1.34143 44.8596 181.799 106.322 86.5788 346.831 63.1982 343.41 180.793
internal_count=376122 283781 216650 186131 169259 92341 167028 30519 16872 77010 67131 50003 22960 20415 46291 6021 2231 3712 3393 1524 15331 126 7559 15205 11849 6470 17128 2545 17076 7717
is_linear=0
shrinkage=0.08


Tree=71
num_leaves=31
num_cat=0
split_feature=7 0 2 12 12 8 7 1 12 5 7 0 11 8 5 7 0 11 0 0 0 7 5 8 7 8 8 8 4 2
split_gain=184.25 140.565 56.5899 31.9466 25.4371 23.2194 18.9857 18.533 17.9454 16.3811 15.1504 13.5491 13.0014 12.6768 12.2153 14.3839 11.6806 11.0522 10.3368 8.85484 8.46878 8.34425 6.94177 6.84773 7.90513 6.82909 5.64614 5.58865 5.09515 5.06966
threshold=0.61583185195922863 0.76035815477371227 0.89512962102890026 -1.0000000180025095e-35 -1.0000000180025095e-35 0.22542115300893786 0.99180272221565258 0.51471862196922313 1.0000000180025095e-35 1.5000000000000002 0.5266309678554536 0.87772271037101757 1.0000000180025095e-35 0.39141936600208288 1.0000000180025095e-35 0.23745594918727878 0.53948158025741588 -1.0000000180025095e-35 0.96253570914268505 0.69880765676498424 0.96050566434860241 0.46583126485347753 1.5000000000000002 0.50112107396125805 0.98080605268478405 0.50112107396125805 0.53371214866638195 0.38967698812484747 0.9767441749572755 0.87298336625099193
decision_type=2 2 2 2 2 2 2 2 2 2 2 2 2 2 2 2 2 2 2 2 2 2 2 2 2 2 2 2 2 2
left_child=1 5 6 22 9 21 12 16 14 20 -7 -10 18 27 -6 -16 -8 -5 25 -18 26 29 -4 -24 -25 -2 -3 -12 -15 -1
right_child=2 4 3 17 8 10 7 -9 11 -11 13 -13 -14 28 15 -17 19 -19 -20 -21 -22 -23 23 24 -26 -27 -28 -29 -30 -31
leaf_value=-0.021418634653379974 0.016179105307699788 -0.0045132078369712952 0.084841352809620865 -0.029181539520188898 0.16551094974181177 -0.072929810281814431 0.029377832624245731 0.068761185523912374 -0.022022106229697171 -0.060644697133734521 0.042422806354298077 0.10649114668827776 0.095443982491738133 -0.061821255957800844 0.0030950302991543293 -0.035177860422201813 -0.037396051844618888 0.067448899947498614 0.06444883619994099 0.081085391289948849 0.21159404031742107 0.15343915392141327 0.06343836287568104 -0.0057897253626601718 0.072071755605449872 -0.0016064581033459634 0.51370596194478113 0.35887301856855031 -0.0050987885764834989 0.16040263108888048
leaf_weight=59.443643681472167 180.34194600454066 4.2225876816082737 8.2088220482692105 7.8283373832236967 2.8404035046696654 316.92571449000388 115.38471246510744 62.05298258701805 7.4465000857599106 63.141209264518693 9.4077338040806318 17.803082071943209 10.064290996990165 34.80927569209598 629.13167758425698 69.820207241456956 32.031876025022939 234.39176867867354 17.663414934999309 4.6191697586327782 1.9773238557390866 1.8639303282834578 12.899297052528707 89.602885896340013 9.2024210803210718 590.8258123305859 0.13898550579324354 0.37126622605137605 14.298112193122504 0.99792950600385566
leaf_count=3328 5003 851 1215 414 43 152797 7336 21259 810 14780 1113 658 1676 8616 8994 11569 506 90592 3912 732 47 47 510 4424 1102 33138 11 16 573 5
internal_value=0.000322917 -0.0221104 0.0204645 0.0476074 -0.00209083 -0.0585071 0.0107611 0.0319179 0.00232869 -0.0483368 -0.066006 0.0685906 0.00509153 -0.0287421 -5.53241e-05 -0.000728153 0.0168805 0.0643259 0.00393877 -0.0224637 0.0742606 -0.0132754 0.0138368 0.00861888 0.00146205 0.0025528 0.0120003 0.054437 -0.0453059 -0.0184166
internal_weight=2609.76 1234.64 1375.12 362.134 796.522 438.118 1012.98 214.089 727.042 69.4801 375.812 25.2496 798.895 58.8864 701.792 698.952 152.036 242.22 788.831 36.651 6.3389 62.3055 119.913 111.705 98.8053 771.168 4.36157 9.779 49.1074 60.4416
internal_count=376077 204258 171819 98257 37763 166495 73562 29833 22074 15689 163115 1468 43729 10318 20606 20563 8574 91006 42053 1238 909 3380 7251 6036 5526 38141 862 1129 9189 3333
is_linear=0
shrinkage=0.08


Tree=72
num_leaves=31
num_cat=0
split_feature=7 1 14 7 7 7 3 14 12 5 3 12 5 1 7 7 12 5 0 0 1 4 4 5 4 0 14 11 7 7
split_gain=154.438 85.1378 77.954 40.1122 36.8053 67.2401 34.871 31.6619 26.2978 24.143 22.5756 15.0537 30.0769 13.766 12.2282 29.9927 9.45388 9.32075 11.8782 9.11823 8.98947 8.08204 11.5723 7.92518 6.91002 6.77748 6.65566 6.51498 6.32056 6.2876
threshold=0.79469618201255809 0.87226107716560375 1.0000000180025095e-35 0.98739472031593334 0.5266309678554536 1.0000000180025095e-35 0.46247655153274542 1.0000000180025095e-35 1.0000000180025095e-35 1.5000000000000002 0.88589513301849376 1.0000000180025095e-35 1.0000000180025095e-35 0.37590579688549047 0.25252938270568853 0.41280081868171697 1.0000000180025095e-35 1.0000000180025095e-35 0.84260722994804393 0.66489356756210338 0.99450549483299266 0.52679425477981578 0.5178799331188203 4.5000000000000009 0.037749288603663451 0.41254629194736486 1.0000000180025095e-35 1.0000000180025095e-35 0.57392227649688732 0.9279175102710725
decision_type=2 2 2 2 2 2 2 2 2 2 2 2 2 2 2 2 2 2 2 2 2 2 2 2 2 2 2 2 2 2
left_child=1 4 13 23 5 17 16 25 14 11 -9 12 -6 21 26 -16 -5 -1 -19 -13 -17 22 -2 27 -18 -7 -3 29 -10 -4
right_child=2 8 3 6 9 7 -8 10 28 -11 -12 19 -14 -15 15 20 24 18 -20 -21 -22 -23 -24 -25 -26 -27 -28 -29 -30 -31
leaf_value=0.12370025062664515 0.010581296415146695 0.040336282071581665 0.0086979073879201625 0.081792415521811768 0.13256348263633921 0.047707675643460144 0.071445266251086173 -0.07799153965996429 0.11541181388091609 -0.074330783804895315 0.83703833721031662 -0.016112241975358904 -0.018383255649334743 0.079677682387780363 -0.070511664043025044 0.060690209709048794 0.085771808644745623 -0.037930856229203579 0.0038946816082246036 0.037856562386751731 -0.0051989894364574216 0.062154608588132015 -0.24286988635684115 -0.085683613091229391 0.00036518923047471129 -0.024476589131066838 0.003691922623795571 0.082262277791795055 0.045634191419854246 -0.0080114267758294652
leaf_weight=3.3199494890868655 22.670055449008945 34.040520792361349 335.45961691485718 11.181604589102788 14.846351285581475 13.251116234809158 116.86426258867141 295.42950281582307 12.429603478056377 33.961582392919809 0.17266435595229168 188.39107831765432 19.603444378008135 153.1028145600576 50.241053735720925 15.217042379197663 6.4026813316158941 68.847886633127928 117.82597839226946 22.420134641928598 102.6290891347453 25.993600376648828 1.2147310646250833 6.610451773274689 114.22469373210333 22.391118957195431 465.68752252892591 6.4658710062503806 25.055753428838216 252.69656628719531
leaf_count=33 1048 3631 10493 1639 472 125 46725 162752 513 1221 4 12466 834 73221 13211 1239 58 1411 1024 1041 6449 5061 34 271 4929 771 4525 954 4795 15380
internal_value=-0.000260641 -0.0166958 0.0232437 0.0126057 -0.0345521 -0.0471075 0.0396297 -0.0688686 0.00356961 -0.0111142 -0.0774571 -0.00236052 0.0466682 0.0677864 -9.02525e-05 -0.0187559 0.0114215 -0.00916812 -0.0115312 -0.0103726 0.00330904 0.0312857 -0.00230871 0.00142844 0.00489842 0.00236017 0.00618807 0.00239687 0.0687714 0.00151888
internal_weight=2558.65 1505.76 1052.89 849.906 800.461 521.238 248.673 331.244 705.301 279.223 295.602 245.261 34.4498 202.981 667.815 168.087 131.809 189.994 186.674 210.811 117.846 49.8784 23.8848 601.233 120.627 35.6422 499.728 594.622 37.4854 588.156
internal_count=376330 216517 159813 80449 182154 166120 53351 163652 34363 16034 162756 14813 1306 79364 29055 20899 6626 2468 2435 13507 7688 6143 1082 27098 4987 896 8156 26827 5308 25873
is_linear=0
shrinkage=0.08


Tree=73
num_leaves=31
num_cat=0
split_feature=7 3 14 7 5 7 3 8 14 12 8 3 14 2 5 8 8 8 4 12 5 12 8 3 8 7 1 8 8 0
split_gain=137.86 71.9748 69.3511 52.6323 32.0312 28.2463 40.0681 26.8709 22.3577 21.567 19.6533 16.9061 15.3465 12.8848 10.5088 10.2051 9.99013 10.4563 10.8947 9.9445 9.88964 7.70018 7.69807 9.32854 7.99038 7.5713 9.89703 6.81542 8.53885 6.50943
threshold=0.79469618201255809 0.58898946642875682 1.0000000180025095e-35 0.5266309678554536 1.0000000180025095e-35 0.98739472031593334 0.48683299124240881 0.20789610594511035 1.0000000180025095e-35 -1.0000000180025095e-35 0.63185164332389843 0.37089946866035467 1.0000000180025095e-35 0.37394067645072943 4.5000000000000009 0.22542115300893786 0.36402158439159399 0.73538899421691906 0.73956522345542919 1.0000000180025095e-35 1.5000000000000002 -1.0000000180025095e-35 0.92071351408958446 0.86391696333885204 0.94617217779159557 0.54708918929100048 0.17467582225799563 0.961643546819687 0.94617217779159557 0.86967304348945629
decision_type=2 2 2 2 2 2 2 2 2 2 2 2 2 2 2 2 2 2 2 2 2 2 2 2 2 2 2 2 2 2
left_child=1 3 11 7 -3 14 19 29 21 10 20 13 -11 -2 22 -14 25 18 -18 -7 -6 -9 23 -4 -24 26 -5 28 -16 -1
right_child=2 4 5 16 9 6 -8 8 -10 12 -12 -13 15 -15 27 -17 17 -19 -20 -21 -22 -23 24 -25 -26 -27 -28 -29 -30 -31
leaf_value=-0.025323153884299333 0.031540494437612587 0.11399508141084551 0.0022601194298872869 0.34781022146047952 0.036900178176571548 0.081593055083753127 0.072035188197395739 0.16264446647255665 -0.077798034341049843 0.033865076643992638 0.037581397752966386 0.079664454197874726 0.0014726171292788401 -0.23211439888223898 -0.094909401695432688 -0.025130628191192775 -0.037817995634040841 0.072151197565097608 0.00047940675234487356 0.00011576432681066547 -0.057071886250903099 -0.014737182373655575 -0.047587620062897823 0.028434721842448513 -0.00048971898016011289 0.024961007478513098 0.020339563957188798 0.086524077227296353 -0.41440590787995779 0.044545290022953474
leaf_weight=70.732074371771887 47.175999625702389 15.017717415583318 370.24306500563398 1.1185577746946394 7.770770786679349 10.387454926967619 106.54344622290228 1.6560350190848137 239.36362307996023 81.776125864591449 19.732073297724128 141.97098506405018 573.99425645533483 1.2168722669593979 5.5900661973282686 109.96384613087866 91.525170779204927 8.6210602018982154 98.920676543843001 124.43635233584791 92.311357502709143 28.891357054002583 33.620811807457358 113.96739996410906 73.350823464570567 23.834780470002443 1.2515597923193125 1.1508326260372994 0.59206381626427163 9.7051381878554803
leaf_count=2130 6446 835 7448 53 1217 1680 46472 23 145902 9705 525 72865 5401 62 199 17327 11053 152 1873 5099 18634 803 1674 12348 5441 655 219 55 10 83
internal_value=-0.000310827 -0.0159849 0.0221477 -0.0380802 -0.00186213 0.0122661 0.0353686 -0.0574779 -0.0695728 -0.00382691 -0.0353888 0.0657454 0.00111157 0.0249107 0.00294936 -0.00280454 -0.00791228 -0.0140247 -0.0179257 0.00639315 -0.0497755 -0.00512097 0.00412998 0.00842077 -0.0152924 0.0385211 0.174887 -0.0922315 -0.125508 -0.0168932
internal_weight=2506.43 1476.19 1030.25 575.62 900.566 839.882 241.367 350.348 269.911 885.548 119.814 190.364 765.734 48.3929 598.515 683.958 225.272 199.067 190.446 134.824 100.082 30.5474 591.182 484.21 106.972 26.2049 2.37012 7.33296 6.18213 80.4372
internal_count=376389 216590 159799 162946 53644 80426 53251 148941 146728 52809 20376 79373 32433 6508 27175 22728 14005 13078 12926 6779 19851 826 26911 19796 7115 927 272 264 209 2213
is_linear=0
shrinkage=0.08


Tree=74
num_leaves=31
num_cat=0
split_feature=14 8 1 4 8 8 8 12 0 1 5 5 1 4 3 12 12 5 8 12 0 1 5 1 12 5 8 0 12 1
split_gain=101.811 54.1212 43.7283 34.9305 35.4429 30.7979 27.5423 19.822 15.8066 14.9898 23.4474 12.9237 12.275 12.2691 11.5679 21.9871 16.2548 16.1259 11.2246 10.6393 10.1719 10.005 10.7202 9.90195 13.1302 10.3778 9.8625 8.75435 8.61071 9.87059
threshold=1.0000000180025095e-35 0.68592283129692089 0.89725545048713695 0.9767441749572755 1.0000000180025095e-35 0.54353401064872753 0.43085423111915594 1.0000000180025095e-35 0.61704328656196605 0.99450549483299266 2.5000000000000004 2.5000000000000004 0.9529346525669099 0.14119601994752887 0.39780220389366155 1.0000000180025095e-35 1.0000000180025095e-35 2.5000000000000004 0.70018050074577343 -1.0000000180025095e-35 0.60527339577674877 0.24068965017795566 1.0000000180025095e-35 0.77058029174804699 1.0000000180025095e-35 2.5000000000000004 0.81362375617027294 0.93671995401382457 -1.0000000180025095e-35 0.43951219320297247
decision_type=2 2 2 2 2 2 2 2 2 2 2 2 2 2 2 2 2 2 2 2 2 2 2 2 2 2 2 2 2 2
left_child=5 2 3 4 27 23 -6 -5 20 11 19 -4 -13 -12 16 17 -3 -16 -19 -11 -7 -18 -23 28 25 -25 -22 -2 29 -1
right_child=1 14 9 7 6 8 -8 -9 -10 10 13 12 -14 -15 15 -17 21 18 -20 -21 26 22 -24 24 -26 -27 -28 -29 -30 -31
leaf_value=0.22926850417124214 -0.011397783462044063 0.073745630800109652 0.070353875991444922 0.11798929830169973 -0.068675274221569646 0.031638963375843682 -0.028933611257215514 -0.0045949659412730208 0.079205588453396883 -0.046553989774789709 0.038175244149116112 -0.074723490098730222 0.076129390610936543 -0.0082565251989996664 0.021086490693495118 0.042616581980297295 0.0073746888200304861 -0.1995474683258826 -0.018127605115615182 -0.007587927014087603 -0.38193045477815335 -0.036505997711724712 0.090651540108929049 0.03712275933768542 0.091107769539069711 -0.022331008617955197 0.081263183876041784 0.058118594079438923 -0.012772616115792959 -0.012546876982784288
leaf_weight=2.0779925025999537 173.85703409556299 16.769429960753769 34.80138525122311 8.7669334819074702 217.69825216021854 48.678875574842095 229.01374492491595 227.94971919199452 123.92744443856645 51.393278004368767 112.49298018310219 9.3255828083492798 5.4812666793586677 53.860483894590288 146.00253391521983 176.44312844052911 110.06169182481244 2.2429549675434819 81.172162576694973 351.99377155408729 0.75235716439783462 77.486007870873436 4.4890597562771282 61.679989782744087 19.769967073341832 27.021679762750864 0.48311558924615383 12.422297483310102 69.002665483742021 2.2501667966134846
leaf_count=106 2037 1571 2360 891 126631 7318 39807 15919 66842 7489 5066 716 232 2004 11955 45197 4344 64 4374 12279 51 545 158 5461 7200 1990 103 141 3264 97
internal_value=0.000233234 -0.00645928 -0.0147034 -0.0262724 -0.0360768 0.0398211 -0.0483011 -5.49892e-05 0.0638961 0.00154217 -0.0021303 0.0437197 -0.0188801 0.023142 0.0135124 0.0213843 -0.00178836 0.00505475 -0.0230058 -0.0125524 0.0258856 -0.0083843 -0.0295427 0.0168004 0.0321513 0.019011 -0.200805 -0.00676199 -0.00590691 0.103551
internal_weight=2459.37 2103.72 1489.06 869.708 632.991 355.644 446.712 236.717 173.842 619.349 569.741 49.6082 14.8068 166.353 614.667 405.861 208.806 229.418 83.4151 403.387 49.9143 192.037 81.9751 181.802 108.472 88.7017 1.23547 186.279 73.3308 4.32816
internal_count=376212 283780 215572 185426 168616 92432 166438 16810 74314 30146 26838 3308 948 7070 68208 61590 6618 16393 4438 19768 7472 5047 703 18118 14651 7451 154 2178 3467 203
is_linear=0
shrinkage=0.08


Tree=75
num_leaves=31
num_cat=0
split_feature=14 2 12 3 1 0 0 5 12 1 3 12 12 5 11 0 0 3 5 1 5 12 1 0 4 5 12 1 3 1
split_gain=85.5668 46.8973 33.1323 29.1003 25.1109 17.8898 34.9922 37.6525 29.0916 15.7974 17.8333 15.4156 9.98523 9.41884 8.22026 7.48169 9.05511 7.45025 6.86517 5.55985 4.48342 7.0809 3.9212 6.90607 3.55932 6.51352 3.47834 3.38247 4.21285 2.49144
threshold=1.0000000180025095e-35 0.89512962102890026 1.0000000180025095e-35 0.91024166345596325 0.82097071409225475 1.0000000180025095e-35 0.66112166643142711 1.0000000180025095e-35 1.0000000180025095e-35 0.99450549483299266 0.84262126684188854 1.0000000180025095e-35 1.0000000180025095e-35 2.5000000000000004 1.0000000180025095e-35 0.33743417263031011 0.85716116428375255 0.89699381589889537 3.5000000000000004 0.3310502320528031 2.5000000000000004 -1.0000000180025095e-35 0.82446312904357921 0.87501323223114025 0.14119601994752887 4.5000000000000009 1.0000000180025095e-35 0.69631093740463268 0.6705426573753358 0.94474968314170849
decision_type=2 2 2 2 2 2 2 2 2 2 2 2 2 2 2 2 2 2 2 2 2 2 2 2 2 2 2 2 2 2
left_child=4 3 9 5 15 8 12 -8 -2 13 -11 18 -7 -3 -12 19 20 -15 22 26 21 -17 23 -6 -20 -26 -1 -18 -29 -5
right_child=1 2 -4 29 11 6 7 -9 -10 10 14 -13 -14 17 -16 16 27 -19 24 -21 -22 -23 -24 -25 25 -27 -28 28 -30 -31
leaf_value=0.10043521201436423 0.10521795592997019 0.07594426264464274 0.058178186433826162 0.095883933011296441 0.92062659715234407 -0.0079532373927557239 0.073687092692655595 -0.011537360537931545 -0.0029041787474407724 0.074373974877424337 -0.0049899973679698216 0.080727342204820973 -0.039880875601190947 -0.13861876248524582 0.09129126304961141 0.10064458969713191 0.084934094461622214 0.025475865663475303 -0.0013316021011843399 0.50093294656151699 -0.29005201434067573 -0.014518394251592804 0.041322436204761552 0.082409430681067888 -0.061119528584451639 -0.45568160773872068 0.030335761600179777 -0.093723444521265173 0.039917754588581475 0.040015211645095826
leaf_weight=5.355472363298758 16.845400035730563 29.729479014524259 92.94564335863106 15.030478569911795 0.089251220924778774 73.776261656777933 34.830618769978173 699.08105817309115 291.9472743346123 19.855750701157376 360.07485276216175 86.718778178910725 417.22541136667132 2.3705441281199437 5.7660941553767762 3.5669213356450191 8.996201478410514 6.998781128320843 7.8635851385770348 0.16913023788947512 0.36659279116429289 81.285831963410601 105.23233471123967 0.21311984304338694 1.9572588374139743 0.31021191296167661 29.400258975336328 1.7764807831263159 10.050654253805986 7.7386626939987755
leaf_count=1241 2246 2240 35971 2522 13 17314 4270 53555 21915 718 17180 52830 122582 69 1871 282 3150 406 1351 24 19 5455 21191 45 190 35 3459 277 2908 922
internal_value=0.000179815 -0.00594363 0.0149134 -0.0128814 0.037172 -0.0142143 -0.0185524 -0.0074927 0.00299415 0.00544698 0.000535064 0.0552281 -0.0350835 0.0539014 -0.00347249 0.0112493 0.000672432 -0.0160419 0.0361103 0.043364 -0.0108834 -0.00967733 0.042149 0.329827 -0.0267944 -0.115099 0.0411373 0.0479647 0.0198443 0.0768955
internal_weight=2417.57 2074.22 517.741 1556.48 343.352 1533.71 1224.91 733.912 308.793 424.796 385.697 202.385 491.002 39.0988 365.841 140.968 106.043 9.36933 115.666 34.9249 85.2193 84.8528 105.535 0.302371 10.1311 2.26747 34.7557 20.8233 11.8271 22.7691
internal_count=376251 283781 58455 225326 92470 221882 197721 57825 24161 22484 19769 75655 139896 2715 19051 16815 12091 475 22825 4724 5756 5737 21249 58 1576 225 4700 6335 3185 3444
is_linear=0
shrinkage=0.08


Tree=76
num_leaves=31
num_cat=0
split_feature=14 8 2 8 0 8 8 0 12 12 2 0 11 3 12 12 5 8 3 2 0 1 12 1 5 0 12 2 3 5
split_gain=75.5748 45.7182 30.9578 27.7997 25.5264 27.161 28.6214 25.5022 19.2119 17.22 16.7144 15.1637 11.5264 10.4518 21.3586 14.4339 12.8293 9.77606 11.8894 11.2876 9.41444 7.29554 10.6284 6.98787 6.93172 6.82256 7.13965 6.61569 6.54484 6.26852
threshold=1.0000000180025095e-35 0.68592283129692089 0.680425524711609 0.51079359650611889 0.30595238506793981 1.0000000180025095e-35 0.42022895812988287 0.61200889945030224 1.0000000180025095e-35 1.0000000180025095e-35 0.6705426573753358 0.47622655332088476 -1.0000000180025095e-35 0.39780220389366155 1.0000000180025095e-35 1.0000000180025095e-35 1.5000000000000002 1.0000000180025095e-35 0.68614074587821972 0.88548010587692272 0.41921134293079382 0.82097071409225475 1.0000000180025095e-35 0.59491634368896495 2.5000000000000004 0.41593323647975927 1.0000000180025095e-35 0.26766170561313635 0.15535445511341098 1.5000000000000002
decision_type=2 2 2 2 2 2 2 2 2 2 2 2 2 2 2 2 2 2 2 2 2 2 2 2 2 2 2 2 2 2
left_child=3 2 4 21 8 10 -7 11 -2 17 -6 -5 -3 15 16 29 -15 18 -4 -19 -17 25 -23 27 -11 26 -1 -13 -27 -14
right_child=1 12 9 7 5 6 -8 -9 -10 24 -12 23 13 14 -16 20 -18 19 -20 -21 -22 22 -24 -25 -26 28 -28 -29 -30 -31
leaf_value=0.15573989633050611 0.1129437702844422 -0.06540360254533685 0.067726675551180684 0.05306730343965578 -0.0012678659477033806 -0.070234559365768195 -0.026092490092384388 0.078790331540059586 -0.0076241206820245816 0.029279955595405305 -0.14488788333458089 0.012242716950759574 0.085021734696167126 0.048642365118552314 0.043461943122813422 0.014409785781643989 -0.0035351965928027986 -0.041542471799821498 -0.0015300031509907944 0.00094799454859856736 -0.021715833634297046 0.015131582172932688 0.090793606061170901 0.081134076595023169 0.10426540273082106 -0.26768464219471133 0.012693122830018159 -0.07987925359605931 -0.02105676802958005 -0.18865596306215854
leaf_weight=2.5106619255384457 8.7772973940009233 11.942855590023099 16.431374413892627 27.055029558367096 148.79909659735858 171.9015520910034 207.46438001084607 115.28108642873121 232.79901993030217 36.661267126793973 5.3733703326433888 7.5530261006206336 14.466631653485816 36.254365011351183 165.2497636344051 79.482044181786478 179.38025687413756 86.745782293262891 459.57638818304986 74.271926745888777 110.15129432780668 82.194808410131373 13.890074383700265 3.0170368002727619 10.053392665577119 0.6986780846491446 20.196252848021686 14.697942152153699 47.950913197011687 0.556226219050587
leaf_count=291 932 272 148 5134 1822 112102 44300 69414 18952 5553 44 448 1582 4631 45120 4030 11550 16659 4203 8775 958 6531 5451 1458 2298 29 788 549 2223 8
internal_value=-0.000498945 -0.00623956 -0.0138734 0.034734 -0.0248188 -0.0345877 -0.0460945 0.0577669 -0.00324348 -0.00146529 -0.00627345 0.0114468 0.0123998 0.0139867 0.0218214 -0.000594486 0.00523735 -0.00490331 0.000860677 -0.0219431 -0.00657431 0.0116788 0.0260693 -0.0331172 0.0454175 -0.00769871 0.0285095 -0.0486087 -0.0245987 0.0748887
internal_weight=2391.38 2056.34 1458.85 335.046 775.115 533.538 379.366 167.604 241.576 683.74 154.172 52.323 597.483 585.541 380.884 204.656 215.635 637.025 476.008 161.018 189.633 167.441 96.0849 25.268 46.7147 71.3565 22.7069 22.251 48.6496 15.0229
internal_count=376255 283939 215788 92316 178152 158268 156402 77003 19884 37636 1866 7589 68151 67879 61301 6578 16181 29785 4351 25434 4988 15313 11982 2455 7851 3331 1079 997 2252 1590
is_linear=0
shrinkage=0.08


Tree=77
num_leaves=31
num_cat=0
split_feature=7 0 7 7 2 12 5 12 1 7 5 2 4 1 12 7 1 0 11 5 12 5 1 3 1 5 4 12 5 3
split_gain=97.8693 62.5172 47.51 27.0647 24.275 25.7247 23.1239 12.9802 12.2048 13.7185 11.4565 8.84615 17.2983 8.0573 10.1878 7.79283 15.3926 8.15162 7.66653 7.13127 7.10626 28.9287 8.94056 15.9554 6.81837 6.17447 5.51804 12.7163 5.00316 9.96882
threshold=0.80503642559051525 0.75395557284355175 0.5266309678554536 1.0000000180025095e-35 0.89512962102890026 -1.0000000180025095e-35 1.0000000180025095e-35 -1.0000000180025095e-35 0.89039039611816417 0.45341086387634283 4.5000000000000009 0.34851622581481939 0.30495168268680578 0.75905716419219982 1.0000000180025095e-35 0.99180272221565258 0.51471862196922313 0.53948158025741588 -1.0000000180025095e-35 3.5000000000000004 1.0000000180025095e-35 1.0000000180025095e-35 0.45773810148239141 0.24068965017795566 0.99450549483299266 1.5000000000000002 0.9767441749572755 1.0000000180025095e-35 2.5000000000000004 0.81120249629020702
decision_type=2 2 2 2 2 2 2 2 2 2 2 2 2 2 2 2 2 2 2 2 2 2 2 2 2 2 2 2 2 2
left_child=1 2 3 11 10 -6 -3 8 19 -10 15 12 -1 25 -15 28 17 -17 -7 -8 21 -4 23 -22 -13 -9 -5 -28 29 -2
right_child=4 6 20 26 5 18 7 13 9 -11 -12 24 -14 14 -16 16 -18 -19 -20 -21 22 -23 -24 -25 -26 -27 27 -29 -30 -31
leaf_value=0.30717112575984301 0.0053543723350012165 0.1094900787112638 0.1353951826060994 -0.075020896346656082 0.0075316655219616214 -0.023194928353332075 -0.068852640300959222 -0.010331633941992428 -0.055772018910981158 0.012262864365640253 -0.15126829955624208 -0.034308372758869152 0.0036081747802331633 0.0016042709598743758 0.042909940979303708 0.023764132462142266 0.066395498426374558 -0.0208764504605072 0.063922646562321703 -0.6566107080713276 -0.0048833614476850246 -0.038145958985941607 0.046558531305625879 -0.058999437284825158 0.041016358698879596 -0.060387707398034424 0.22445307629415323 -0.050229279009685462 -0.019115488380403414 0.042996911870511904
leaf_weight=1.6539550647139538 408.0285275215283 11.920192857738583 10.205839274683969 193.03316416381858 94.538668078137562 6.7515669746790072 30.199247451964769 76.687283375533298 29.537286706268787 53.008705480024219 2.7508056501392266 32.896562571637332 4.3907396672293544 640.32525332923979 40.641089130775072 111.82109420082998 45.968771200859919 34.182526730466634 152.30801100819372 0.13269471842795511 137.09637082065456 15.460057652322574 14.520705120521596 46.761763274436817 10.037842160090802 19.854434309061617 1.1080939164385188 40.594865853665397 42.721899652737193 50.611263335624244
leaf_count=32 22274 845 300 140886 6545 359 6690 4443 8085 2309 189 1112 102 18431 6128 7432 21108 1240 85433 58 4235 909 735 7918 121 809 8 12975 3038 11327
internal_value=-0.000461295 -0.0138319 -0.0362871 -0.0580331 0.019391 0.0405814 -0.0011955 -0.00267732 -0.028028 -0.0120819 0.0116709 -0.00394091 0.0866694 0.00100307 0.00406946 0.0123174 0.0260237 0.0133128 0.0602248 -0.0714239 -0.00874943 0.0308613 -0.0138742 -0.018647 -0.0166978 -0.020626 -0.0693198 -0.0429307 0.00706918 0.00950826
internal_weight=2359.75 1410.07 507.76 283.715 949.683 253.598 902.306 890.386 112.878 82.546 696.085 48.9791 6.04469 777.508 680.966 693.334 191.972 146.004 159.06 30.3319 224.045 25.6659 198.379 183.858 42.9344 96.5417 234.736 41.703 501.362 458.64
internal_count=376076 217131 169333 155236 158945 92337 47798 46953 17142 10394 66608 1367 134 29811 24559 66419 29780 8672 85792 6748 14097 1209 12888 12153 1233 5252 153869 12983 36639 33601
is_linear=0
shrinkage=0.08


Tree=78
num_leaves=31
num_cat=0
split_feature=7 8 14 14 7 0 0 7 0 8 12 11 5 4 7 5 12 12 0 0 8 7 0 0 0 2 5 2 5 12
split_gain=90.5589 104.084 52.5288 41.7916 27.5309 22.954 22.7798 22.6643 22.2768 15.814 15.2697 13.1906 9.90342 9.43552 7.68563 7.67338 7.27511 6.75026 7.01751 5.88636 5.60451 5.12527 6.73759 7.16405 12.5083 6.08074 5.91883 4.82005 4.81503 4.74723
threshold=0.57392227649688732 0.22542115300893786 1.0000000180025095e-35 1.0000000180025095e-35 0.97813406586647045 0.63652881979942333 0.84599587321281444 0.49324201047420507 0.87224557995796215 0.48397369682788854 1.0000000180025095e-35 1.0000000180025095e-35 2.5000000000000004 0.9767441749572755 0.95260557532310497 3.5000000000000004 1.0000000180025095e-35 1.0000000180025095e-35 0.44211232662200933 0.84260722994804393 0.20789610594511035 0.45341086387634283 0.6146107316017152 0.62463253736495983 0.61704328656196605 0.38529014587402349 1.5000000000000002 0.66312056779861461 2.5000000000000004 1.0000000180025095e-35
decision_type=2 2 2 2 2 2 2 2 2 2 2 2 2 2 2 2 2 2 2 2 2 2 2 2 2 2 2 2 2 2
left_child=1 21 5 28 9 14 16 -5 13 12 -10 15 -4 -9 17 -11 19 -2 -19 -6 -8 22 25 24 -24 -1 -25 -27 -3 -30
right_child=2 3 4 7 6 -7 20 8 10 11 -12 -13 -14 -15 -16 -17 -18 18 -20 -21 -22 -23 23 26 -26 27 -28 -29 29 -31
leaf_value=0.0094638581999139867 0.068272115163765981 0.0075087419320421503 0.019410742515796858 -0.076386749217272232 0.075273112389791813 0.075633780438235085 -0.41079516532293914 -0.077113848092153228 0.013165027182423961 -0.0032263553896807423 0.18812411584039171 0.098255076981449932 0.10475914370633822 0.024548353437645189 0.054325508641286546 -0.045498656635331571 0.0070584813262268963 0.027222902794068679 -0.043878044980226828 -0.40695423725801649 0.06158588622277783 0.12995108165339306 0.58922790441169692 0.015937928080259175 0.052516073403363076 -0.094779623707137703 -0.0015425926968381024 0.055249228988641388 -0.052820782346015199 0.11193111210973894
leaf_weight=8.7775581387104484 7.2975863502360871 68.91638154105749 146.95683163078502 229.06907614687225 12.978375854785551 120.00535149668576 0.16099645756184955 25.985715137911029 12.037293043104002 624.99771654885262 4.3449277048930517 8.0018029332859424 9.2487083047162724 7.5377324661239973 23.687695003463887 28.746457120403647 143.05882281577215 14.656213879585264 22.557796626468189 0.16405085870064873 102.22678379365243 2.0049341693520537 0.35761638276744534 166.10115018556826 1.2467823487240819 11.410729702329261 488.70728772040457 1.557586125563829 15.211938288994133 1.2082375736208639
leaf_count=1524 1094 1464 3087 168227 2553 77474 3 15228 1030 25598 51 908 232 979 5459 1274 7686 1781 730 37 47934 58 23 2766 72 650 7496 38 221 55
internal_value=0.00118209 -0.016251 0.015579 -0.0507577 0.00876213 0.0545721 0.0315154 -0.0657436 -0.0168911 0.00156887 0.0595681 -0.00383557 0.0244641 -0.0542551 0.0175113 -0.00508515 0.0122914 -0.00208003 -0.0158759 0.0692537 0.0608431 0.00223151 0.00185391 0.00330528 0.172148 -0.0419564 0.00289158 -0.0767601 -0.00176702 -0.0406979
internal_weight=2309.22 1044.47 1264.75 364.311 1076.54 188.205 258.589 278.975 49.9057 817.952 16.3822 661.746 156.206 33.5234 68.1993 653.744 156.201 44.5116 37.214 13.1424 102.388 680.164 678.159 656.413 1.6044 21.7459 654.808 12.9683 85.3366 16.4202
internal_count=375732 199882 175850 187255 89312 86538 58213 185515 17288 31099 1081 27780 3319 16207 9064 26872 10276 3605 2511 2590 47937 12627 12569 10357 95 2212 10262 688 1740 276
is_linear=0
shrinkage=0.08


Tree=79
num_leaves=31
num_cat=0
split_feature=14 8 8 1 1 3 1 1 8 5 12 5 3 4 4 8 5 8 5 8 3 4 3 2 1 12 5 1 3 3
split_gain=59.8347 29.9853 27.4837 23.1454 22.9429 19.2584 17.5056 14.0171 12.293 10.1509 10.688 9.36108 9.60578 10.5675 11.5038 7.97321 7.79769 8.2221 7.43574 7.40318 7.24075 6.94286 9.14042 8.93139 6.35881 11.0745 7.59541 6.50384 7.80241 6.21286
threshold=1.0000000180025095e-35 0.76825228333473217 0.52342721819877636 0.93127068877220165 0.99450549483299266 0.88047617673873912 0.45222154259681707 0.88067796826362621 0.22542115300893786 2.5000000000000004 1.0000000180025095e-35 3.5000000000000004 0.81284341216087352 0.73956522345542919 0.72046512365341198 0.83192920684814464 2.5000000000000004 0.86460605263710033 2.5000000000000004 0.9783390760421754 0.24807692319154742 0.21132376790046695 0.92893216013908397 0.83910790085792553 0.82097071409225475 1.0000000180025095e-35 2.5000000000000004 0.11269841343164445 0.15535445511341098 0.85592186450958263
decision_type=2 2 2 2 2 2 2 2 2 2 2 2 2 2 2 2 2 2 2 2 2 2 2 2 2 2 2 2 2 2
left_child=2 3 24 5 -5 7 20 8 -2 29 -11 12 13 14 -3 -15 -14 -18 -9 21 -4 22 -13 -23 27 26 -26 -1 -29 -6
right_child=1 11 6 4 9 -7 -8 18 -10 10 -12 19 16 15 -16 -17 17 -19 -20 -21 -22 23 -24 -25 25 -27 -28 28 -30 -31
leaf_value=0.030561433740068901 -0.00121194113338932 -0.00028297302956973696 0.053461788322657092 0.071342210603957859 0.0010791920152354937 0.048836604507630221 0.078286441729390019 -0.04153340188937072 -0.024521941116620254 0.0090563836417723465 0.093069002371298615 0.06554883079048604 0.042511979469835676 -0.011410291000764065 -0.24944873442602092 0.061078166104861976 0.054005981880484041 -0.013958159031963633 -0.13767473516920078 0.080549451122215662 -0.0095157849718660592 0.038651014804586908 -0.0662213714612334 -0.24521384595081497 0.030070894029637182 0.09589927040471595 -0.023691853764606374 -0.22062192940876416 -0.017535897577739643 -0.018367815604309303
leaf_weight=20.781251211068593 185.0395806406159 215.07100047834683 21.143737365491688 28.380901875090785 203.35389091819525 25.999550716951489 94.577493583085015 11.114075867808424 665.74427898688009 161.5597238043556 10.309897214057854 4.5156506325583985 111.74108157982118 13.663531058002262 1.1924674038309593 33.573140282183886 16.054247285821475 39.228851387044415 9.5919551683473401 3.0571917499182737 26.115308073465712 1.0217163581401103 13.268819428281859 2.3204753225436434 54.659036317374557 12.039203683845697 24.292069112882018 1.240243000909685 50.886494911275804 217.69219200976659
leaf_count=1092 4276 11614 4628 2082 10081 1963 70066 1285 181466 5369 2894 332 32002 758 69 3769 1927 7756 706 1390 1407 43 1575 65 4966 6033 1859 44 2433 12545
internal_value=-0.000296438 -0.00539828 0.0326355 -0.0107939 0.00107575 -0.0190109 0.0584194 -0.021035 -0.0194522 -0.00228767 0.014096 0.0126239 0.0153445 0.00583059 -0.00165686 0.0401104 0.0303537 0.00577867 -0.0860703 -0.035807 0.0186604 -0.0526447 -0.0327636 -0.158436 0.0103223 0.0244276 0.0135289 -0.00728124 -0.0223679 -0.00897544
internal_weight=2279.23 1973.49 305.735 1518.79 621.297 897.489 141.837 871.49 850.784 592.916 171.87 454.708 430.524 263.5 216.263 47.2367 167.024 55.2831 20.706 24.1839 47.259 21.1267 17.7845 3.34219 163.898 90.9903 78.9511 72.908 52.1267 421.046
internal_count=376495 283967 92528 222667 32971 189696 76101 187733 185742 30889 8263 61300 57895 16210 11683 4527 41685 9683 1991 3405 6035 2015 1907 108 16427 12858 6825 3569 2477 22626
is_linear=0
shrinkage=0.08


Tree=80
num_leaves=31
num_cat=0
split_feature=7 8 7 2 2 12 0 1 11 8 7 7 1 8 7 11 3 7 12 8 4 12 12 4 7 0 0 4 4 2
split_gain=72.3744 84.0879 32.7863 24.6031 22.5581 20.2717 16.277 15.354 12.7897 10.2425 10.2228 8.22585 10.2544 9.59318 8.0636 7.72512 7.67262 10.6852 7.5894 7.51172 7.0425 6.9225 6.07895 5.89407 5.6564 5.21789 5.05217 5.04171 8.66434 6.22097
threshold=0.59160795807838451 0.26115374267101293 0.46113573014736181 0.83752354979515087 0.89512962102890026 -1.0000000180025095e-35 1.0000000180025095e-35 0.99450549483299266 -1.0000000180025095e-35 0.26518318057060247 0.5266309678554536 0.99180272221565258 0.51471862196922313 0.43551971018314367 0.60336247086524974 1.0000000180025095e-35 0.6926884949207307 0.66849818825721752 1.0000000180025095e-35 0.50112107396125805 0.096006143838167204 1.0000000180025095e-35 1.0000000180025095e-35 0.070598009973764433 0.97713410854339611 0.98677420616149913 0.80350974202156078 0.087595909833908095 0.080540537834167494 0.85145786404609691
decision_type=2 2 2 2 2 2 2 2 2 2 2 2 2 2 2 2 2 2 2 2 2 2 2 2 2 2 2 2 2 2
left_child=1 27 26 6 11 14 21 10 25 -8 -5 13 22 16 -6 20 23 -18 -9 -16 -15 -4 -13 -2 -21 -7 -3 28 -1 -29
right_child=4 2 3 7 5 8 9 18 -10 -11 -12 12 -14 15 19 -17 17 -19 -20 24 -22 -23 -24 -25 -26 -27 -28 29 -30 -31
leaf_value=0.0058994289789295528 -0.10586836184336973 -0.073715802337953398 0.21614154029702173 0.36778106859470233 0.36576868010115898 0.084438717450086131 0.79636795296529561 0.0056527236306714284 0.057532597449272478 -0.054489435924320068 0.10599850098361188 0.081266344935202628 0.058441199687216464 0.02121277708395343 0.065556606267307804 0.081898447641007788 0.23518797205360828 0.046548846111496726 0.12590174469780357 -0.0066695787329579823 -0.0036194824650579633 0.016613406593186428 0.0086931973441968687 0.022802994727108953 0.056686914137452089 -0.078418576997695 -0.047507248435404929 -0.00082814125446827676 0.095437038705070684 -0.027270831254467835
leaf_weight=317.41948959615547 2.3402079062070689 156.67629599315114 1.1820377175463388 1.3626896141795466 0.40179640799760719 1.5668603017693374 0.090665470925158753 21.191923098755076 149.55181217915379 68.889830804255325 3.1887828793842345 7.8175214956281698 40.250460060429759 83.707255612360314 12.389924433664417 7.3684787607635363 2.5216078528901553 8.0786514293868077 3.9918584065744609 91.51679658878129 576.42036602972075 19.010933581856079 134.07269306934904 86.275767567218281 10.004469620762391 6.4103248381288722 67.290054912329651 304.53370057989378 7.0708696739748111 70.036599461222067
leaf_count=7394 113 124864 17 123 11 93 12 962 90796 33738 79 1930 21262 9188 602 1656 124 911 186 5085 31715 2580 6731 1965 1527 312 20663 10726 202 929
internal_value=0.00012134 -0.0153654 -0.0478162 -0.0138652 0.0133402 0.033658 -0.0348785 0.0491522 0.052268 -0.0533711 0.184375 0.00751917 0.0228016 0.00388866 0.00801265 0.000438635 0.0270994 0.0914226 0.0247133 0.00675075 -0.000470636 0.0282932 0.0126917 0.019405 -0.000426078 -0.0464305 -0.0658415 0.000551116 0.00785052 -0.00577236
internal_weight=2262.63 1041.94 342.875 118.909 1220.69 271.842 89.1735 29.7353 157.529 68.9805 4.55147 948.853 182.141 766.712 114.313 667.496 99.2162 10.6003 25.1838 113.911 660.128 20.193 141.89 88.616 101.521 7.97719 223.966 699.061 324.49 374.57
internal_count=376496 202475 183224 37697 174021 98426 36347 1350 91201 33750 202 75595 29923 45672 7225 42559 3113 1035 1148 7214 40903 2597 8661 2078 6612 405 145527 19251 7596 11655
is_linear=0
shrinkage=0.08


Tree=81
num_leaves=31
num_cat=0
split_feature=7 1 7 7 12 3 12 0 4 5 12 4 3 1 5 1 7 7 7 0 3 5 11 0 5 4 4 11 1 4
split_gain=59.5444 43.05 24.2583 47.3575 17.3383 16.4026 27.2712 13.9914 15.1606 12.5102 22.4531 15.4127 11.7573 9.79006 18.5292 15.2227 13.3251 11.4924 8.73195 8.11765 33.8562 8.11466 7.49631 7.43648 8.45991 6.79974 9.31798 12.1393 10.1922 8.28468
threshold=0.80503642559051525 0.89725545048713695 0.60336247086524974 1.0000000180025095e-35 1.0000000180025095e-35 0.81284341216087352 -1.0000000180025095e-35 0.95226088166236889 0.9767441749572755 1.0000000180025095e-35 1.0000000180025095e-35 0.091966174542903914 0.45773810148239141 0.99450549483299266 2.5000000000000004 0.9529346525669099 0.25252938270568853 0.37688747048377996 0.48579499125480657 0.75395557284355175 0.84660634398460399 1.5000000000000002 -1.0000000180025095e-35 0.93793785572052013 1.5000000000000002 0.32200460135936743 0.15504807978868487 -1.0000000180025095e-35 0.83457711338996898 0.19399641454219821
decision_type=2 2 2 2 2 2 2 2 2 2 2 2 2 2 2 2 2 2 2 2 2 2 2 2 2 2 2 2 2 2
left_child=1 2 3 23 13 25 21 8 -5 10 -4 -11 -12 14 18 -16 -15 -18 -3 20 -8 -7 -21 24 -1 26 28 -28 -2 -29
right_child=5 4 9 7 -6 6 19 -9 -10 11 12 -13 -14 16 15 -17 17 -19 -20 22 -22 -23 -24 -25 -26 -27 27 29 -30 -31
leaf_value=0.0061316951966880239 0.00067638787193663181 0.050729902349834842 0.12180449000461986 -0.067948459394753191 0.063531735743448586 0.073316649563643116 0.080500054382403818 0.16419894002658086 -0.018860241974976263 0.021419806666184104 -0.004170229707452352 -0.06371183713720352 0.097033900721041719 0.0054000705680733096 -0.093276206742057666 0.082500161764677227 -0.071622276776974844 -0.012023534569458106 0.1561057178177962 -0.018135422251915154 -1.6496618087881936 -0.0011859805867222091 0.058480547656708647 0.053142547142674003 -0.028277308545754162 0.014621930358224891 -0.34664697849769022 -0.067825663888192028 0.064352428778873302 -0.0074684266581669604
leaf_weight=101.27937757177278 84.389550238556694 24.435934661771174 10.529656258702742 211.95438950206153 30.251933481078595 10.139393684919922 0.33317061193520103 1.8160539534292173 49.709866620367393 20.925297834037337 143.91761809680611 38.93599229096435 7.7418764219037248 435.80904358520638 9.8866029067430627 4.6298130868235594 25.673377503524534 107.04392246843781 6.3382071801461271 8.6295136578846705 0.092475335637573153 121.1552214268595 154.54414533905219 13.023517919704316 83.376540915574878 402.70722327730618 0.7318984076846381 18.189999198890291 19.877005361253396 72.822141092736274
leaf_count=1513 5538 1430 489 161681 5676 1832 167 83 13585 687 3587 1054 438 6970 660 163 8127 9483 436 447 33 5937 101743 274 917 33609 15 1001 4475 3826
internal_value=0.00031617 -0.0104321 -0.0244211 -0.0348813 0.00440693 0.0162806 0.0317243 -0.0570871 -0.0586229 -0.00269693 0.00883915 -0.033953 0.000996014 0.00149296 0.037289 -0.0372147 -0.00135866 -0.0235526 0.072433 0.0535185 -0.295393 0.00456758 0.0544287 -0.00528404 -0.00940479 0.00867394 -0.0035463 -0.0221412 0.0128154 -0.0195316
internal_weight=2220.89 1327.28 683.21 461.16 644.069 893.612 294.894 263.48 261.664 222.05 162.189 59.8613 151.659 613.817 45.2906 14.5164 568.526 132.717 30.7741 163.599 0.425646 131.295 163.174 197.679 184.656 598.718 196.011 91.744 104.267 91.0121
internal_count=375876 217253 184308 178053 32945 158623 110159 175349 175266 6255 4514 1741 4025 27269 2689 823 24580 17610 1866 102390 200 7769 102190 2704 2430 48464 14855 4842 10013 4827
is_linear=0
shrinkage=0.08


Tree=82
num_leaves=31
num_cat=0
split_feature=7 8 14 7 14 8 7 3 3 3 8 2 8 4 11 2 5 7 14 3 11 8 1 7 7 7 4 7 8 5
split_gain=55.843 69.6675 45.3705 30.1026 26.5964 26.1196 22.8446 22.1291 21.6219 20.5978 13.1517 33.4068 12.69 10.0207 9.30738 8.93242 8.36983 7.46173 7.38621 6.7779 6.01049 5.86673 5.56937 5.13623 5.00874 4.70696 4.70081 4.69503 7.09906 4.59398
threshold=0.60336247086524974 0.26115374267101293 1.0000000180025095e-35 0.46583126485347753 1.0000000180025095e-35 0.31605799496173864 0.98739472031593334 0.74601566791534435 0.42179392278194433 0.48683299124240881 0.31267458200454717 0.9805186688899995 0.50112107396125805 0.9767441749572755 1.0000000180025095e-35 0.55217784643173229 2.5000000000000004 0.9190867841243745 1.0000000180025095e-35 0.23940297961235049 -1.0000000180025095e-35 0.22542115300893786 0.82097071409225475 0.71010184288024913 0.38932114839553839 0.46882475912570959 0.52041664719581615 0.37469211220741278 0.34800212085247045 4.5000000000000009
decision_type=2 2 2 2 2 2 2 2 2 2 2 2 2 2 2 2 2 2 2 2 2 2 2 2 2 2 2 2 2 2
left_child=1 18 8 4 27 10 12 13 19 -8 -5 -12 16 -7 20 -9 17 -4 22 -2 -14 24 -1 -18 -20 -26 -21 -3 -29 -24
right_child=2 3 6 5 -6 7 9 15 -10 -11 11 -13 14 -15 -16 -17 23 -19 21 26 -22 -23 29 -25 25 -27 -28 28 -30 -31
leaf_value=-0.013415154222573632 0.044500319552329741 -0.041119972631994677 0.021209875569656332 0.13595150860677555 -0.077692253858113652 -0.060603924283748792 0.011448993686142639 0.41502464464943273 0.07585788725111875 0.064685644967139494 0.24500697101403032 2.1970194023568848 -0.053056562484717205 0.0067105091206338596 0.089206030014019236 0.027550519215838488 0.17889139518173211 -0.034781639570623434 -0.00062516779497582024 -0.027603484735904887 -0.0044909167727994774 -0.070081141633582408 0.05300253011178066 0.05299451068907015 0.41457014379631196 0.072868499384930716 0.042670485268008332 0.068935035886185839 -0.016378960194491306 -0.15956850524162269
leaf_weight=12.631165501661597 26.396537134889513 17.66909418348223 145.01170489471406 4.355957575782667 160.14958323870087 57.147153910773341 131.86516973434482 0.38478498987387766 96.71910078561632 71.861570728593506 0.26847730646841217 0.070936871226876974 16.742944869678468 18.812665836652741 6.6747098109917706 36.501672007027082 2.9933655408676696 17.020555655937642 633.76419881801121 24.405917712720111 629.47841850167606 7.7965611453400916 33.183237428893335 6.7520142286084592 0.31880661309696634 1.3527953170705584 8.1185541829327104 9.2547569554299134 19.176755215041339 0.66368350759148498
leaf_count=324 5553 433 2317 709 147343 30331 6781 29 78782 46553 94 8 351 1973 1049 2242 37 439 8422 748 28905 6528 3756 287 55 44 1180 200 475 54
internal_value=0.000531584 -0.0132525 0.0123303 -0.0438646 -0.062279 -0.0115528 0.00623812 -0.0192453 0.0525847 0.0302274 0.173325 0.652974 0.000311821 -0.0439324 -0.00477845 0.0315925 0.019659 0.0153283 0.00111871 0.0143818 -0.0057492 -0.00110669 0.0319171 0.0916647 -0.000260396 0.138038 -0.0100621 -0.00873461 0.0113916 0.0488344
internal_weight=2197.54 1013.5 1184.04 323.792 206.25 117.542 1028.4 112.846 155.64 203.727 4.69537 0.339414 824.674 75.9598 652.896 36.8865 171.778 162.032 689.71 58.921 646.221 643.232 46.4781 9.74538 635.436 1.6716 32.5245 46.1006 28.4315 33.8469
internal_count=376002 203020 172982 183837 148451 35386 86719 34575 86263 53334 811 102 33385 32304 30305 2271 3080 2756 19183 7481 29256 15049 4134 324 8521 99 1928 1108 675 3810
is_linear=0
shrinkage=0.08


Tree=83
num_leaves=31
num_cat=0
split_feature=7 14 0 7 5 7 0 1 12 14 12 5 8 3 5 4 8 8 8 2 8 3 1 5 7 7 8 2 0 8
split_gain=46.5462 39.1716 37.0521 41.9069 20.3685 19.9627 19.9166 15.5435 15.2994 14.6704 12.914 15.9037 12.0612 11.4389 10.9565 10.9572 10.8994 9.68727 9.53546 9.45949 9.4908 8.78097 7.18558 6.95666 6.80869 10.6245 6.53048 6.35611 5.23019 32.1484
threshold=0.80503642559051525 1.0000000180025095e-35 0.66489356756210338 0.5266309678554536 1.0000000180025095e-35 0.98918887972831737 0.76668736338615429 0.44610282778739935 -1.0000000180025095e-35 1.0000000180025095e-35 1.0000000180025095e-35 1.0000000180025095e-35 0.22542115300893786 0.2362911254167557 1.5000000000000002 0.096006143838167204 0.5855005979537965 0.68592283129692089 0.43551971018314367 0.74322345852851879 0.55428233742713939 0.85592186450958263 0.37884436547756201 4.5000000000000009 0.957820624113083 0.9190867841243745 0.20789610594511035 0.20169491320848468 0.7478732466697694 0.99819493293762218
decision_type=2 2 2 2 2 2 2 2 2 2 2 2 2 2 2 2 2 2 2 2 2 2 2 2 2 2 2 2 2 2
left_child=2 7 3 9 -4 16 28 27 14 -1 11 -5 -11 18 15 -6 24 -16 -12 21 -21 -10 -15 -18 25 -3 -8 -2 -7 -30
right_child=1 5 4 10 8 6 26 -9 19 12 13 -13 -14 22 17 -17 23 -19 -20 20 -22 -23 -24 -25 -26 -27 -28 -29 29 -31
leaf_value=-0.001623981833095998 0.057673300875063588 0.027541557588845803 0.094476334287157362 0.13001442636573074 0.12968040099656569 0.013753655713599256 -0.47536484597320405 0.080097359937965393 -0.013083913667865437 -0.020633252345096491 0.029680498483861593 -0.028739901024247328 -0.078184609443894132 -0.06435516672911723 -0.048614966666203213 -0.026465008145909873 -0.00499149046160168 0.027320878422720296 -0.014939626679046324 0.0054026516052185563 0.055000746058136055 0.078916405296765593 0.0028845992683650561 -0.092285403030400878 0.073052285712665477 -0.02914362580197535 0.068470689641012258 -0.0043108188349975894 0.081343502402830462 -1.0329540035359761
leaf_weight=25.05604636343196 17.454052426619455 88.025426867650822 14.158007814374285 9.495981882791968 5.1845606856513751 134.76175648963545 0.14164004102349181 73.098312721471302 257.12232143827714 28.561180492979474 47.173258834518492 7.0271285079652435 126.65371727652382 34.437832688912749 85.297238052182365 6.4599901913898066 419.53101055498701 12.302761244471183 87.521661664941348 499.89575686119497 25.974809148523491 6.8156267029116853 14.43519261467736 5.9252126589417449 13.960791654768398 27.859065091004595 61.698789788817521 26.914981111884117 0.7163243645336469 0.21557403053157032
leaf_count=794 4890 1552 2386 286 528 7467 2 72142 16756 2697 1110 554 139108 6714 19447 1209 23958 354 2983 14910 5003 387 1846 227 705 739 45126 1750 163 72
internal_value=0.000153895 0.0144585 -0.00947011 -0.0304493 -0.000732072 0.00775428 0.0295963 0.0574252 -0.00223138 -0.0584252 -0.00524447 0.0624977 -0.0675946 -0.011342 -0.0302919 0.0430564 -1.54596e-05 -0.039043 0.000687367 0.00164989 0.0078525 -0.0107082 -0.0444952 -0.00620721 0.0202727 0.0139142 0.0672251 0.0200727 0.0124476 -0.176425
internal_weight=2163.88 870.303 1293.57 380.362 913.211 752.836 197.534 117.467 899.053 180.271 200.091 16.5231 155.215 183.568 109.245 11.6446 555.302 97.6 134.695 789.809 525.871 263.938 48.873 425.456 129.845 115.884 61.8404 44.369 135.694 0.931898
internal_count=375865 158793 217072 156092 60980 80011 52830 78782 58594 142599 13493 840 141805 12653 21538 1737 27181 19801 4093 37056 19913 17143 8560 24185 2996 2291 45128 6640 7702 235
is_linear=0
shrinkage=0.08


Tree=84
num_leaves=31
num_cat=0
split_feature=14 7 7 7 7 1 7 0 8 7 3 8 8 3 1 1 8 0 1 0 11 7 8 8 0 1 12 12 12 7
split_gain=43.8171 30.095 61.7766 54.8526 20.985 17.1905 14.0842 24.1108 12.1336 15.9907 11.2498 7.99796 10.6813 11.6204 6.54451 9.10752 12.2568 6.29469 14.6062 5.43453 5.05528 4.62562 13.3403 29.9729 5.61319 5.88308 19.867 9.23882 5.29289 4.35433
threshold=1.0000000180025095e-35 0.71010184288024913 1.0000000180025095e-35 0.48157843947410589 0.76384064555168163 0.38165266811847692 0.98739472031593334 0.76668736338615429 0.33809620141983038 0.48579499125480657 0.45773810148239141 0.92071351408958446 0.961643546819687 0.52240803837776195 0.15047170221805575 0.16108107566833499 0.93359273672103893 0.55717623233795177 0.3310502320528031 0.95906403660774242 1.0000000180025095e-35 0.7510683834552766 0.46759706735610967 0.45729483664035803 0.38896316289901739 0.37884436547756201 -1.0000000180025095e-35 1.0000000180025095e-35 1.0000000180025095e-35 0.94328901171684276
decision_type=2 2 2 2 2 2 2 2 2 2 2 2 2 2 2 2 2 2 2 2 2 2 2 2 2 2 2 2 2 2
left_child=4 2 -2 -4 21 14 11 17 9 -5 -10 20 13 -13 -6 16 -16 -8 -19 -14 29 24 23 -23 28 26 -26 -27 -1 -3
right_child=1 6 3 8 5 -7 7 -9 10 -11 -12 12 19 -15 15 -17 -18 18 -20 -21 -22 22 -24 -25 25 27 -28 -29 -30 -31
leaf_value=0.17457371156036405 0.00070248916405489786 0.0068191788427238564 -0.075287012550208948 0.82627274279483953 0.062640192435213488 0.079050595951300165 0.015380075867928973 0.067951755998080121 -0.037054009315744471 0.058219459629707163 0.0035387616621659901 0.047752037080427197 -0.016434941055366584 -0.063801376224712089 -0.094960354630422406 0.0022125533726886481 -0.90525961975666547 -0.13032710253254304 0.005237608381412389 0.034133923704903174 0.09315721239105243 0.080870249163381036 0.027233366479373671 -1.0244578726600926 0.35118582115377761 0.0025988503132339763 -0.056916834441109961 0.064299476089549737 0.038360708388004594 -0.011462853008742375
leaf_weight=2.0798727868823343 631.86285234987736 501.0731359727215 162.08291975624161 0.17637125786859442 13.55892324389424 73.572710831358563 105.47103457839694 58.786789140023757 86.99995074752951 10.603602943825534 87.781674870231654 7.0026670801453283 33.782058438286185 40.777266527758911 0.45305108604952948 30.678496956708841 0.16226064553484321 6.6989415974821922 21.132954370230436 22.767775800428353 4.077356722787953 0.3507937536342064 1.4203463288722558 0.28422312770271674 0.80115711712278681 94.360922767024022 16.215487951878458 18.59183099254733 14.941361980279908 100.02176753373351
leaf_count=82 6288 14702 165123 125 4501 75086 6234 45506 23048 1112 5444 213 1741 2287 48 1789 28 67 1398 2968 750 83 535 15 9 6244 613 3154 254 6903
internal_value=-0.000183848 -0.00449179 -0.0141998 -0.0412857 0.0301135 0.0552522 0.00605524 0.0252718 -0.0115864 0.0707856 -0.0166668 0.000852571 -0.0196042 -0.047452 0.0162153 -0.00389956 -0.30864 0.00644986 -0.0273919 0.00392481 0.00437926 0.0101393 -0.109044 -0.413856 0.0118058 0.00614834 -0.037703 0.0127547 0.055005 0.00377706
internal_weight=2148.57 1881.1 979.507 347.645 267.471 118.425 901.592 192.09 185.562 10.78 174.782 709.502 104.33 47.7799 44.8527 31.2938 0.615312 133.303 27.8319 56.5498 605.172 149.046 2.05536 0.635017 146.991 129.969 17.0166 112.953 17.0212 601.095
internal_count=376350 283909 201140 194852 92441 81452 82769 53205 29729 1237 28492 29564 7209 2500 6366 1865 76 7699 1465 4709 22355 10989 633 98 10356 10020 622 9398 336 21605
is_linear=0
shrinkage=0.08


Tree=85
num_leaves=31
num_cat=0
split_feature=7 0 7 12 7 5 4 2 12 12 5 5 12 5 7 11 5 8 8 8 8 12 1 0 2 12 1 2 8 7
split_gain=33.7389 24.6138 35.0677 17.2291 20.7108 14.0679 14.4066 12.5317 16.0672 12.3285 35.0093 10.5147 10.3075 15.9562 10.1586 8.38825 8.02925 7.6694 10.5231 6.9957 10.9258 6.88783 6.2558 6.18026 5.9932 11.1825 25.5379 9.63133 5.83039 5.82812
threshold=0.80503642559051525 0.64643096923828136 0.5266309678554536 1.0000000180025095e-35 0.23745594918727878 1.0000000180025095e-35 0.21132376790046695 0.89512962102890026 -1.0000000180025095e-35 1.0000000180025095e-35 1.0000000180025095e-35 1.5000000000000002 1.0000000180025095e-35 1.0000000180025095e-35 0.35493414103984838 -1.0000000180025095e-35 2.5000000000000004 0.74161985516548168 0.54847925901412975 0.60771903395652782 0.46759706735610967 1.0000000180025095e-35 0.80259740352630626 0.69446447491645824 0.65030118823051464 1.0000000180025095e-35 0.57321429252624523 0.64747309684753429 0.51928389072418224 0.98514816164970409
decision_type=2 2 2 2 2 2 2 2 2 2 2 2 2 2 2 2 2 2 2 2 2 2 2 2 2 2 2 2 2 2
left_child=1 2 9 4 23 -6 -7 16 -9 10 14 19 13 -4 -1 -13 24 18 -14 20 -5 22 -18 -3 25 26 -2 -27 -24 -10
right_child=7 3 12 11 5 6 -8 8 29 -11 -12 15 17 -15 -16 -17 21 -19 -20 -21 -22 -23 28 -25 -26 27 -28 -29 -30 -31
leaf_value=0.12690113664049313 0.085760956081271045 0.059155597210446366 0.13015918920661851 0.034240671031121057 0.11624821083387722 -0.014307206389495723 -0.05907104490489614 0.0045763976378378453 0.036778597735354711 -0.067642661569201998 -0.041079932642196351 -0.59541966820597103 0.0017131059294444423 -0.0349891258244222 0.40893442514752792 0.083068957303288157 -0.19937454387592204 0.076770494338817191 -0.040224434165874137 0.067404348886203516 -0.065357289111013656 0.036962836422115786 0.081484139534915984 0.0011369268650907416 0.024146011090746239 0.00068362859056592606 -0.021749491332876032 -0.32124915933315945 -0.042630637370894238 0.075822537511445812
leaf_weight=2.6034576478414233 31.784925660700537 11.974173940543549 8.6987677738652547 16.735764952958565 4.3024314494687124 131.75212961478974 70.7077416505781 90.692173505492974 71.145374321436975 118.76512054709019 33.131825621821918 0.11718622024636971 111.70107363071293 6.5737688001245251 1.1914041984709909 24.057153361442033 1.5201475818175811 6.3665509846759951 58.267782049253583 10.936922242166473 12.17875084542902 9.1494324326631595 2.6094298292300655 628.64521317515755 130.55152510048356 415.40757464274066 25.472881707537454 0.59560489148134266 33.781002220814116 37.29429405531846
leaf_count=23 4921 438 274 5041 300 25443 18063 6514 49881 124479 14262 6 8748 470 54 4795 22 82 3559 1024 1128 4757 95 9615 29408 23127 2760 188 1482 35569
internal_value=-0.000450657 -0.00876628 -0.0268889 -0.0018605 -0.00488395 -0.0268987 -0.0299407 0.0118633 0.0294248 -0.05509 -0.0147174 0.0381549 -0.00397403 0.0590743 0.215446 0.07978 0.00649046 -0.00943469 -0.0126637 0.0129047 -0.00770984 -0.0253372 -0.0403728 0.00222139 0.00897104 0.00478495 0.0379317 0.000222707 -0.0337308 0.0502065
internal_weight=2108.71 1258.71 347.3 911.407 847.382 206.762 202.46 850.004 199.132 155.692 36.9267 64.0258 191.608 15.2725 3.79486 24.1743 650.873 176.335 169.969 39.8514 28.9145 47.06 37.9106 640.619 603.813 473.261 57.2578 416.003 36.3904 108.44
internal_count=376528 217804 151951 65853 53859 43806 43506 158724 91964 138818 14339 11994 13133 744 77 4801 66760 12389 12307 7193 6169 6356 1599 10053 60404 30996 7681 23315 1577 85450
is_linear=0
shrinkage=0.08


Tree=86
num_leaves=31
num_cat=0
split_feature=14 7 7 7 7 3 1 7 0 4 12 1 4 3 0 0 1 4 2 0 5 1 12 7 3 7 12 4 4 1
split_gain=41.2153 29.2117 82.9113 21.7464 17.7139 17.0149 12.6953 10.5389 17.542 6.27734 6.03639 5.94261 7.38307 9.59632 6.11504 7.5108 5.65944 5.99179 5.78799 14.0973 5.00087 4.9019 7.88766 5.92589 5.52382 4.73295 7.88095 4.84389 4.68819 4.47821
threshold=1.0000000180025095e-35 0.56615138053894054 1.0000000180025095e-35 0.76384064555168163 0.47466187179088598 0.73746865987777721 0.38165266811847692 0.97813406586647045 0.93335816264152538 0.9767441749572755 1.0000000180025095e-35 0.48331478238105779 0.31643131375312811 0.43951219320297247 0.66489356756210338 0.69446447491645824 0.26766170561313635 0.059714796021580703 0.2736185491085053 0.52426299452781688 3.5000000000000004 0.80259740352630626 1.0000000180025095e-35 0.7510683834552766 0.22401433438062671 0.97446763515472423 -1.0000000180025095e-35 0.10471491143107416 0.21132376790046695 1.0000000180025095e-35
decision_type=2 2 2 2 2 2 2 2 2 2 2 2 2 2 2 2 2 2 2 2 2 2 2 2 2 2 2 2 2 2
left_child=3 2 11 21 -4 9 16 20 -9 -6 -7 12 13 -2 -13 -16 17 -5 19 -18 25 23 -23 24 -1 27 -27 -3 -22 -25
right_child=1 7 4 6 5 10 -8 8 -10 -11 -12 14 -14 -15 15 -17 18 -19 -20 -21 28 22 -24 29 -26 26 -28 -29 -30 -31
leaf_value=0.0313679128976114 0.057518928090849547 0.014193129806765657 -0.075629538446722322 -0.2157033501624141 -0.070346150065850446 0.020476960393209748 0.080130339372042267 0.0088229946541099596 0.061833848619756944 0.012149701605755804 0.13489398890345788 -0.047794891108707133 -0.021465761206089645 0.35702294303867343 0.083154201362697008 -0.00091414701468558329 0.082819713217228266 0.05499570469476419 0.0022859707085824701 -0.46465407521702395 -0.012719179681936315 0.015648840098875003 0.1003257333078913 -0.45472228532726705 -0.019786634907424733 0.039293184773936209 -0.11539898875547541 -0.00035976371837644338 -0.085571623844527045 -0.091646722644696754
leaf_weight=20.222986380103976 1.8476356305181973 197.98970175231807 139.85600133045227 0.53492425824515777 24.277483665209729 9.5124564935686049 66.260975506040268 172.81574356404599 51.964047055051196 7.7998510197503483 4.2783044546958982 17.598440672270954 2.3636031523346901 1.0877475365996359 6.8802088461816302 594.10929679032415 0.62915539997630066 24.112428890890442 16.849076195852831 0.57714810618199408 24.233598492806781 74.283499369863421 7.7775529886712311 0.29843979130964615 40.697905463515781 3.4457698841579258 5.4281332840910164 561.5233897715807 7.3732761600986114 0.80081082985270768
leaf_count=463 39 15201 161790 39 22485 1346 75122 19325 39025 1452 84 708 73 24 174 5236 36 5589 679 15 1310 5855 3024 28 1552 149 569 14789 94 62
internal_value=0.000974667 -0.00320043 -0.0145584 0.031241 -0.0614805 -0.0183386 0.0582089 0.00577277 0.0210779 -0.0502866 0.0559725 -0.000590191 0.0837685 0.168504 -0.00131283 4.82788e-05 0.0241939 0.0491207 -0.0098337 -0.179116 0.00147238 0.0108461 0.0236743 -0.00612737 -0.00280563 0.00275522 -0.0553314 0.00343388 -0.0297143 -0.19022
internal_weight=2087.43 1834.38 809.611 253.045 185.724 45.8681 108.964 1024.77 224.78 32.0773 13.7908 623.887 5.29899 2.93538 618.588 600.99 42.7027 24.6474 18.0554 1.2063 799.994 144.081 82.0611 62.0201 60.9209 768.387 8.8739 759.513 31.6069 1.09925
internal_count=376337 283873 193411 92464 187157 25367 81480 90462 58350 23937 1430 6254 136 63 6118 5410 6358 5628 730 51 32112 10984 8879 2105 2015 30708 718 29990 1404 90
is_linear=0
shrinkage=0.08


Tree=87
num_leaves=31
num_cat=0
split_feature=14 7 7 0 1 8 7 8 4 7 11 8 7 4 12 0 7 3 3 4 4 4 7 7 0 7 8 7 7 4
split_gain=28.8493 24.1201 21.5854 16.2876 14.4664 12.8809 88.5087 9.30685 9.1345 8.10057 7.13476 6.58872 7.7722 7.43155 8.86873 15.4986 5.75432 4.88453 11.2297 5.73676 4.77405 8.97263 4.30056 4.16506 5.27858 4.08507 11.4211 3.98499 3.7076 3.30302
threshold=1.0000000180025095e-35 0.97813406586647045 0.76384064555168163 0.93671995401382457 0.44610282778739935 0.22542115300893786 0.47466187179088598 0.92759791016578685 0.40175439417362219 0.38932114839553839 1.0000000180025095e-35 0.41762655973434454 0.43256238102912908 0.10102041065692903 -1.0000000180025095e-35 0.90002635121345531 0.50112107396125805 0.78319624066352855 0.75905716419219982 0.3364779949188233 0.52041664719581615 0.5178799331188203 0.91440781950950634 0.25252938270568853 0.86671569943428051 0.7510683834552766 0.46759706735610967 0.61583185195922863 0.46583126485347753 0.096006143838167204
decision_type=2 2 2 2 2 2 2 2 2 2 2 2 2 2 2 2 2 2 2 2 2 2 2 2 2 2 2 2 2 2
left_child=2 5 11 -3 20 9 -7 10 -9 17 -8 12 23 14 15 -13 28 18 -2 -19 21 22 -4 24 -1 27 -27 -15 -14 -18
right_child=1 3 4 -5 -6 6 7 8 -10 -11 -12 13 16 25 -16 -17 29 19 -20 -21 -22 -23 -24 -25 -26 26 -28 -29 -30 -31
leaf_value=-0.031034032629284627 0.0048200507648278115 0.010535900510356579 -0.041828926342233091 0.063455943184491159 0.080080887808861564 -0.075016287784239674 -0.00089252528027152877 -0.042318295239464697 0.038164344041002586 0.17244077878998781 0.088193997430202162 -0.80453057831745856 0.057614548468283767 -0.058317137543748288 0.061783575899438947 -0.044160590391860134 -0.035332833116540452 -0.0020051917492898285 0.058915815288420943 -0.062553845173536765 0.05028627877949824 -0.31142892087117707 0.02852156687748866 -0.017360200676436954 0.03765757748633914 -0.46298167991957079 -0.00096330437328377705 0.0049548540609054134 0.14284254851852385 0.043812920964906431
leaf_weight=9.4241673706565035 226.23951122141443 171.02464954479365 8.5332975669880451 47.576314321137033 59.090482273692032 124.6058735701954 765.839558631822 60.909356666496024 10.595219358336179 1.7919015418738116 5.797096590162254 0.18050853244494591 8.7223198225256073 17.975029614870444 11.250218249333555 3.4617592878057621 4.9304968944052225 368.25414149538847 27.550298913498409 10.294666455243712 18.342950914346147 0.59101199731230636 15.96714342565974 33.176159377675503 29.795377681264654 0.54545114887878188 0.91998434823472053 9.8680830993107502 5.2227104603662147 10.694866570353041
leaf_count=308 4325 19876 332 38457 74661 159521 53087 3250 396 108 798 15 168 403 2884 304 571 3920 194 58 5336 10 1059 834 3689 19 161 1121 77 466
internal_value=0.000617517 -0.00287387 0.0261752 0.0220534 0.0543168 -0.00627558 -0.0120827 -0.00278184 -0.0303927 0.0025866 -0.000223242 0.00643601 0.0176189 -0.0193615 0.0266564 -0.0818441 0.052178 0.00210527 0.0106924 -0.00365182 0.0192661 -0.00341108 0.00401908 0.00350307 0.0211515 -0.0427444 -0.172932 -0.0358924 0.0895342 0.0188389
internal_weight=2069.17 1820.48 248.692 218.601 102.525 1601.88 967.747 843.141 71.5046 634.131 771.637 146.167 101.966 44.201 14.8925 3.64227 29.5704 632.339 253.79 378.549 43.4344 25.0915 24.5004 72.3957 39.2195 29.3085 1.46544 27.8431 13.945 15.6254
internal_count=376408 283990 92418 58333 81398 225657 217052 57531 3646 8605 53885 11020 6113 4907 3203 319 1282 8497 4519 3978 6737 1401 1391 4831 3997 1704 180 1524 245 1037
is_linear=0
shrinkage=0.08


Tree=88
num_leaves=31
num_cat=0
split_feature=14 7 2 7 1 2 7 7 5 12 2 4 8 12 5 8 7 4 4 12 8 8 7 8 1 4 4 8 7 7
split_gain=28.1659 18.5589 18.2996 15.4739 18.5972 9.38408 24.6978 50.9361 12.0328 36.2094 12.0557 11.1674 9.98491 9.68078 10.2955 8.47807 10.6992 7.98262 6.02295 5.79045 5.15001 4.34563 6.21824 4.26069 4.45073 4.12305 11.0453 4.11786 6.26843 3.90517
threshold=1.0000000180025095e-35 0.98918887972831737 0.50242719054222118 0.73797965049743663 0.44610282778739935 0.74322345852851879 0.61583185195922863 1.0000000180025095e-35 1.0000000180025095e-35 1.0000000180025095e-35 0.35043859481811529 0.9767441749572755 0.89239040017128002 1.0000000180025095e-35 1.5000000000000002 0.98190009593963634 0.98314553499221813 0.1123737394809723 0.5604878067970277 1.0000000180025095e-35 0.31605799496173864 0.41138803958892828 0.43256238102912908 0.4218218475580216 0.26766170561313635 0.042109929025173194 0.063164893537759795 0.31267458200454717 0.37469211220741278 0.87888437509536754
decision_type=2 2 2 2 2 2 2 2 2 2 2 2 2 2 2 2 2 2 2 2 2 2 2 2 2 2 2 2 2 2
left_child=3 5 19 21 18 6 7 17 9 -8 -10 -9 13 14 -7 16 -14 -2 23 -3 -15 22 27 29 -25 -21 -27 28 -1 -5
right_child=1 2 -4 4 -6 12 8 11 10 -11 -12 -13 15 20 -16 -17 -18 -19 -20 25 -22 -23 -24 24 -26 26 -28 -29 -30 -31
leaf_value=0.010737477549580916 0.028703684566894969 0.081254889180471176 0.062507296483812369 -0.01025824091152548 0.080087988948554983 0.032554931211380714 0.09822468831940015 -0.073274801797839392 0.099676135686512166 0.00038803700203670689 -0.025520711005419461 -0.020245515681166878 -0.027609584465513173 0.3165431613421576 -0.0021842853003133061 0.052516281838916712 -0.24507740653167015 -0.0097529787347071812 0.048534909623477084 0.066949287087688283 0.035182939145638088 -0.012594978016658872 0.05007560083859524 0.045343617552415241 -0.025336410336837822 -0.26670695174434467 0.00039733707565343663 -0.023908205652572009 0.12906408625115115 -0.20351792312681796
leaf_weight=46.317469163564965 43.69121178612113 6.1072105538332826 49.768385946343187 1.3301331140100985 56.629338532540714 60.705576944164932 26.016938508313615 122.59480228350731 5.1178296771831802 348.62523649615468 128.98648105288157 32.062618366791867 83.707957085804082 0.419783151417504 542.77684113811119 8.4779196046874841 1.473394848697352 165.01545253954828 17.279340724402573 5.845329869829583 50.967483602173161 42.973423935938627 27.641793779097497 8.6257638444658387 16.821082516049501 0.99952516274060954 113.76074113341747 21.472939599771053 3.0542692495509973 1.346652344218455
leaf_count=4198 450 1825 45292 21 76059 2881 1535 162010 74 5686 3391 13580 5583 42 21956 1849 403 1825 5281 136 9506 3779 1046 711 824 33 5604 542 65 25
internal_value=0.000225753 -0.00323385 0.0214022 0.0257597 0.0495059 -0.00591662 -0.0115564 -0.0274863 -0.000178706 0.00718228 -0.0207428 -0.0622811 0.000654274 0.00414854 0.00131021 -0.0237778 -0.0313712 -0.00170236 0.0113622 0.00525758 0.0374814 0.00863199 0.0178941 -0.011477 -0.00137787 0.00140924 -0.00192906 0.00533773 0.0180575 -0.107484
internal_weight=2040.61 1797.12 176.481 243.492 102.032 1620.64 872.111 363.364 508.746 374.642 134.104 154.657 748.529 654.87 603.482 93.6593 85.1814 208.707 45.403 126.713 51.3873 141.46 98.4865 28.1236 25.4468 120.606 114.76 70.8447 49.3717 2.67679
internal_count=376212 283661 52890 92551 82921 230771 188551 177865 10686 7221 3465 175590 42220 34385 24837 7835 5986 2275 6862 7598 9548 9630 5851 1581 1535 5773 5637 4805 4263 46
is_linear=0
shrinkage=0.08


Tree=89
num_leaves=31
num_cat=0
split_feature=14 7 1 7 1 1 0 7 7 1 5 0 2 5 3 1 1 2 2 3 12 0 1 3 0 1 4 3 4 1
split_gain=28.5587 18.6411 19.6025 14.2014 14.8481 11.0446 25.1812 29.5529 47.0029 17.6322 13.7409 9.49748 8.37475 8.20693 14.3372 5.76662 6.24357 7.92129 9.31682 7.63132 5.98616 5.50233 5.20056 4.99311 4.98801 7.54577 9.64348 8.04569 4.8876 4.84252
threshold=1.0000000180025095e-35 0.98918887972831737 0.51471862196922313 0.76384064555168163 0.44610282778739935 0.92403846979141246 0.93793785572052013 0.5313592553138734 1.0000000180025095e-35 0.96922349929809581 1.5000000000000002 0.83446824550628673 0.39736843109130865 2.5000000000000004 0.90366768836975109 0.82097071409225475 0.69631093740463268 0.680425524711609 0.63702240586280834 0.60922586917877208 1.0000000180025095e-35 0.85716116428375255 0.82446312904357921 0.2362911254167557 0.58012259006500255 0.35948719084262853 0.680425524711609 0.35948719084262853 0.070598009973764433 0.47690120339393621
decision_type=2 2 2 2 2 2 2 2 2 2 2 2 2 2 2 2 2 2 2 2 2 2 2 2 2 2 2 2 2 2
left_child=3 5 24 15 -5 6 7 8 -2 13 -9 -11 -13 21 -15 16 19 18 -18 23 22 -7 -17 -1 29 26 -26 -27 -19 -3
right_child=1 2 -4 4 -6 9 -8 10 -10 11 -12 12 -14 14 -16 20 17 28 -20 -21 -22 -23 -24 -25 25 27 -28 -29 -30 -31
leaf_value=0.024065868575895346 -0.01049915407767203 0.012513682880533108 0.064100734435487403 0.016043523048752634 0.080068804434317242 0.20813081815726911 0.053615904216913528 0.00098505776950856658 -0.076481715203356726 0.027790010630368671 -0.039566644032222521 -0.11558244425374993 -0.0036175765852591696 -0.15563393243950713 0.060954746373672687 0.41394082751002231 -0.068548749242248103 -0.10747261132449389 -0.30309672882122513 0.10452451237396257 0.09756125248858151 0.071785864785604739 0.017220151581636353 -0.027179903660646133 -0.16821340654744787 -0.17328149528749187 0.046264557467053331 0.034772202884611025 0.05567756351368635 -0.17177872065444186
leaf_weight=21.743150488764513 183.52244995906949 106.48342646949459 49.688250236504246 42.987166186678223 50.315946960326983 2.0799638860626173 35.671082737972029 465.03654008277226 110.81651607138338 64.56183613021858 60.427149967174046 4.3030993712600312 666.91876703564776 2.8164811832830292 6.402519678347744 0.21210025710752134 4.5432689165463653 1.6657258335035292 1.4234891643282024 4.4717591711087143 6.6785084120347156 21.221569584624376 71.823285671125632 27.633216853602789 4.4957540988689315 1.3756526671349991 1.9123995641712097 8.7944736856734362 3.9903788374504074 0.92039503436535497
leaf_count=517 2141 6002 46385 6750 74679 96 2747 17598 165918 4113 1751 155 33892 155 390 18 135 119 45 324 2991 2017 5791 841 54 10 43 608 231 23
internal_value=0.000178594 -0.00326631 0.0216451 0.0262516 0.0505707 -0.00593069 -0.0121834 -0.0150464 -0.0353411 0.00103139 -0.0036783 -0.0015165 -0.00433537 0.0586779 -0.00521489 0.0105146 -0.00702796 -0.0602034 -0.124505 0.0044497 0.0251057 0.0839564 0.0183883 -0.00461355 0.00463013 -0.0362125 -0.104206 0.00663001 0.00762975 0.0109344
internal_weight=2034.94 1797.45 173.67 237.488 93.3031 1623.78 855.474 819.803 294.339 768.304 525.464 735.784 671.222 32.5205 9.219 144.185 65.471 11.6229 5.96676 53.8481 78.7139 23.3015 72.0354 49.3764 123.982 16.5783 6.40815 10.1701 5.6561 107.404
internal_count=376539 284098 53125 92441 81429 230973 190155 187408 168059 40818 19349 38160 34047 2658 545 11012 2212 530 180 1682 8800 2113 5809 1358 6740 715 97 618 350 6025
is_linear=0
shrinkage=0.08


Tree=90
num_leaves=31
num_cat=0
split_feature=7 14 1 4 0 3 1 1 0 3 0 12 7 7 0 12 3 7 7 0 7 3 7 7 0 7 7 2 12 3
split_gain=22.628 19.6626 17.772 13.2887 10.8184 14.9176 13.5418 11.8404 11.3924 6.55333 6.95934 17.2178 14.2712 21.0305 18.643 6.30185 6.25851 18.63 5.92094 5.88065 5.63398 12.9842 8.04126 7.401 13.0855 5.56877 5.47707 5.10181 5.00263 4.62325
threshold=0.81106579303741466 1.0000000180025095e-35 0.38165266811847692 0.087595909833908095 0.82226496934890758 0.73286384344100963 0.91476997733116161 0.60120484232902538 0.85390841960906994 0.93419912457466137 0.30595238506793981 1.0000000180025095e-35 1.0000000180025095e-35 0.49882629513740545 0.9689181149005891 1.0000000180025095e-35 0.18350168317556384 0.66849818825721752 0.95260557532310497 0.85716116428375255 0.97813406586647045 0.81120249629020702 0.9279175102710725 0.93035691976547252 0.48999460041522985 0.46583126485347753 0.97446763515472423 0.40967366099357611 1.0000000180025095e-35 0.70659971237182628
decision_type=2 2 2 2 2 2 2 2 2 2 2 2 2 2 2 2 2 2 2 2 2 2 2 2 2 2 2 2 2 2
left_child=3 2 18 4 6 7 16 27 -9 10 11 -5 14 -14 -12 19 17 -1 28 -7 22 -22 29 24 -24 -13 -25 -6 -2 -3
right_child=1 20 -4 9 5 15 -8 8 -10 -11 12 25 13 -15 -16 -17 -18 -19 -20 -21 21 -23 23 26 -26 -27 -28 -29 -30 -31
leaf_value=-0.0025773153292042695 0.080963324159170832 0.0023667129807192423 0.080105068225337278 0.13992453226676266 0.081308817017776591 -0.10922264033738652 0.13777101375425826 0.17301831605151763 0.049939052377473328 0.057320873469859104 -0.0050783487222890843 -0.043535432358228716 -0.060981808363265902 -0.014889418791005742 -0.14668081339644323 0.054837492617918128 -0.05264374366594831 0.88423247570712593 0.042290455470944177 0.001578583588614742 0.0059514039504397947 0.054172159540722013 -0.22787255615391899 -0.0046955050655654793 -0.019382871185080901 0.0018374948926493748 -0.064480089857838499 -0.13213436950687119 -0.036370870703151183 0.02346477805929785
leaf_weight=0.95850028900895157 2.6554023036733296 198.55845265462995 45.720460059892503 5.485843200585804 0.96416362305171732 3.092448688694275 2.709918738808482 5.9130092569394064 25.874627206765581 8.1894075975869765 337.31100738910027 20.104472277744208 101.26765825500479 169.2162328180566 6.0573603971861294 14.268302890850462 38.149372669577133 0.18009877391159534 16.231658114877064 353.1408416457416 160.87820976536022 45.943722695403267 2.7339766905643028 189.70376670808764 6.5244175334228203 124.63525947602466 10.341964108520186 2.7924572622869164 18.722596219042316 99.92497684888076
leaf_count=743 733 2436 71976 302 39 491 202 400 1300 569 3871 13849 128636 21228 124 4832 22341 9 3652 15540 16850 41609 47 9785 323 3533 762 188 1797 8111
internal_value=-0.000654192 0.00982132 0.0465968 -0.00750394 0.00345628 0.00745424 -0.035197 0.0569608 0.0728338 -0.0138627 -0.0146256 0.000807877 -0.0184026 -0.0321462 -0.00757636 0.00270481 -0.0471276 0.137694 0.00586225 0.000616722 0.00553296 0.0166632 0.000999596 -0.0110226 -0.0809493 -0.00446484 -0.00778625 -0.0773526 -0.0217966 0.00942983
internal_weight=2018.25 797.94 83.3301 1220.31 448.044 406.046 41.9979 35.5443 31.7876 772.267 764.078 150.226 613.852 270.484 343.368 370.502 39.288 1.1386 37.6097 356.233 714.609 206.822 507.788 209.304 9.25839 144.74 200.046 3.75662 21.378 298.483
internal_count=376278 158081 78158 218197 46085 22790 23295 1927 1700 172112 171543 17684 153859 149864 3995 20863 23093 752 6182 16031 79923 58459 21464 10917 370 17382 10547 227 2530 10547
is_linear=0
shrinkage=0.08


Tree=91
num_leaves=31
num_cat=0
split_feature=14 8 0 11 1 5 3 4 1 1 0 0 12 1 0 4 0 1 0 0 0 5 4 8 0 4 8 4 3 8
split_gain=26.0862 13.5435 13.1444 8.80421 6.59997 21.3604 32.4471 26.3046 19.5766 18.881 10.8596 9.52918 10.1845 6.7038 6.50895 6.01893 5.95918 14.1718 5.95061 9.58129 7.94472 5.29695 4.85276 3.87726 3.86919 3.85488 3.4223 2.87521 8.59193 2.59342
threshold=1.0000000180025095e-35 0.52819588780403148 0.61704328656196605 1.0000000180025095e-35 0.92718276381492626 1.5000000000000002 0.71535181999206554 0.2639319002628327 0.69631093740463268 0.96922349929809581 0.8170510232448579 0.87501323223114025 1.0000000180025095e-35 0.72595521807670604 0.48151500523090368 0.20881782472133639 0.48486252129077917 0.27639257907867437 0.85716116428375255 0.84599587321281444 0.95906403660774242 4.5000000000000009 0.27718676626682287 0.45476087927818304 0.60527339577674877 0.14119601994752887 0.46759706735610967 0.76568627357482921 0.52240803837776195 0.28112086653709417
decision_type=2 2 2 2 2 2 2 2 2 2 2 2 2 2 2 2 2 2 2 2 2 2 2 2 2 2 2 2 2 2
left_child=1 21 14 4 5 6 8 10 -2 18 -7 15 -13 -8 -3 -11 17 -16 19 -6 -20 23 -9 27 -18 -23 -25 28 -1 -29
right_child=3 2 -4 -5 9 7 13 22 -10 11 -12 12 -14 -15 16 -17 24 -19 20 -21 -22 25 -24 26 -26 -27 -28 29 -30 -31
leaf_value=-0.031311817776312055 -0.0041791981204739722 0.052765793546436041 0.080443584287467826 0.070335184716127444 0.13139501702516415 -0.063496930810555421 0.10496372573886868 -0.19200353674580939 -0.060902527756778298 0.062582546390561766 -0.008828395781638243 -0.0077639152186647787 0.024571480623109435 0.038023404523916303 0.08304470765810576 0.012735999155873534 0.0049215534565366622 -0.61505600843456765 0.0018916021906769005 0.67818032280448581 0.085486299480645761 -0.062735077087910263 -0.090396162001924463 -0.079970707638422428 -0.13064962439191052 -0.38332122425397225 -0.0025549656917647741 -0.023269172976972369 0.025299867624838126 0.065796957528398606
leaf_weight=21.886601829319261 677.13947210164042 17.828258535126224 45.4474786951032 10.399731780053115 2.0999188203422814 28.767038225021679 11.310460793087257 3.4043809938593794 41.315715122007532 18.826676856377162 121.36894216260407 577.38682660512859 69.884684439923149 62.390243715548422 0.40953523572534578 87.830477966752369 18.990352545049976 0.3411353129777126 12.124650207289962 0.22730320465052489 18.195409462379757 0.76891014567809068 25.855579233000753 4.6013556105899651 1.4501907327794459 0.34900842478964478 17.761669123574393 2.5184920253814189 79.409948426269693 12.364492946828248
leaf_count=909 165210 5187 68085 4019 187 7907 2309 398 7811 1685 8879 25252 35714 7673 33 6520 2150 38 1656 19 4028 125 4208 773 162 15 4641 116 9564 681
internal_value=0.000202581 0.0259147 0.0512019 -0.00305594 -0.00349007 -0.00790042 -0.00225543 -0.0328269 -0.00744115 0.00195745 -0.0193032 -0.000621786 -0.00427272 0.0482964 0.017143 0.0215347 -0.0128267 -0.234201 0.0615201 0.1848 0.0520577 0.0106209 -0.102218 0.0120204 -0.00469679 -0.16282 -0.0184838 0.0178921 0.0130681 0.0507252
internal_weight=1992.65 224.127 84.467 1768.53 1758.13 971.552 792.156 179.396 718.455 786.576 150.136 753.929 647.272 73.7007 39.0195 106.657 21.1912 0.750671 32.6473 2.32722 30.3201 139.66 29.26 138.543 20.4405 1.11792 22.363 116.18 101.297 14.883
internal_count=375954 92479 75655 283475 279456 204395 183003 21392 173021 75061 16786 69171 60966 9982 7570 8205 2383 71 5890 206 5684 16824 4606 16684 2312 140 5414 11270 10473 797
is_linear=0
shrinkage=0.08


Tree=92
num_leaves=31
num_cat=0
split_feature=14 8 0 0 3 5 8 0 1 12 12 3 3 8 1 8 8 3 2 1 2 2 0 4 3 0 4 1 5 3
split_gain=16.6989 14.4237 10.7861 7.95333 14.3311 12.4765 6.91089 6.39302 8.05039 6.98492 5.90295 5.42684 5.41429 5.3714 5.21901 5.02974 12.8267 13.5213 9.5469 6.39873 7.41148 15.0855 6.88736 4.6682 5.30068 4.01578 9.10249 5.99367 3.76669 3.53409
threshold=1.0000000180025095e-35 0.54353401064872753 0.61704328656196605 0.60775363445281994 0.41728855669498449 1.0000000180025095e-35 0.76825228333473217 0.45003840327262884 0.38924963772296911 1.0000000180025095e-35 1.0000000180025095e-35 0.24807692319154742 0.24807692319154742 0.9783390760421754 0.16108107566833499 0.22542115300893786 0.40752536058425909 0.18350168317556384 0.69631093740463268 0.61633428931236278 0.39736843109130865 0.43534001708030706 0.78778389096260082 0.0745370388031006 0.58017763495445263 0.41254629194736486 0.035098522901535041 0.87026646733284008 4.5000000000000009 0.25198413431644445
decision_type=2 2 2 2 2 2 2 2 2 2 2 2 2 2 2 2 2 2 2 2 2 2 2 2 2 2 2 2 2 2
left_child=1 28 3 12 -5 -6 15 -8 10 13 -9 -11 -3 -10 -14 19 17 -17 -19 23 22 -22 -21 -2 -25 26 -18 -27 -1 -12
right_child=6 2 -4 4 5 -7 7 8 9 11 29 -13 14 -15 -16 16 25 18 -20 20 21 -23 -24 24 -26 27 -28 -29 -30 -31
leaf_value=0.0069207338732521105 -0.043236014746710856 0.063742055512702192 0.076961592622140279 -0.0016435877438099886 -0.96374737576826042 0.080459144356970519 0.028549965644441979 0.085738238761577532 -0.005556493128197843 -0.46263657786482498 0.0022760368316753687 0.025738794988593119 -0.48471736755224437 0.048871077216705236 0.0026742924922254852 -0.0029171373258439059 0.35974554338092424 -0.067206628957360681 -0.011988525772825455 0.029164330373800382 0.11708804060280857 -0.0022240390920393142 -0.11565587950108784 0.033125953432467631 0.13248399000408839 -0.017775627589590243 0.0042923622633549621 0.0027878276501511392 -0.12593613224778583 -0.039021747388357619
leaf_weight=143.28440126375062 4.0102193453931276 13.481216449465135 40.484493944895803 0.75214222422800847 0.2289080856135115 0.10768068127799779 69.28717812045943 3.0818969560787073 160.34584497363539 0.14583397121168573 18.373167868703604 98.984942801936995 0.14150061993859964 12.509948497114236 22.307283992820885 68.425079923617886 0.46220266580348734 63.535035565291764 29.271463764132932 3.0431157121201959 6.8617991323699234 584.81378805666463 6.7939194772625342 20.395386896329004 4.1327400356531134 215.85336542921141 189.66536762414034 156.47697452877765 1.378894670982844 47.670921223470941
leaf_count=17993 204 4349 66999 36 14 75 4789 144 10790 11 182 41047 25 3851 2906 20100 155 97017 16864 68 82 6137 38 2004 54 51724 10209 18034 156 338
internal_value=-9.54761e-05 0.0205744 0.0484233 0.0172131 -0.195808 -0.629687 -0.00269853 0.00639547 0.00189542 0.0080912 -0.0224828 0.0250203 0.0236679 -0.00161745 -0.000397866 -0.00545546 -0.0100054 -0.029898 -0.0497907 -0.000229295 -0.00198536 -0.000840349 -0.0708553 0.0367839 0.0498668 -0.0043031 0.00515647 -0.00913355 0.00565438 -0.0275329
internal_weight=1986.31 222.167 77.5032 37.0187 1.08873 0.336589 1764.14 410.4 341.113 271.987 69.126 99.1308 35.93 172.856 22.4488 1353.74 723.689 161.232 92.8065 630.051 601.513 591.676 9.83704 28.5383 24.5281 562.458 190.128 372.33 144.663 66.0441
internal_count=376395 92553 74404 7405 125 89 283842 61152 56363 55699 664 41058 7280 14641 2931 222690 214103 133981 113881 8587 6325 6219 106 2262 2058 80122 10364 69758 18149 520
is_linear=0
shrinkage=0.08


Tree=93
num_leaves=31
num_cat=0
split_feature=7 3 5 14 0 4 4 4 4 12 8 0 3 12 5 7 0 5 12 0 14 4 12 0 12 8 7 3 12 7
split_gain=17.2423 32.4734 16.5885 15.5262 17.766 12.4129 10.3089 8.48458 8.7016 8.61287 8.4169 15.0494 9.801 7.82372 19.1143 7.4238 13.147 7.16805 28.8983 11.4588 7.00999 6.8138 10.4907 6.70658 5.09418 4.63307 5.84732 5.30818 4.62896 4.62872
threshold=0.69282051920890819 0.51668518781661998 1.0000000180025095e-35 1.0000000180025095e-35 0.61704328656196605 0.72046512365341198 0.59787234663963329 0.62192192673683178 0.61167800426483165 -1.0000000180025095e-35 0.63185164332389843 0.40484943985939031 0.38757823407649999 1.0000000180025095e-35 1.0000000180025095e-35 0.98918887972831737 0.76668736338615429 1.0000000180025095e-35 1.0000000180025095e-35 0.71816566586494457 1.0000000180025095e-35 0.23606811463832858 -1.0000000180025095e-35 0.8857199251651765 1.0000000180025095e-35 0.45291082561016088 0.65133896470069896 0.58898946642875682 1.0000000180025095e-35 0.95531892776489269
decision_type=2 2 2 2 2 2 2 2 2 2 2 2 2 2 2 2 2 2 2 2 2 2 2 2 2 2 2 2 2 2
left_child=1 5 6 4 28 10 25 8 9 -4 13 -12 -13 14 -1 17 24 18 -5 -20 -15 23 -23 -19 -17 26 -3 -27 -2 -30
right_child=3 2 7 15 -6 -7 -8 -9 -10 -11 11 12 -14 20 -16 16 -18 21 19 -21 -22 22 -24 -25 -26 27 -28 -29 29 -31
leaf_value=0.15788418395482168 0.0808223183727967 0.12283362295129566 -0.028053453709987547 0.095720766901318768 0.078231268004307492 -0.010368350422187374 0.64901401988654106 0.085521682066102972 -0.16865402428867629 0.002322422546093461 0.46169188453390353 -0.076133848379977775 0.20525537729098914 -0.016840608688282657 -0.040958029706120586 0.081128451684096756 0.061604659856939969 0.028713909074423196 0.0013758013957226719 0.088468331021928193 -0.077832210233231405 0.00077375598491956268 -0.042857401801473717 -0.0042615487074263722 0.0048813438794271411 -0.29637602290178289 0.42381717609455233 0.061113130532349395 -0.02066525399415374 0.035817715597615922
leaf_weight=3.3749071870697653 4.8262028635945162 3.892448323022105 65.244016748009017 23.664371479186229 42.243184409540845 87.489854964369442 0.22281949187163341 7.3793819715501732 1.9684552298276674 708.24690802427358 0.52424098987830703 2.7507976590422918 1.1126260778401045 14.60363296815194 37.17239787595463 5.8793713818304232 38.772918593720533 50.237230113474652 309.32260521454737 9.9804073185659927 69.248730014805915 76.247881239047274 65.622886917670257 184.22171863960102 121.49810856557451 0.28629157488467161 0.46214275312377129 3.7189107511658221 27.975639361829963 13.898694078525294
leaf_count=59 1993 566 21791 1793 75699 23128 6 375 113 33692 26 307 72 635 12838 1837 45251 1532 3232 1119 114572 779 2968 18887 5911 82 18 165 2486 4285
internal_value=0.00118763 -0.00614952 0.00135789 0.00877558 0.040638 -0.0336213 0.111973 0.000145161 -0.000667294 -0.000239785 -0.0494179 0.0594807 0.00490334 -0.0532588 -0.0244076 0.00557497 0.0208164 0.00205436 0.0104199 0.00409804 -0.06721 -0.00556956 -0.019408 0.00280406 0.00840069 0.0976593 0.154776 0.0355598 0.00663291 -0.00191774
internal_weight=1982.09 1007.7 791.421 974.391 88.9437 216.277 8.58261 782.839 775.459 773.491 128.787 4.38766 3.86342 124.4 40.5473 885.447 166.15 719.297 342.967 319.303 83.8524 376.33 141.871 234.459 127.377 8.35979 4.35459 4.0052 46.7005 41.8743
internal_count=376217 208445 56808 167772 84463 151637 837 55971 55596 55483 128509 405 379 128104 12897 83309 52999 30310 6144 4351 115207 24166 3747 20419 7748 831 584 247 8764 6771
is_linear=0
shrinkage=0.08


Tree=94
num_leaves=31
num_cat=0
split_feature=14 7 1 4 7 0 0 0 8 0 7 4 7 8 0 8 8 7 7 4 7 2 0 5 2 0 8 7 4 0
split_gain=12.1155 12.1566 13.5183 8.33978 13.5063 7.49572 13.4588 11.9021 9.02676 16.3022 10.9982 7.25944 6.78262 33.1967 14.2352 9.42818 9.52755 7.08044 6.64036 6.29328 6.18164 5.79628 6.86562 6.18307 11.0432 9.66067 5.60197 7.93273 6.03308 5.16349
threshold=1.0000000180025095e-35 0.76384064555168163 0.44610282778739935 0.096006143838167204 0.98080605268478405 0.82226496934890758 0.99782609939575206 0.93793785572052013 0.93946442008018505 0.71124362945556652 0.58260074257850658 0.30495168268680578 0.56615138053894054 0.22542115300893786 0.90303474664688121 0.53866082429885875 0.7146558165550233 0.91689687967300426 0.97253990173339855 0.5604878067970277 0.46882475912570959 0.89512962102890026 0.9233020842075349 2.5000000000000004 0.88067796826362621 0.93126600980758678 0.42344354093074804 0.43256238102912908 0.10102041065692903 0.76668736338615429
decision_type=2 2 2 2 2 2 2 2 2 2 2 2 2 2 2 2 2 2 2 2 2 2 2 2 2 2 2 2 2 2
left_child=1 26 19 4 5 8 7 -7 10 -10 -2 21 13 14 -13 17 -17 -14 -8 -3 -15 23 -23 25 -25 -5 27 -1 -28 -6
right_child=3 2 -4 11 29 6 18 -9 9 -11 -12 12 15 20 -16 16 -18 -19 -20 -21 -22 22 -24 24 -26 -27 28 -29 -30 -31
leaf_value=-0.00045947460803018905 -0.058854783991371944 -0.0090872714663197598 0.080052399922771647 -0.018477748095305117 0.0052812843061331629 0.0095021497103787728 -0.0021067717734755678 0.056685607541582299 0.011346489085408404 -0.51833685055801848 0.012085392639311004 -0.011003423701427732 0.026522191237255886 -0.080057273014668556 0.039580634230032719 -0.019076697139399239 0.0076565194463630373 -0.014481093708613939 -0.085576298574607926 0.057173457546713963 -0.024212064821662934 0.068000906258546726 -0.0064331671547244 -0.023861893881581508 -0.10678064884620239 0.021561923717087011 0.023004049779255263 0.048126362475447756 -0.042528910340630111 0.063588628807602396
leaf_weight=71.327179674757645 25.395895323599689 27.870455965283327 35.301566863738117 261.82071752680349 13.661551987635901 105.29668854078045 324.21341037482489 50.685636121197604 0.86018300754949339 0.6550679134670645 31.133464581216685 104.22246272943448 143.52362936642021 42.457634207617957 54.080829373793676 149.99253040668555 197.88799992558779 33.184595044353046 6.2167687615146852 13.67483408708358 18.090879334806232 11.176767463330178 27.307720260811038 55.478272928477963 12.617228359391445 45.228275533823762 13.415081731131066 30.791759850311792 27.261635928764008 33.692778425640427
leaf_count=4922 24185 1584 74775 62926 587 5304 17815 3924 26 21 1050 2344 2864 79443 308 4867 12622 1345 988 5222 14961 1119 3021 2804 393 4028 3183 1344 1633 36633
internal_value=0.000287028 0.0179968 0.0436524 -0.00193715 0.00578744 0.00222321 0.00546581 0.0248342 -0.0249497 -0.217644 -0.0197846 -0.00588808 -0.00116153 -0.0129919 0.0062775 0.00377397 -0.0038698 0.0188221 -0.00367718 0.0127228 -0.0633717 -0.0143834 0.0151842 -0.0174166 -0.0392257 -0.0125799 0.00419001 0.0141905 -0.0209163 0.0467672
internal_weight=1968.52 219.643 76.8469 1748.88 591.811 544.457 486.413 155.982 58.0446 1.51525 56.5294 1157.07 743.441 218.852 158.303 524.589 347.881 176.708 330.43 41.5453 60.5485 413.629 38.4845 375.144 68.0955 307.049 142.796 102.119 40.6767 47.3543
internal_count=376241 92663 81581 283578 90533 53313 28031 9228 25282 47 25235 193045 118754 97056 2652 21698 17489 4209 18803 6806 94404 74291 4140 70151 3197 66954 11082 6266 4816 37220
is_linear=0
shrinkage=0.08


Tree=95
num_leaves=31
num_cat=0
split_feature=14 2 0 4 1 0 2 5 8 0 0 8 4 12 0 12 1 1 12 3 8 5 1 8 12 2 5 4 12 0
split_gain=15.3819 10.3591 16.5979 16.0614 12.8945 9.62979 8.87624 11.3501 7.70197 15.8348 9.40759 6.8074 6.47058 5.44288 5.33416 15.9372 9.67313 5.2045 6.06806 8.45026 4.65418 4.33094 4.13372 12.9206 9.87264 4.03543 3.57052 3.08428 2.88863 4.03948
threshold=1.0000000180025095e-35 0.88548010587692272 0.96050566434860241 0.19399641454219821 0.99450549483299266 0.95906403660774242 0.88067796826362621 2.5000000000000004 0.51079359650611889 0.61704328656196605 0.33743417263031011 0.9783390760421754 0.20881782472133639 1.0000000180025095e-35 0.33743417263031011 1.0000000180025095e-35 0.91715687513351452 0.97332859039306652 -1.0000000180025095e-35 0.96178188920021068 0.45729483664035803 1.5000000000000002 0.97014260292053234 0.89893317222595226 -1.0000000180025095e-35 0.89699381589889537 4.5000000000000009 0.52041664719581615 -1.0000000180025095e-35 0.42863756418228155
decision_type=2 2 2 2 2 2 2 2 2 2 2 2 2 2 2 2 2 2 2 2 2 2 2 2 2 2 2 2 2 2
left_child=8 5 17 4 25 6 14 21 20 10 -10 -6 -9 -12 15 -2 -16 18 19 -3 26 -8 -7 -24 -25 -4 -1 -15 -22 -30
right_child=1 2 3 -5 11 22 7 12 9 -11 13 -13 -14 27 16 -17 -18 -19 -20 -21 28 -23 23 24 -26 -27 -28 -29 29 -31
leaf_value=0.015998323305232459 0.099383806020092239 -0.036327103771530783 -0.043881668079247406 -0.28721361299570114 -0.0030169634495799324 0.076264620821349688 0.18740935949495136 -0.036858639349211721 0.084307823878843571 0.07841648723309784 0.081341202239737495 0.064129950268793437 -0.22475153954186411 -0.039465172476983827 -0.015194333826703352 -0.00075366815774340588 0.0017363515806555377 0.062444016148837031 0.040594200178737473 -0.485921343875589 -0.086718851803069319 -0.026505280665785658 0.079881631777569753 -1.0230090136829701 0.080204922493760544 0.070108186676716283 -0.10760120839000034 0.021407896395343101 -0.083469690428303683 0.013092880145102643
leaf_weight=114.73718993147486 10.57408417080296 5.1393844488775384 2.1899188990937573 1.2296927116112772 366.76470666460227 11.495066919189409 0.68685895611997505 1.7476267827441914 7.8330444149905807 36.389475579140708 3.4683870382432351 9.9244046891108137 3.5675924782408401 21.962338630808521 643.97545215539867 267.36159979031072 324.95283393378486 41.275728724664077 13.380562056729103 0.28224566555581976 4.2300925064482735 5.1284883163752966 0.63028538093203756 0.14423360861837864 0.081109496648423374 21.518464829772711 1.5155712853884313 7.0328267470758865 3.7261611162684867 10.834330820594912
leaf_count=11414 2363 373 197 13 37057 3124 71 87 3746 69315 732 10299 87 1472 173609 23699 20480 3628 2618 16 323 311 89 3 71 5538 86 1752 282 3269
internal_value=-0.000440496 -0.00292867 0.00733373 0.00146722 0.00235381 -0.00665853 -0.00734868 -0.0784727 0.019914 0.0401619 0.00561636 -0.00124788 -0.162973 -0.0133709 -0.00671377 0.00305607 -0.00951623 0.046552 0.0116649 -0.0597326 0.00841602 -0.00123952 0.0636376 -0.106002 -0.625921 0.0595791 0.014387 -0.0247003 -0.0285248 -0.0116184
internal_weight=1943.78 1732.05 461.705 401.627 400.397 1270.35 1257.99 11.1306 211.729 76.6861 40.2966 376.689 5.31522 32.4636 1246.86 277.936 968.928 60.0779 18.8022 5.42163 135.043 5.81535 12.3507 0.855628 0.225343 23.7084 116.253 28.9952 18.7906 14.5605
internal_count=376124 283733 59739 53104 53091 223994 220707 556 92391 77017 7702 47356 174 3956 220151 26062 194089 6635 3007 389 15374 382 3287 163 74 5735 11500 3224 3874 3551
is_linear=0
shrinkage=0.08


Tree=96
num_leaves=31
num_cat=0
split_feature=7 8 7 8 14 14 1 8 5 8 5 11 4 7 5 1 12 4 4 2 0 5 2 1 0 0 2 2 1 0
split_gain=11.7672 32.4683 15.0183 14.7024 12.621 12.3234 17.7066 10.2172 6.81865 6.69573 6.4537 5.9517 5.24821 7.38609 5.18225 4.53076 7.48469 4.44158 4.34772 4.30369 4.04089 5.05262 4.62185 3.74733 5.87244 4.30674 4.11323 8.3632 4.05029 3.90719
threshold=0.58260074257850658 0.26518318057060247 0.46113573014736181 0.33408749103546148 1.0000000180025095e-35 1.0000000180025095e-35 0.80259740352630626 0.44030927121639257 2.5000000000000004 0.57957467436790477 2.5000000000000004 1.0000000180025095e-35 0.10102041065692903 0.97713410854339611 5.5000000000000009 0.60943254828453075 1.0000000180025095e-35 0.73385417461395275 0.16843971610069278 0.84660634398460399 0.99782609939575206 1.5000000000000002 0.69631093740463268 0.54692083597183239 0.59077832102775585 0.59514862298965465 0.34851622581481939 0.34525330364704138 0.55351883172988903 1.0000000180025095e-35
decision_type=2 2 2 2 2 2 2 2 2 2 2 2 2 2 2 2 2 2 2 2 2 2 2 2 2 2 2 2 2 2
left_child=1 23 4 15 -3 6 10 8 20 19 17 12 13 -9 -14 -4 -17 18 -2 -5 22 -22 -7 24 26 -26 27 -1 -25 -30
right_child=5 2 3 9 -6 7 -8 11 -10 -11 -12 -13 14 -15 -16 16 -18 -19 -20 -21 21 -23 -24 28 25 -27 -28 -29 29 -31
leaf_value=0.0080266278010318656 0.034347384386231597 -0.018944619340398546 0.037626114037110046 -0.040295215087798236 -0.074949264186466968 0.017971944821489144 0.077862610788688238 0.00053419399523883489 0.12952989447708751 0.075708520567064078 -0.57804982093653812 0.063964243453525166 -0.0062661434401567045 0.035686372424802291 -0.29462694571860243 0.11823350389507079 0.46750223763959858 0.052337738364725148 -0.017667803185441016 0.0029335846129084171 -0.34218894508298225 -0.031062652735274591 0.078522571910217179 -0.18571580272916194 0.35018723153399905 0.069047111841205489 -0.07956186524857406 0.39976365932989139 0.20797722721867246 -0.0014171078696507567
leaf_weight=7.9966157394228521 14.295054810761938 38.93875855137594 3.8200289192027403 50.107325944089098 76.049921025376534 92.13986566249514 33.647500946681248 194.09969338867813 3.7974817418144076 4.2577087604731778 0.12090801930753414 8.7046940076979791 613.51250481492025 47.645693667931482 0.39912412851117451 2.977530881587882 0.45232910363120016 11.313375162601004 36.656980248488253 20.881594897829928 0.37600070238113348 2.9947885355213657 8.8420818424201553 0.76253787573659693 0.36271906513138574 9.0387706053734274 3.3713078483415293 0.36469624048913818 0.57082127861212839 643.6853958182619
leaf_count=5178 5131 1027 1495 33265 142894 1825 71609 15254 123 727 35 3928 30958 35985 11 193 53 4804 4998 1095 40 162 241 37 65 922 1070 55 12 13182
internal_value=-0.00186488 -0.00880925 -0.037298 -0.0112519 -0.0559843 0.00374782 0.0310876 0.00104807 0.0242296 -0.021735 0.00585986 -0.00185243 -0.00252199 0.00746235 -0.00645362 0.0975521 0.164295 0.0069937 -0.00307447 -0.0275793 0.0203976 -0.0657678 0.0232738 -0.000363577 0.0327845 0.0798938 -0.00496474 0.0251131 -0.00144968 -0.00123158
internal_weight=1932.18 863.638 197.485 82.4965 114.989 1068.55 96.0338 972.512 108.15 75.2466 62.3863 864.362 855.657 241.745 613.912 7.24989 3.42986 62.2654 50.952 70.9889 104.353 3.37079 100.982 666.153 21.1341 9.40149 11.7326 8.36131 645.019 644.256
internal_count=376374 201270 180749 36828 143921 175104 86577 88527 2391 35087 14968 86136 82208 51239 30969 1741 246 14933 10129 34360 2268 202 2066 20521 7290 987 6303 5233 13231 13194
is_linear=0
shrinkage=0.08


Tree=97
num_leaves=31
num_cat=0
split_feature=14 7 7 3 8 7 0 4 1 11 1 0 3 1 5 12 4 1 7 5 8 8 1 12 8 0 0 7 7 0
split_gain=14.173 9.54811 12.6534 43.3725 50.3551 7.70824 16.3196 7.46245 6.7913 6.61381 6.23504 9.68942 9.11724 5.25564 14.4659 21.3027 18.3609 8.32757 6.55086 6.28406 4.89425 3.69021 3.66864 7.21364 4.63373 3.06049 5.76874 3.02058 5.69561 2.86015
threshold=1.0000000180025095e-35 0.93624991178512584 0.93362700939178478 0.2736185491085053 0.7581172287464143 0.98918887972831737 0.82661506533622753 0.59787234663963329 0.24068965017795566 1.0000000180025095e-35 0.31851120293140417 0.55426928400993358 0.28035087883472448 0.92718276381492626 1.5000000000000002 -1.0000000180025095e-35 0.22335600852966311 0.96922349929809581 0.96984851360321056 2.5000000000000004 0.70018050074577343 0.20789610594511035 0.82097071409225475 1.0000000180025095e-35 0.67750748991966259 0.576725333929062 0.57517036795616161 0.95531892776489269 0.94555336236953746 0.45559163391590124
decision_type=2 2 2 2 2 2 2 2 2 2 2 2 2 2 2 2 2 2 2 2 2 2 2 2 2 2 2 2 2 2
left_child=1 2 20 4 7 9 8 -4 29 13 11 -10 -12 14 15 -2 -16 19 -19 -15 22 -8 24 -24 -1 26 27 28 -3 -7
right_child=5 25 3 -5 -6 6 21 -9 10 -11 12 -13 -14 17 16 -17 -18 18 -20 -21 -22 -23 23 -25 -26 -27 -28 -29 -30 -31
leaf_value=-0.0014667546989171169 0.066516188869081103 0.083945740737945085 -0.98477472983160197 0.0046195748745661768 -2.7781476886908467 0.011071069429688014 -0.2515561973890903 0.080199875662242626 -0.023039655099715155 0.078902299749710011 -0.10426574678865931 -0.1455742748026182 0.020555456894389212 0.070526835822472225 -0.016392001465007626 -0.0068308860841803654 -0.080337046067309154 9.6982054971766574e-05 -0.03463968973018406 -0.013805580195073964 0.054432922006003193 0.067442294304035727 0.013082579649588942 0.097854855449104647 -0.15562045026817148 0.080453400454128396 -0.46837070326334773 0.062025802563592157 -0.06289183907392841 0.051833639851596891
leaf_weight=72.754631055198843 26.45364789350424 2.8318499686138283 0.074893108569084488 0.92739877488929778 0.083949949126690626 45.025596384250093 0.23380356840789573 0.096199141000397503 27.601190703455359 6.0546529977873424 4.2198712658137074 4.8568491979967794 33.289558836084325 18.084058492589978 136.06263220804976 603.32896689992049 36.433504559798166 685.82925417521619 36.60002680902835 8.2278764506045245 16.574207771831425 31.637412617215887 71.170238467413583 7.0617557036457574 1.2697462196520053 17.503629487546277 0.14499281608732317 12.305510631296784 4.1951028413022868 14.585159306647254
leaf_count=3889 3867 438 3 1235 29 5464 3 43 221 1132 62 39 2956 1960 13471 166647 5868 32313 4984 495 21669 43902 8322 7777 182 43395 17 4789 559 179
internal_value=-0.000440168 0.0193361 0.0113227 -0.249466 -1.17339 -0.0028222 0.0138168 -0.385977 0.00120254 -0.00454746 -0.0157024 -0.0413751 0.00651287 -0.00487322 -0.00937202 -0.00374999 -0.0298981 -5.2728e-05 -0.00166286 0.0441557 0.0131492 0.0651022 0.00865518 0.0207347 -0.00411097 0.0561763 0.0343594 0.0381298 -0.00371655 0.0210446
internal_weight=1925.52 206.994 170.013 1.18244 0.255042 1718.52 161.449 0.171092 129.578 1557.07 69.9675 32.458 37.5094 1551.02 802.279 629.783 172.496 748.741 722.429 26.3119 168.831 31.8712 152.256 78.232 74.0244 36.9811 19.4775 19.3325 7.02695 59.6108
internal_count=375910 92347 43149 1310 75 283563 52826 46 8921 230737 3278 260 3018 229605 189853 170514 19339 39752 37297 2455 41839 43905 20170 16099 4071 49198 5803 5786 997 5643
is_linear=0
shrinkage=0.08


Tree=98
num_leaves=31
num_cat=0
split_feature=7 14 2 8 7 14 8 8 2 3 7 11 4 5 8 2 2 4 3 2 5 2 4 4 3 2 4 7 8 5
split_gain=10.2697 10.448 12.4175 8.85361 31.9975 17.678 6.572 6.75815 6.91068 5.27427 4.54221 4.4551 7.79459 4.70397 5.18607 4.25441 6.00566 11.3173 4.19741 9.15441 8.52649 10.763 8.18628 8.51247 7.57054 6.45363 5.57135 4.87509 3.65833 3.44423
threshold=0.81106579303741466 1.0000000180025095e-35 0.38165266811847692 0.26518318057060247 0.46113573014736181 1.0000000180025095e-35 0.33809620141983038 0.72240144014358532 0.84660634398460399 0.96178188920021068 0.55891487002372753 -1.0000000180025095e-35 0.38956639170646673 4.5000000000000009 0.961643546819687 0.14415584504604342 0.16108107566833499 0.43534001708030706 0.78830561041831981 0.74322345852851879 1.5000000000000002 0.79388421773910534 0.25265957415103918 0.050641026347875602 0.91024166345596325 0.74115687608718883 0.2806250005960465 0.79469618201255809 0.3279555886983872 2.5000000000000004
decision_type=2 2 2 2 2 2 2 2 2 2 2 2 2 2 2 2 2 2 2 2 2 2 2 2 2 2 2 2 2 2
left_child=3 2 15 18 5 -5 10 8 -8 -9 -6 12 -3 -13 -15 -2 17 -17 19 25 -20 24 23 -21 -22 27 -23 -1 -12 -24
right_child=1 11 -4 4 6 -7 7 9 -10 -11 28 13 -14 14 -16 16 -18 -19 20 22 21 26 29 -25 -26 -27 -28 -29 -30 -31
leaf_value=0.0010952352336162862 0.059818322084647296 -0.023212289935119552 0.08010081970315916 -0.0091639521077997582 0.10064625735376975 -0.075644445095549351 -0.013570496775053311 0.048452406266079787 0.016066259713328975 -0.048197119017886883 -0.004417541630737396 0.005481265312629784 -0.24179946363176036 -0.083669251041162046 0.087586707492262827 0.083573111056198607 -0.00085698565508283389 -0.52670852923353217 0.032365555389544241 0.054289021535142673 -0.073141824317842843 -0.0075974545142296311 0.056938908146428491 -0.024832565835056743 0.084408736816222726 -0.13386999650152706 0.031813875901451814 0.29255254203258768 0.092093924536580968 0.15162278055963949
leaf_weight=212.53550564264879 7.762616357242222 12.311827386962248 26.107725956011564 40.295760930981487 5.9351998700003632 70.18784805649193 273.87089345057029 23.008399743033809 61.698748087263084 4.2869154579238957 11.100343844882444 670.0112802334188 1.1407974120229472 6.8609278528019768 1.3552287274505941 0.38302183605265128 27.035289479856146 0.39506386523135006 36.088407099625329 15.083989171660503 22.490389197046174 307.92361914066714 26.699963453836975 20.570367609616369 2.1374516410287461 2.2746795561106401 24.805390502035152 0.36792895680991833 3.2494908688240676 2.7081780774751669
leaf_count=11864 4305 289 71244 1065 1814 142768 41945 1568 6238 1709 418 78482 16 556 268 24 2359 82 1357 216 284 5957 315 269 81 36 337 8 165 38
internal_value=-0.000629037 0.00665268 0.0382006 -0.0053285 -0.0134677 -0.0513976 -0.0025304 -0.00500765 -0.0081214 0.0332729 0.0417834 0.00383925 -0.0417487 0.00474348 -0.0554211 0.00745179 -0.00716353 -0.22629 0.000635377 0.00811757 -0.00469399 -0.00843652 0.0344126 0.00864074 -0.059468 0.000166855 -0.00465929 0.00159892 0.0174373 0.0656583
internal_weight=1920.68 753.364 61.6837 1167.32 493.634 110.484 383.15 362.865 335.57 27.2953 20.285 691.68 13.4526 678.227 8.21616 35.576 27.8134 0.778086 673.686 280.241 393.445 357.357 65.0625 35.6544 24.6278 215.178 332.729 212.903 14.3498 29.4081
internal_count=376077 157625 78014 218452 197690 143833 53857 51460 48183 3277 2397 79611 305 79306 824 6770 2465 106 20762 12746 8016 6659 838 485 365 11908 6294 11872 583 353
is_linear=0
shrinkage=0.08


Tree=99
num_leaves=31
num_cat=0
split_feature=11 8 8 8 0 3 8 3 3 5 3 2 0 5 5 2 11 8 5 8 0 12 3 2 8 5 12 3 0 0
split_gain=7.61644 3.67533 6.19285 6.40242 4.89365 7.65978 4.87557 4.59619 9.83301 8.93511 8.59811 8.02422 4.79617 4.51536 4.42548 3.83878 3.76222 8.48936 11.4852 3.6442 3.4113 15.6715 7.8935 5.72751 4.63269 3.07876 4.22163 3.47192 2.35327 7.75719
threshold=1.0000000180025095e-35 0.76825228333473217 0.93359273672103893 0.94617217779159557 0.42863756418228155 0.81530213356018078 0.26518318057060247 0.78830561041831981 0.74322345852851879 1.5000000000000002 0.74115687608718883 0.79388421773910534 0.7805088758468629 1.5000000000000002 2.5000000000000004 0.61633428931236278 -1.0000000180025095e-35 0.92545253038406383 2.5000000000000004 0.9440496861934663 0.41921134293079382 1.0000000180025095e-35 0.11942959204316141 0.70064935088157665 0.55428233742713939 4.5000000000000009 -1.0000000180025095e-35 0.77015754580497753 0.75395557284355175 0.72420981526374828
decision_type=2 2 2 2 2 2 2 2 2 2 2 2 2 2 2 2 2 2 2 2 2 2 2 2 2 2 2 2 2 2
left_child=1 6 16 13 -5 -6 7 8 10 12 -1 -11 -9 19 -10 -15 17 18 -3 -4 21 -8 -22 -24 -23 27 -27 -18 29 -2
right_child=28 2 3 4 5 -7 20 9 14 11 -12 -13 -14 15 -16 -17 25 -19 -20 -21 22 24 23 -25 -26 26 -28 -29 -30 -31
leaf_value=0.004272303635791827 0.032101176518229406 0.054571860635335721 0.018080139842866362 0.041468011663292018 -0.024795173622894656 0.017834004057499794 0.10663588176855326 0.18577629463731399 0.030859846568123881 -0.052079328405678027 -0.13550268820614239 -0.0040357361292146995 0.028984134378912323 -0.49577284709076763 0.095905623403940224 -0.071864411658586536 0.0076567829621665444 -0.35256168076672795 -0.19266862101298901 -0.13920466169987653 -0.1377830295302431 0.0045903017863036071 -0.017514705525048007 -0.00069471476530576486 -0.017464674774674564 -0.015344705657614555 -0.21933966909696753 0.026107450966108076 0.089111809397468031 -0.65176891392989011
leaf_weight=225.75442354276311 3.7302772531111246 3.9730720012157681 7.4417636095022335 15.433571006724376 63.299524682850461 47.010830084851477 8.5771649000816961 1.29539954883512 48.814289030240616 23.838548175175674 2.852178524946793 333.68390530190663 34.567019233014435 0.13812955359753587 7.7581852907605926 13.389954117461455 165.58792894412181 0.53852740419097234 1.7243852120882364 1.0795388090627964 3.1140230234886976 171.94574659416685 291.42484882376448 233.28500019248168 94.427870587504003 3.462748943362385 0.79909361031604831 107.74174434722227 7.822439778392436 0.10926359973382194
leaf_count=12105 579 205 1730 2547 8880 22677 2110 19 675 357 44 6452 1428 31 107 3364 16106 15 88 339 1305 27930 145048 58023 2992 76 693 52525 7662 92
internal_value=-0.000520972 -0.000913913 0.00558231 -0.00769725 -0.000724742 -0.00662795 -0.00280673 0.0021853 0.00991822 -0.00342058 0.00252842 -0.00723914 0.0346477 -0.0474603 0.03978 -0.0761928 0.0124972 -0.0489548 -0.0202576 -0.00184581 -0.00702636 0.000199179 -0.0107902 -0.0100366 -0.00322806 0.0138777 -0.0535937 0.0149297 0.0639345 0.01264
internal_weight=1924.62 1912.96 431.621 147.793 125.744 110.31 1481.34 678.564 285.179 393.385 228.607 357.522 35.8624 22.0494 56.5725 13.5281 283.828 6.23598 5.69746 8.5213 802.775 274.951 527.824 524.71 266.374 277.592 4.26184 273.33 11.662 3.83954
internal_count=376204 367871 109276 39568 34104 31557 258595 21187 12931 8256 12149 6809 1447 5464 782 3395 69708 308 293 2069 237408 33032 204376 203071 30922 69400 769 68631 8333 671
is_linear=0
shrinkage=0.08


Tree=100
num_leaves=31
num_cat=0
split_feature=7 4 0 8 3 5 8 3 11 14 7 0 7 7 4 1 4 4 5 4 1 4 0 0 0 2 7 3 8 0
split_gain=8.62095 10.3789 8.8928 22.908 40.1241 7.51938 21.9918 5.78367 5.37055 5.12021 6.40917 10.7345 4.63302 56.5411 6.05499 4.65083 5.1973 4.31327 4.16666 4.11749 4.01335 3.7201 3.63966 3.26907 3.21955 3.19143 2.70111 1.34182 1.14939 3.82911
threshold=0.98739472031593334 0.045983087271451957 0.98903903365135204 0.99819493293762218 0.97332859039306652 4.5000000000000009 0.83791333436965953 0.79118219017982494 1.0000000180025095e-35 1.0000000180025095e-35 0.76384064555168163 0.61704328656196605 1.0000000180025095e-35 0.46583126485347753 0.42163743078708654 0.51925924420356762 0.30860807001590734 0.76095238327980053 2.5000000000000004 0.46470099687576299 0.82097071409225475 0.30860807001590734 0.60527339577674877 0.94740843772888195 0.45298382639884954 0.30662393569946295 0.63196593523025524 0.37884436547756201 0.99819493293762218 0.76668736338615429
decision_type=2 2 2 2 2 2 2 2 2 2 2 2 2 2 2 2 2 2 2 2 2 2 2 2 2 2 2 2 2 2
left_child=8 28 5 -4 -5 7 -7 17 9 10 18 22 15 23 -15 16 -11 -3 20 24 -1 -20 -12 -14 -10 -17 -21 -26 -2 -30
right_child=1 2 3 4 -6 6 -8 -9 19 12 11 -13 13 14 -16 25 -18 -19 21 26 -22 -23 -24 -25 27 -27 -28 -29 29 -31
leaf_value=-0.0046844404964584349 0.077927797373197966 -0.00073536898469922854 0.080042423769218787 -5.8074259248785323 0.080036310880173003 -2.4126602376078692 0.080070546843423809 0.080077325334012031 0.40583869672678113 0.12267218559702567 0.010214697794568408 0.080066307040109155 -0.078877223909727054 -0.0058440444399026001 0.0078094222134755687 -0.077370518501107238 -0.01322637438423477 0.031568141045463745 -0.019051970415090397 -0.13562243403415408 0.026243523695183152 -0.14173945716034797 -0.14459185343511233 -0.026704879194005566 -0.017224868827296482 0.0025791718159620474 0.081889490592491371 0.091215195901359 -0.046037452540886349 0.080040189925187355
leaf_weight=60.079498005914502 17.131189415187695 103.59957909327932 0.064807442846357755 0.013588191824965179 0.016290055413264781 0.032092206238302334 0.076995637995423749 7.4038459197618058 0.19760078354738464 4.314187651500105 28.270889634615745 20.789363946161757 65.92639544303529 502.06442296403111 354.767156450107 3.2123256213963023 3.0918044578284025 35.524878383410396 22.033487688284371 0.99271691194735445 48.553349043504568 1.7040675276366517 1.0065992016461667 8.7008601730340143 0.82817541540134687 608.20712379319593 0.57821174769196659 6.1788493668427691 2.2697118653741191 4.8065887100092368
leaf_count=2122 23366 12923 139 30 36 34 133 11978 21 96 4892 60372 150660 48611 18328 42 115 6887 2434 44 6029 92 73 5734 28 6027 222 4703 156 10067
internal_value=0.00104768 0.0181918 0.010185 -0.76486 -2.5975 0.0106855 -0.653258 0.0111798 -0.000635127 -0.00095129 0.0117258 0.0361069 -0.00244312 -0.00600779 -0.00019089 0.00292242 0.0659382 0.0075132 0.00250401 0.0617908 0.00913878 -0.0278594 0.00489224 -0.0727944 0.0873791 0.00215913 -0.0555628 0.0783984 0.0667242 0.039601
internal_weight=1912.44 170.94 146.732 0.0946857 0.0298782 146.637 0.109088 146.528 1741.5 1732.72 182.437 50.0669 1550.28 931.459 856.832 618.825 7.40599 139.124 132.37 8.77555 108.633 23.7376 29.2775 74.6273 7.20463 611.419 1.57093 7.00702 24.2075 7.0763
internal_count=376394 65749 32160 205 66 31955 167 31788 310645 305627 76014 65337 229613 223333 66939 6280 211 19810 10677 5018 8151 2526 4965 156394 4752 6069 266 4731 33589 10223
is_linear=0
shrinkage=0.08


Tree=101
num_leaves=31
num_cat=0
split_feature=7 3 7 2 2 0 4 4 2 3 8 0 12 4 0 3 2 2 8 0 7 8 0 14 8 3 7 0 4 2
split_gain=7.92564 13.5298 6.68811 9.88574 22.4457 25.2721 5.75647 6.86551 5.84618 5.67683 19.8652 4.75289 15.7653 4.50201 6.15899 13.5184 12.1273 11.5651 9.15671 7.06963 6.06282 13.8732 14.205 13.2593 8.55864 12.5891 4.34169 4.20104 2.06928 8.42901
threshold=0.99180272221565258 0.79118219017982494 0.98645591735839855 0.60922586917877208 0.52419984340667736 0.82661506533622753 0.037749288603663451 0.067424245178699507 0.50242719054222118 0.19139194488525393 0.9440496861934663 0.9300326704978944 1.0000000180025095e-35 0.096006143838167204 0.84260722994804393 0.70659971237182628 0.70064935088157665 0.55625879764556896 0.93946442008018505 0.99782609939575206 0.61583185195922863 0.25071428716182714 0.9689181149005891 1.0000000180025095e-35 0.43765547871589666 0.69028213620185863 0.71010184288024913 0.55717623233795177 0.36899313330650335 0.75905716419219982
decision_type=2 2 2 2 2 2 2 2 2 2 2 2 2 2 2 2 2 2 2 2 2 2 2 2 2 2 2 2 2 2
left_child=2 6 13 4 9 -6 -2 8 -8 10 -4 -9 -13 14 15 16 -1 -16 -17 -19 21 22 -15 -23 25 -22 -26 -11 -5 -30
right_child=1 -3 3 28 5 -7 7 11 -10 27 -12 12 -14 20 17 18 -18 19 -20 -21 24 23 -24 -25 26 -27 -28 -29 29 -31
leaf_value=-0.014981855907955772 0.077539456726642794 0.072000658174221993 0.080785961113660529 0.047771835362004016 0.081087628489226432 -1.611103348841167 -0.18058065963960687 0.0076389050951280336 0.080277950182860242 0.10992250155602143 -0.6924456244228594 -1.6965480097617593 0.080102282898375357 0.0012285357108514964 0.099759379860248076 -0.072842632585163977 0.089360307548230419 0.021415488738208671 -0.33560927632383752 0.0008775075817432943 0.016587606481176784 0.0021108607214937207 -0.10602706205008218 -0.048051299473837447 -0.02214299288116249 0.13230075413952444 0.00069707205736409348 -0.1376546795408537 0.080863244430495598 -0.84271479451002407
leaf_weight=53.092484162421897 7.2691464840463587 24.848516027224832 0.43749523366568599 2.4210149682330671 0.09385905586532306 0.1418445321614854 2.2250900077342517 135.62678630698065 0.73031743933097448 0.69616594538092602 0.4137452538125217 0.045028063148492947 0.11018655201769334 341.8787363639567 8.6746117647853662 11.70079640470794 8.2345923063112405 149.06676628443529 0.91513018838304638 382.52136677929957 79.118989474431146 51.938671517476905 8.0898237182991561 96.168194557918468 59.895167210983345 6.5127365058579008 481.20830508144718 1.1858205012395044 0.23431906464975316 0.08662171836476773
leaf_count=22792 1560 43533 81 997 14 33 36 19125 466 10 71 37 110 9167 1441 3217 1347 21532 34 58226 1735 1258 180 152663 2495 891 32716 53 55 17
internal_value=0.000986304 0.0174303 -0.000623996 -0.0870567 -0.188208 -0.937259 0.00814306 0.00450703 -0.116119 -0.123613 -0.295043 0.00713257 -0.435307 -0.000340153 0.00516823 -0.016486 -0.000971484 0.00813193 -0.0919031 0.00663672 -0.00334802 -0.00993645 -0.00125077 -0.0304602 0.0018879 0.0253882 -0.00183111 -0.0460734 0.0224682 -0.16841
internal_weight=1915.58 170.855 1744.73 5.71089 2.96893 0.235704 146.007 138.737 2.95541 2.73323 0.85124 135.782 0.155215 1739.02 614.206 73.943 61.3271 540.263 12.6159 531.588 1124.81 498.075 349.969 148.107 626.735 85.6317 541.103 1.88199 2.74196 0.320941
internal_count=375892 64867 311025 1331 262 47 21334 19774 502 215 152 19272 147 309694 108589 27390 24139 81199 3251 79758 201105 163268 9347 153921 37837 2626 35211 63 1069 72
is_linear=0
shrinkage=0.08


Tree=102
num_leaves=31
num_cat=0
split_feature=14 7 0 7 0 11 4 4 1 4 7 7 0 5 12 7 0 0 1 1 2 1 5 0 4 0 1 1 0 0
split_gain=10.1461 7.92431 14.5078 5.7086 10.217 4.22239 3.67972 7.52451 4.57873 3.53619 3.44523 46.5411 5.47345 5.04132 3.33496 3.1676 3.02714 2.94859 2.76819 14.3636 4.78456 2.63393 2.44118 4.24631 2.85431 2.66275 2.12316 4.80933 2.87176 2.07238
threshold=1.0000000180025095e-35 0.98739472031593334 0.82661506533622753 0.76384064555168163 0.61704328656196605 1.0000000180025095e-35 0.52679425477981578 0.5178799331188203 0.27953489124774938 0.44562648236751562 1.0000000180025095e-35 0.46583126485347753 0.45003840327262884 1.0000000180025095e-35 1.0000000180025095e-35 0.7510683834552766 0.94740843772888195 0.6146107316017152 0.3310502320528031 0.32071428000926977 0.34094446897506719 0.74849396944046032 2.5000000000000004 0.80350974202156078 0.30860807001590734 0.82226496934890758 0.82097071409225475 0.84292763471603405 0.45559163391590124 0.56055966019630443
decision_type=2 2 2 2 2 2 2 2 2 2 2 2 2 2 2 2 2 2 2 2 2 2 2 2 2 2 2 2 2 2
left_child=3 5 14 15 6 10 7 9 -9 -5 13 16 -13 -2 -3 22 -12 -15 19 -16 -20 29 26 24 -24 -25 28 -28 -1 -17
right_child=1 2 -4 4 -6 -7 -8 8 -10 -11 11 12 -14 17 18 21 -18 -19 20 -21 -22 -23 23 25 -26 -27 27 -29 -30 -31
leaf_value=0.02837864733072281 0.11023938496105429 0.065866010122062932 0.065372414096142487 -0.0043222372097748638 0.080092961800851722 0.071071521276377378 0.048760716675977617 -0.22460055274180535 0.085217276440917103 0.082718770582177331 -0.077340229368689992 0.0078134715286603124 -0.0059701634213496181 -0.03962296071443961 -0.0035439176435697025 -0.083480011836851525 -0.026776216866781742 0.0013785379086814268 0.080645154902978619 -0.37491022666725682 0.0053978245868206553 0.08017849389879507 -0.047502256436582596 0.19758971595559696 -0.24597921656331806 -0.0073991655339809437 0.1757277693188562 0.022938160869732136 -0.0078221427218356197 -0.28910176950675631
leaf_weight=21.605917097913334 2.6963964393362394 5.2967075098422347 30.194327010540292 21.595166704384617 22.905470099045488 4.8680225868301923 12.507313085836357 1.4578829698730249 0.38615200301865105 3.4667812122788737 58.426096229683026 270.1339887441718 580.81516689792625 11.439704956486819 88.363292993279174 1.1915067313238972 8.7067887818557193 598.65848448965698 6.7815179951721793 0.67162536084651847 26.702018041833071 0.45545902033336449 1.1519756887864812 0.41360375648946757 0.77617298834957171 20.838456667843275 1.3553909239126358 48.427313950000098 39.968978136443184 0.42580331506906066
leaf_count=470 25 2151 44269 1291 73016 1133 6392 25 101 737 150350 11436 55522 490 4501 38 5764 5710 131 5 2222 560 49 26 18 2393 125 5674 1631 44
internal_value=0.000445948 -0.00156141 0.015498 0.0175373 0.0376023 -0.00331662 0.0129083 -0.00375775 -0.159723 0.00771801 -0.00355316 -0.00665376 -0.00159455 0.00109212 0.00371592 0.00838413 -0.0707823 0.000609735 0.00102905 -0.00634528 0.0206379 -0.0897589 0.00989618 -0.0137232 -0.127399 -0.00340971 0.0148128 0.027098 0.00488029 -0.137616
internal_weight=1892.68 1693.75 158.009 198.929 62.3188 1535.74 39.4133 26.906 1.84403 25.0619 1530.88 918.082 850.949 612.795 127.815 136.611 67.1329 610.098 122.518 89.0349 33.4835 2.07277 134.538 23.1802 1.92815 21.2521 111.358 49.7827 61.5749 1.61731
internal_count=376299 283709 53279 92590 81562 230430 8546 2154 126 2028 229297 223072 66958 6225 9010 11028 156114 6200 6859 4506 2353 642 10386 2486 67 2419 7900 5799 2101 82
is_linear=0
shrinkage=0.08


Tree=103
num_leaves=31
num_cat=0
split_feature=0 12 3 8 3 5 3 12 1 12 14 4 5 8 8 1 8 2 0 4 8 3 8 8 8 8 4 4 3 8
split_gain=4.42913 17.3603 11.7347 9.54611 8.52708 16.8789 19.1928 14.0188 21.9077 12.8766 14.1301 12.3335 7.85291 7.3311 7.01917 6.92566 6.26914 5.88305 5.70747 4.61995 3.12767 2.80453 2.70051 8.02678 5.19295 2.66187 2.54306 2.28568 4.85284 1.81984
threshold=0.33743417263031011 1.0000000180025095e-35 0.085144929587841048 0.92965358495712291 0.39780220389366155 1.0000000180025095e-35 0.48683299124240881 1.0000000180025095e-35 0.38757823407649999 1.0000000180025095e-35 1.0000000180025095e-35 0.30495168268680578 1.0000000180025095e-35 0.43341544270515447 0.85766234993934642 0.81016731262207042 0.55923092365264904 0.38165266811847692 0.82226496934890758 0.4403389841318131 0.20789610594511035 0.18350168317556384 0.9739694893360139 0.98772960901260387 0.98367321491241466 0.46759706735610967 0.30495168268680578 0.9767441749572755 0.33084577322006231 0.22542115300893786
decision_type=2 2 2 2 2 2 2 2 2 2 2 2 2 2 2 2 2 2 2 2 2 2 2 2 2 2 2 2 2 2
left_child=1 -1 3 -2 7 6 11 8 20 15 -11 -6 13 -9 16 -7 27 -14 -10 -18 -4 -21 26 24 -24 -8 -16 28 -3 -29
right_child=2 14 4 -5 5 9 25 12 18 10 -12 -13 17 -15 22 -17 19 -19 -20 21 -22 -23 23 -25 -26 -27 -28 29 -30 -31
leaf_value=0.10807751534849343 -0.1595491589685229 -0.07341931920413719 0.21682495525613232 -1.1414577153285439 -0.050419044504570881 -0.017088846758410298 0.12462518507646091 -0.049579633967762604 -0.0019775128959557873 0.083297940057780795 0.012533336588277799 0.048443668392363269 0.11906669369175385 -0.01430274896082844 -0.15289209158055062 0.00026949943000458248 0.12517733776844209 -0.022516403561095088 -0.11336607678942251 -0.014217692129531275 0.092004771453539413 -0.14500559040399139 -0.033243380146091128 0.049844452339430668 -0.36370598817911465 0.069520489541706601 0.071684293002334629 0.086143164165508837 0.14989595087324323 0.012866818256327062
leaf_weight=11.189933838526484 2.0074547096155579 4.2866195749375029 1.4050421919673706 0.065432605217210837 17.322823253693059 176.86928211021586 6.8425389473122769 45.518467263726052 12.783224589817111 20.731628383640782 140.08091004365997 15.129635640187187 4.5972064142843001 219.56697542514303 0.32949372677831057 874.11168987385463 1.5139743741892733 3.1758201649936382 3.8249260105367275 93.308451193326619 15.011520088737596 1.0612467532628205 0.69750920849037246 5.0673079479893204 0.53989844408351928 31.154746725398581 15.667191788728815 2.1990609869826576 0.72864888448384579 159.35438249103026
leaf_count=3612 619 3789 14 10 7597 29546 1572 79051 3681 54528 53565 3992 809 29321 12 68836 61 510 200 3729 797 61 132 881 74 10616 2692 401 76 15428
internal_value=0.00134818 0.0103345 -0.000324225 -0.190544 -7.59422e-05 0.00278718 0.0408544 -0.012078 0.0371505 0.000574078 0.0216562 -0.00432834 -0.0180362 -0.0203602 0.00649353 -0.00265173 0.0028322 0.0612202 -0.0276308 -0.0134643 0.102688 -0.0156885 0.0495816 0.00523819 -0.177429 0.0794437 0.0670586 0.0122131 -0.0409747 0.0138643
internal_weight=1886.14 295.944 1590.2 2.07289 1588.13 1282.24 70.4497 305.883 33.0247 1211.79 160.813 32.4525 272.858 265.085 284.754 1050.98 262.452 7.77303 16.6082 95.8837 16.4166 94.3697 22.3014 6.30472 1.23741 37.9973 15.9967 166.569 5.01527 161.553
internal_count=376212 30948 345264 629 344635 230252 23777 114383 4692 206475 108093 11589 109691 108372 27336 98382 23545 1319 3881 3851 811 3790 3791 1087 206 12188 2704 19694 3865 15829
is_linear=0
shrinkage=0.08


Tree=104
num_leaves=31
num_cat=0
split_feature=1 5 3 1 12 1 3 12 7 3 2 1 2 2 8 0 2 1 1 5 3 8 2 0 2 1 0 3 8 7
split_gain=5.11228 11.9022 24.4558 17.7986 18.744 14.5217 14.8405 9.60088 9.48785 9.39396 8.6681 8.64981 8.53964 8.14737 13.6585 7.72533 6.9268 6.79437 6.26143 9.13919 9.08651 6.51303 6.57373 5.88663 4.577 4.17938 21.6965 4.05495 3.66487 5.53321
threshold=0.89725545048713695 1.5000000000000002 0.78629976511001598 0.78346121311187755 -1.0000000180025095e-35 0.75162336230278026 0.73286384344100963 1.0000000180025095e-35 0.98739472031593334 0.72046512365341198 0.56966492533683788 0.76631206274032604 0.43951219320297247 0.79118219017982494 0.96435630321502697 0.85716116428375255 0.88548010587692272 0.88067796826362621 0.99450549483299266 2.5000000000000004 0.93643954396247875 0.88019138574600231 0.91734972596168529 0.83040612936019909 0.39736843109130865 0.90366768836975109 0.76668736338615429 0.83910790085792553 0.41762655973434454 0.43645593523979193
decision_type=2 2 2 2 2 2 2 2 2 2 2 2 2 2 2 2 2 2 2 2 2 2 2 2 2 2 2 2 2 2
left_child=1 2 3 4 12 7 10 -3 18 -6 -7 -12 -1 14 -5 16 -8 -17 19 21 -21 -2 -23 28 -25 26 -10 -26 29 -20
right_child=8 5 -4 13 9 6 15 -9 25 -11 11 -13 -14 -15 -16 17 -18 -19 23 20 -22 22 -24 24 27 -27 -28 -29 -30 -31
leaf_value=0.12239101336648797 0.062019463004094291 -0.084188766334285584 0.066396363070995945 -0.093735329859736316 -0.0049984511919588092 -0.086890199626480466 -0.082941448753886357 0.065421150409827544 -2.0446810296556128 0.046192189785927804 0.18852523620384354 0.02865353665667807 0.024182991760312144 0.11108790864537038 -0.78656250570208008 -0.0089211606772990806 -0.76090435597664685 -0.070926994863400386 0.029947563810152011 -0.059052765853616206 0.055422399240767466 -0.11815651107503039 0.053748814166220828 -0.095391600801146115 0.0079461351349093476 0.053954398294165005 0.080094411740627952 -0.0048606688050022284 -0.0017486525054580366 0.14347523015713037
leaf_weight=10.67855104012415 35.16371272969991 30.523589049364091 33.883694079202542 14.792841388203669 739.57500534044812 3.9083803267858448 12.745414091608833 3.0164644487522301 0.037622054107489755 23.677375619037775 2.3013089829619267 36.817228865125799 12.0735511706589 1.2403896404575778 0.18437959367293011 59.075501709899982 0.097185078004259462 13.988053323657367 39.632615591603098 12.288492033971126 6.9460418690287034 2.781907138079986 2.9159772886196151 3.2806530566303982 234.82225394451234 26.633512561369571 0.1685555382136954 485.09664067831181 23.114456117051304 2.9522733196936306
leaf_count=1661 8177 5237 11650 3113 178918 914 3625 369 4 3019 606 5544 2194 120 53 4917 30 1288 2712 1313 1394 1222 2121 207 17024 48490 370 65796 3366 383
internal_value=-0.000114557 -0.00402733 -0.000177224 -0.00298911 -0.00127746 -0.0238404 -0.0116419 -0.0707334 0.00434657 -0.00341043 0.0267088 0.0380586 0.0702763 -0.0859464 -0.102264 -0.0308502 -0.0880719 -0.0207922 0.00286611 0.0277582 -0.0177131 0.0491627 -0.0301814 0.000969893 -0.00111299 0.0511768 -0.307622 -0.000683361 0.0238976 0.0378181
internal_weight=1874.41 998.579 836.106 802.222 786.004 162.473 128.933 33.5401 875.835 763.252 43.0269 39.1185 22.7521 16.2176 14.9772 85.9062 12.8426 73.0636 848.995 60.0961 19.2345 40.8616 5.69788 788.899 723.2 26.8397 0.206178 719.919 65.6993 42.5849
internal_count=375837 223258 200728 189078 185792 22530 16924 5606 152579 181937 7064 6150 3855 3286 3166 9860 3655 6205 103715 14227 2707 11520 3343 89488 83027 48864 374 82820 6461 3095
is_linear=0
shrinkage=0.08


Tree=105
num_leaves=31
num_cat=0
split_feature=7 3 4 12 4 7 12 1 12 4 8 3 7 8 1 1 4 1 3 8 0 7 8 0 8 1 1 8 0 0
split_gain=10.6475 15.7984 11.5096 12.1355 8.89272 8.58083 7.82777 13.7411 7.75863 7.23183 4.97024 4.94595 4.85598 5.9022 8.18712 5.73647 4.75884 7.53703 5.53392 7.08274 6.33578 5.40303 5.98542 6.49928 4.47161 5.70101 4.2081 3.87841 3.82633 3.7335
threshold=0.59160795807838451 0.51668518781661998 0.62192192673683178 -1.0000000180025095e-35 0.72046512365341198 0.55273854732513439 -1.0000000180025095e-35 0.34525330364704138 1.0000000180025095e-35 0.61167800426483165 0.50112107396125805 0.82426470518112194 0.65133896470069896 0.46190130710601812 0.8521554470062257 0.78346121311187755 0.096006143838167204 0.18350168317556384 0.38956639170646673 0.86460605263710033 0.99012196063995372 0.71010184288024913 0.63185164332389843 0.62225830554962169 0.29177927970886236 0.60943254828453075 0.94791102409362804 0.51524445414543163 0.99782609939575206 0.47085745632648474
decision_type=2 2 2 2 2 2 2 2 2 2 2 2 2 2 2 2 2 2 2 2 2 2 2 2 2 2 2 2 2 2
left_child=1 4 3 5 6 11 7 -1 9 -5 12 -3 13 -2 15 -15 17 -12 19 -19 -20 22 27 -24 25 -8 -10 -18 -7 -23
right_child=10 2 -4 8 -6 28 24 -9 26 -11 16 -13 -14 14 -16 -17 21 18 20 -21 -22 29 23 -25 -26 -27 -28 -29 -30 -31
leaf_value=0.37009349334975639 0.074777845626465139 -0.076449569576940143 0.10621460125740464 -0.0012751366072475501 -0.005092690644722969 -0.071420105042959273 -0.00084237165038459824 -0.028867849867463633 0.015723882864991767 -0.15650444841642772 0.14624887246112755 -0.012203359311998953 0.012378966273167501 -0.060255100828180107 0.11416511973223789 -0.39603567609473078 0.032524470439748557 -0.055159455511392806 0.032993983317106824 0.037889792821691533 0.0041548993220449568 0.0099445330267185113 -0.04258816496068045 0.060715099481461671 -0.06860984161389487 -0.065211060918444183 0.095615303242464769 -0.052441520057913901 -0.22418942495316155 -0.0038310702850817913
leaf_weight=0.77762140706181471 17.043484034016732 11.37939013984578 6.243473777169128 647.04817086888943 49.823730123272981 1.9439265791443165 18.925888762663817 1.9085951337765434 9.020882857541439 1.9265116996102722 2.6609756313264361 23.519330300056026 176.53875268755655 2.9906144249252971 1.81308281654492 0.36540768132545043 3.8434600468608542 16.399685606302231 78.37744029937312 7.6906441907049148 128.99820950102003 200.267551702942 6.9407403013901776 8.8905118626716995 46.04007596221345 16.468988726293901 7.9278081485535941 32.61639601533534 2.2799056805670261 339.14545050251763
leaf_count=5 939 14057 365 28960 22585 251 13106 2792 3044 71 71 6970 12805 357 79 13 171 450 27519 116 71441 12570 359 392 108613 1003 423 2137 55 44526
internal_value=-2.64099e-05 -0.006673 -0.00192679 -0.00288442 -0.0318769 -0.0461864 -0.0477408 0.0866258 -0.000340459 -0.00173594 0.00545673 -0.0331521 0.0168146 0.0520674 -0.0228131 -0.0968153 0.00272325 0.0123776 0.0108386 -0.0254542 0.0150546 -0.00109679 -0.0256497 0.0154249 -0.052173 -0.0307927 0.0530934 -0.0434847 -0.153881 0.00128339
internal_weight=1869.82 845.234 711.289 705.046 133.945 39.1226 84.1212 2.68622 665.923 648.975 1024.58 34.8987 198.751 22.2126 5.1691 3.35602 825.831 234.127 231.466 24.0903 207.376 591.704 52.2911 15.8313 81.435 35.3949 16.9487 36.4599 4.22383 539.413
internal_count=376245 202300 54196 53831 148104 21333 125519 2797 32498 29031 173945 21027 14193 1388 449 370 159752 99597 99526 566 98960 60155 3059 751 122722 14109 3467 2308 306 57096
is_linear=0
shrinkage=0.08


Tree=106
num_leaves=31
num_cat=0
split_feature=14 11 8 11 3 7 12 5 3 7 7 7 12 12 1 12 8 7 7 1 3 3 8 8 7 0 0 7 0 3
split_gain=7.09954 5.24981 5.22665 4.2108 4.19062 23.2497 21.3248 13.3245 12.423 6.91515 3.96994 4.87065 4.01367 3.89455 3.66517 6.91282 5.34399 8.16676 47.6275 6.3877 6.5195 5.8223 5.01965 5.72188 4.72567 3.55753 5.71597 5.31675 4.60245 3.23352
threshold=1.0000000180025095e-35 1.0000000180025095e-35 0.77340698242187511 -1.0000000180025095e-35 0.39780220389366155 0.5266309678554536 1.0000000180025095e-35 1.0000000180025095e-35 0.58017763495445263 0.98739472031593334 0.97525763511657726 0.97349813580513012 -1.0000000180025095e-35 1.0000000180025095e-35 0.82097071409225475 1.0000000180025095e-35 0.72922423481941234 0.93362700939178478 0.9388999640941621 0.69631093740463268 0.70064935088157665 0.60922586917877208 0.50757750868797313 0.3279555886983872 0.48579499125480657 0.60994097590446483 0.52426299452781688 0.8425402343273164 0.54763993620872509 0.38165266811847692
decision_type=2 2 2 2 2 2 2 2 2 2 2 2 2 2 2 2 2 2 2 2 2 2 2 2 2 2 2 2 2 2
left_child=2 3 14 10 5 13 -7 8 -6 -9 11 12 -2 -5 16 22 19 29 -19 21 -21 -1 23 -16 -24 26 -4 -28 -29 -18
right_child=1 -3 25 4 7 6 -8 9 -10 -11 -12 -13 -14 -15 15 -17 17 18 -20 20 -22 -23 24 -25 -26 -27 27 28 -30 -31
leaf_value=0.005122531587821169 0.093305287491761049 0.069887407113983613 0.056240433411054287 -0.020152427893991916 0.011295459072786689 0.085934159752267439 -0.0044059639551655653 -0.00096410802472972226 0.088364107326743824 0.039320244685550385 0.082539030133655183 -0.33700313356392664 -0.054253847392669176 -0.071469196625248047 0.027321022716222453 0.090669580437618386 0.086851020475445295 -2.3450890312627868 -0.14409239715225738 -0.10161096054385807 0.017257452973215629 0.095193134464733584 0.58421889959746842 -0.020779562452875822 0.073376018530336359 0.080208223673645065 -0.24570482087046569 -0.089209037047517176 0.055938287225070028 -0.12738266921387165
leaf_weight=61.61910396112944 1.2747675659775328 6.7020182280393774 12.075288838444981 12.682812553815891 36.477978557304596 17.370214197522728 448.54489032863057 1044.6828999087156 21.145657141925767 28.002504000571207 1.5910096544539545 0.36905359849333663 15.827522861087347 37.305040556326276 38.232403008529218 8.3894056171848188 1.2097700794110999 0.065931860735872649 1.3781103544752111 6.9839134452922718 5.1162831006076885 4.9630782400927265 0.11818378418683906 27.009093834873056 5.987314880163467 11.838191452923637 0.69925718620652233 2.6210616250755265 2.996607162989676 0.71881301524990693
leaf_count=3983 33 4013 4197 3484 12579 2607 17909 82244 4908 40932 95 4 1531 113448 4235 19216 139 20 423 386 1171 1206 1 2228 5592 48098 23 368 680 345
internal_value=0.000898453 -0.000774727 0.0154672 -0.00105911 -0.000626224 -0.00660072 -0.00103791 0.00210069 0.0395767 8.75169e-05 -0.038443 -0.0494601 -0.0432551 -0.0584492 0.009762 0.0219767 -0.00210758 -0.100719 -0.244585 0.00211926 -0.0513503 0.0118365 0.0138994 0.00740803 0.0832644 0.0460011 0.0239836 -0.0376778 -0.0117838 0.00700278
internal_weight=1864 1671.98 192.022 1665.27 1646.21 515.903 465.915 1130.31 57.6236 1072.69 19.0624 17.4713 17.1023 49.9879 161.791 79.7364 82.055 3.37263 1.44404 78.6824 12.1002 66.5822 71.347 65.2415 6.1055 30.2304 18.3922 6.31693 5.61767 1.92858
internal_count=376098 283787 92311 279774 278111 137448 20516 140663 17487 123176 1663 1568 1564 116932 38945 31272 7673 927 443 6746 1557 5189 12056 6463 5593 53366 5268 1071 1048 484
is_linear=0
shrinkage=0.08


Tree=107
num_leaves=31
num_cat=0
split_feature=7 4 8 8 7 7 5 5 7 4 4 1 5 4 0 1 5 7 12 5 8 12 7 4 1 1 4 7 7 8
split_gain=9.31123 11.6067 6.19754 7.51552 5.4707 7.6917 6.55121 5.94362 4.99577 6.00033 7.21752 4.56186 12.6059 18.5456 14.0333 9.4205 7.37579 4.29008 6.5117 4.10611 4.01963 11.9218 3.7014 3.27799 3.13025 6.27065 3.67449 2.98252 2.89027 2.31829
threshold=0.97813406586647045 0.14119601994752887 0.92545253038406383 0.83531776070594799 0.95531892776489269 0.97446763515472423 3.5000000000000004 1.5000000000000002 0.93624991178512584 0.21132376790046695 0.2149859964847565 0.93788579106330883 1.5000000000000002 0.22335600852966311 0.90667888522148143 0.99450549483299266 2.5000000000000004 0.93035691976547252 -1.0000000180025095e-35 5.5000000000000009 0.94177323579788219 1.0000000180025095e-35 0.97525763511657726 0.23166368901729587 0.31851120293140417 0.38165266811847692 0.087595909833908095 0.77448415756225597 0.97713410854339611 0.64019703865051281
decision_type=2 2 2 2 2 2 2 2 2 2 2 2 2 2 2 2 2 2 2 2 2 2 2 2 2 2 2 2 2 2
left_child=2 -2 3 11 6 7 27 -6 24 28 -11 12 14 -14 -1 23 -17 -8 -19 -9 21 -7 -22 -13 26 -26 -5 -4 -10 -3
right_child=1 29 4 8 5 20 17 19 9 10 -12 15 13 -15 -16 16 -18 18 -20 -21 22 -23 -24 -25 25 -27 -28 -29 -30 -31
leaf_value=-0.0045344851080053638 0.049724608757760511 0.022415658072019531 -0.37358829440238028 0.18179325155619452 0.053269178938608532 0.092584887446605202 -0.3680231306367413 -0.01022547185146953 0.029184024292824167 -0.30696945451724011 -0.023341392918154874 0.063414954450734626 -0.012867412274139322 -0.079860146468873489 0.049361746964823004 -0.0051767738181470032 0.013271177462139022 -0.056273707373922364 -0.36969022701896392 -0.25871334537993318 -0.18989213806528901 -0.41687736779130868 -0.021273403905101622 -0.058527493060325154 -0.075631168767723661 0.028535571907071615 0.049510725902408015 -0.035730683369490666 -0.24785957706181116 -0.00092907393132397582
leaf_weight=582.5963512058006 49.620698618542519 36.300415065110428 0.16828376054764405 1.487455712398513 11.33563957660226 0.47665643485379405 0.52483453294553273 35.263582761675934 23.254549796489304 0.58808232125011528 24.339530674056732 19.638600505451908 126.28093955642544 33.452031287612044 32.651724922761787 457.16652841269388 199.11744940358039 2.1563297585817063 0.52817732559924424 0.43079784269502752 1.0809967006061922 0.76698886990197823 3.6342209782014834 1.5200390121462977 3.941605533938854 59.984977204308962 13.926750055456067 26.525584879433154 0.24352641589939494 108.8988287581742
leaf_count=172503 45599 3956 1 14 2259 75 38 4591 12693 56 3669 4117 15257 5988 5794 39683 16689 29 269 18 135 201 650 65 55 13768 631 4199 113 23343
internal_value=-0.000224902 0.0163222 -0.0021633 -0.00104477 -0.0234859 -0.00804685 -0.0508442 0.00280247 0.0175569 -0.00269156 -0.0300326 -0.00268112 -0.00687297 -0.0268973 -0.00167417 0.00211426 0.00042036 -0.158836 -0.117938 -0.0132245 -0.0936746 -0.221614 -0.0599304 0.0546546 0.0299156 0.0221128 0.0622759 -0.0378606 0.0263128 0.00490721
internal_weight=1857.9 194.82 1663.08 1580.19 82.8921 52.9889 29.9032 47.03 127.766 48.4257 24.9276 1452.42 774.981 159.733 615.248 677.443 656.284 3.20934 2.68451 35.6944 5.95886 1.24365 4.71522 21.1586 79.3408 63.9266 15.4142 26.6939 23.4981 145.199
internal_count=376458 72898 303560 291095 12465 7929 4536 6868 30999 16531 3725 260096 199542 21245 178297 60554 56372 336 298 4609 1061 276 785 4182 14468 13823 645 4200 12806 27299
is_linear=0
shrinkage=0.08


Tree=108
num_leaves=31
num_cat=0
split_feature=7 7 7 2 7 7 5 7 0 1 1 5 12 4 4 7 7 0 4 1 2 3 1 1 3 0 2 4 2 1
split_gain=5.33152 15.6176 10.7773 4.72778 10.5154 7.59624 8.92719 8.08256 5.74105 10.2856 6.56543 14.3823 11.0798 10.262 7.51276 5.93358 5.83608 5.13066 4.73302 4.72096 4.34275 3.49871 6.97367 3.2561 3.11026 3.0268 5.4873 4.4177 4.16367 3.71028
threshold=0.57392227649688732 0.23745594918727878 0.46113573014736181 0.80229884386062633 0.98739472031593334 0.92140716314315807 2.5000000000000004 0.7510683834552766 0.9161842167377473 0.78830561041831981 0.88493064045906078 1.5000000000000002 1.0000000180025095e-35 0.24283374845981601 0.20881782472133639 0.69282051920890819 0.86295148730278026 0.92501389980316173 0.32037734985351568 0.88067796826362621 0.6926884949207307 0.73746865987777721 0.75162336230278026 0.89039039611816417 0.96824595332145702 0.6146107316017152 0.40253165364265447 0.43826219439506536 0.62988328933715831 0.53410854935646068
decision_type=2 2 2 2 2 2 2 2 2 2 2 2 2 2 2 2 2 2 2 2 2 2 2 2 2 2 2 2 2 2
left_child=1 25 -3 8 5 6 7 -5 10 21 11 12 -2 -13 15 -12 -16 20 -8 -7 -11 22 -10 -21 -19 26 27 -1 -28 -27
right_child=3 2 -4 4 -6 19 18 -9 9 17 14 13 -14 -15 16 -17 -18 24 -20 23 -22 -23 -24 -25 -26 29 28 -29 -30 -31
leaf_value=0.096323263737340736 0.038915085129650188 -0.044514606195796516 -0.0038461145593268599 -0.027506700315529393 0.071770840521271209 0.06259693215219754 0.04504025350832918 0.02789490387864765 0.074998594688437364 -0.26996673521581338 0.34184654042661972 -0.020221526376192078 -0.00063090464742936571 -0.10774582238879568 -0.012885873282365947 0.087002191830648515 0.038951942602163857 -0.011551435540514517 0.23108169698927858 -0.11381162212610514 -0.061040408939953376 0.076394999349281414 -0.78404443247424371 -0.0070914726890549699 -0.20296417258386312 0.065715803331162906 -0.0973294210925712 -0.047007302615943367 0.034787601638752323 0.00037892993999578316
leaf_weight=2.9082582080882267 49.35221719792753 97.242379721792531 73.018429965464748 29.679982277491945 17.76504060922889 6.2449176026348132 49.283035119457054 38.997103401758068 0.17757451564830162 0.65729122573975729 0.72732721600914318 28.596573467664712 558.09954968304373 12.244442622206405 22.165337722602999 2.982156414698693 37.274289503198816 27.565069934411444 0.89100516130565566 1.8575309281586658 20.360020956853987 6.842438016392407 0.091718196868896484 122.22236151978723 0.55421674757962947 5.6115635190944877 7.7890623866696824 2.612592859659344 1.8988095794338731 636.25690090740682
leaf_count=233 6835 152980 35809 2838 41764 2017 10848 17939 69 145 11 2137 24395 534 1149 457 11260 5850 31 409 2573 5066 6 39502 330 150 479 309 54 10291
internal_value=-0.000693529 -0.00548072 -0.0270734 0.00313453 0.0123054 0.00806581 0.0226926 0.00395215 -5.43701e-05 -0.0246585 0.00189089 -0.000507665 0.002582 -0.046462 0.0265146 0.13697 0.0196214 -0.0376732 0.048344 -0.00527323 -0.0675743 0.0652633 -0.217582 -0.00868912 -0.0153241 0.000114351 -0.0351593 0.028496 -0.0714347 0.00095014
internal_weight=1861.97 827.338 170.261 1034.63 266.941 249.176 118.851 68.6771 767.69 56.2483 711.442 648.293 607.452 40.841 63.1491 3.70948 59.4396 49.1366 50.174 130.325 21.0173 7.11173 0.269293 124.08 28.1193 657.077 15.2087 5.52085 9.68787 641.868
internal_count=376470 200305 188789 176165 115348 73584 31656 20777 60817 14039 46778 33901 31230 2671 12877 468 12409 8898 10879 41928 2718 5141 75 39911 6180 11516 1075 542 533 10441
is_linear=0
shrinkage=0.08


Tree=109
num_leaves=31
num_cat=0
split_feature=7 0 7 8 8 0 8 8 0 3 3 3 4 4 7 2 11 4 4 4 14 7 3 8 8 4 7 7 0 5
split_gain=6.90837 6.81746 5.0536 6.40689 11.0461 14.0437 41.0346 11.6917 9.50179 4.32861 4.26795 58.096 98.9586 18.9356 3.9265 3.4612 3.45536 3.60244 3.24838 10.5088 3.12022 4.16869 7.15789 3.23981 6.4971 6.06088 2.72774 2.59148 2.51202 1.52009
threshold=0.99180272221565258 0.76668736338615429 0.98645591735839855 0.93762966990470897 0.98190009593963634 0.92501389980316173 0.97081699967384349 0.94617217779159557 0.44211232662200933 0.54653680324554454 0.68614074587821972 0.69028213620185863 0.31311275064945226 1.0000000180025095e-35 0.98739472031593334 0.48912529647350317 1.0000000180025095e-35 0.46470099687576299 0.037749288603663451 0.063164893537759795 1.0000000180025095e-35 0.86689975857734691 0.35043859481811529 0.89239040017128002 0.83531776070594799 0.40175439417362219 0.8464345932006837 0.65133896470069896 0.45298382639884954 4.5000000000000009
decision_type=2 2 2 2 2 2 2 2 2 2 2 2 2 2 2 2 2 2 2 2 2 2 2 2 2 2 2 2 2 2
left_child=2 10 16 -4 5 7 -7 -5 14 -10 15 12 -12 -13 -6 18 20 28 -2 -20 21 26 -23 24 -22 -25 -1 -19 -18 -3
right_child=1 29 3 4 8 6 -8 -9 9 -11 11 13 -14 -15 -16 -17 17 27 19 -21 23 22 -24 25 -26 -27 -28 -29 -30 -31
leaf_value=0.0054507299541065937 0.071996539639002238 0.058010557965245464 0.042810454752205934 -0.72117288979799143 -0.65517328470926994 0.080240953588581229 -2.8461002185154332 0.081125278697407405 -0.11111553101457793 0.081021868892445267 -6.4991811612782122 -0.79015811885602749 0.080251492369394634 0.080220202845812577 -0.20257615993963407 0.081401962319642127 0.36658113709100276 -0.14260849635034661 -0.1985374114561731 0.0089892296120954434 -0.0018814800553562578 0.00087399951516744828 0.075990394812538109 -0.020935358346551892 0.022002376192107796 0.024784336745379453 -0.065483102611539917 0.081688071596141221 0.073545351551886406 -0.085536886395677914
leaf_weight=136.95570319840044 5.0126282248238558 24.569739690472492 2.0492131893697652 0.19783083091897413 0.21701362635940347 0.069927596210618503 0.05462333926698193 0.28188871432212181 1.628221129474696 1.3919466994120737 0.024317879200679182 0.18167397576326028 0.03672587126493454 1.339123366444255 0.28220703662373126 4.3586342247290295 0.19378021033480664 0.88679680286440976 1.5823404801776622 119.42455087504641 1283.5951702288294 17.678989535343135 15.013752288403337 113.76444016414462 77.282649013097398 22.174054557923228 3.5597608921088968 0.5247510822082404 5.5340999110412668 0.48137641011271526
leaf_count=18388 80 51031 572 15 12 79 17 42 26 522 10 34 54 2182 42 2477 21 38 18 8436 215199 3743 49853 8004 4981 1017 3951 226 4723 621
internal_value=0.000943285 0.0169923 -0.000553665 -0.0728055 -0.13026 -0.446248 -1.20314 -0.249733 -0.0760054 -0.0225625 0.00972908 -0.120888 -2.54078 -0.0237549 -0.399322 0.0113138 -0.000287739 0.0552488 0.00888968 0.00627552 -0.00052516 0.00964017 0.0353703 -0.00170147 -0.000525144 -0.0134776 0.00365372 -0.059225 0.0834591 0.0552522
internal_weight=1840.35 157.011 1683.34 6.17287 4.12366 0.60427 0.124551 0.47972 3.51939 3.02017 131.96 1.58184 0.0610438 1.5208 0.499221 130.378 1677.16 7.13943 126.02 121.007 1670.02 173.208 32.6927 1496.82 1360.88 135.938 140.515 1.41155 5.72788 25.0511
internal_count=376414 64943 311471 1327 755 153 96 57 602 548 13291 2280 64 2216 54 11011 310144 5008 8534 8454 305136 75935 53596 229201 220180 9021 22339 264 4744 51652
is_linear=0
shrinkage=0.08


Tree=110
num_leaves=31
num_cat=0
split_feature=4 7 4 3 8 0 8 0 0 1 3 8 7 1 1 1 1 7 1 8 2 0 0 0 0 1 8 8 4 12
split_gain=5.42703 8.73645 4.70175 8.86822 12.8303 31.0437 5.36933 4.48162 8.20911 8.14324 19.1276 12.7242 6.93502 5.26299 6.53338 4.97612 6.3842 3.99839 4.32103 9.1268 13.4076 9.01689 8.0025 6.16941 4.40873 3.84348 3.7433 7.55699 6.61539 4.93233
threshold=0.10102041065692903 0.98080605268478405 0.10990338027477266 0.82972848415374767 0.78800719976425182 0.89658117294311535 0.99819493293762218 0.84260722994804393 0.89231926202774059 0.74849396944046032 0.75162336230278026 0.90948107838630687 0.55891487002372753 0.18350168317556384 0.47140522301197058 0.67083334922790538 0.80259740352630626 0.96209374070167553 0.42967033386230474 0.41138803958892828 0.41444373130798345 0.53948158025741588 0.82226496934890758 0.54049953818321239 0.52739897370338451 0.16108107566833499 0.9440496861934663 0.94617217779159557 0.18677325546741488 -1.0000000180025095e-35
decision_type=2 2 2 2 2 2 2 2 2 2 2 2 2 2 2 2 2 2 2 2 2 2 2 2 2 2 2 2 2 2
left_child=1 7 3 4 -2 6 -6 12 9 11 -11 -9 -1 25 -15 -10 -17 26 21 20 -20 24 -21 -23 -19 -14 -4 28 -28 -29
right_child=2 -3 17 -5 5 -7 -8 8 15 10 -12 -13 13 14 -16 16 -18 18 19 22 -22 23 -24 -25 -26 -27 27 29 -30 -31
leaf_value=-0.04530145118392228 -0.079018394256475735 0.043056535173643579 -0.0039418795861402081 0.039205753832548332 -0.0056094292891935051 -1.9753490553734707 -0.69578795645049374 0.013856275306672562 0.12588790083838799 0.13971129595394513 -0.019018927812321802 -0.3968260879799293 0.032559468512667847 -0.033603532546147105 0.030114055537485286 -0.0378362053496945 0.0052519625461915562 0.0066969318087543887 -1.5390484263956985 0.071238505470897343 -0.16813520393341169 -0.2426157580060595 0.0094276314297232194 -0.032010142365775013 0.072913150965328216 0.20913070497118821 -0.67489797443433308 0.025873600636672857 -0.15542082954082045 -0.10388982262017826
leaf_weight=28.682477723879856 7.2879824780247855 38.877728248982748 982.76148399840167 4.3194733671552967 0.24615829299727909 0.077810409900848754 0.10204634215915576 16.548226071550747 2.1253810551861525 12.270677293141491 8.0437070568732434 0.49734639702364702 1.9965063357958563 21.196494998701382 20.032721415118431 23.101464803687122 464.72329557081684 98.785464407294057 0.049327636865199476 19.270366389973788 0.6136317396449158 0.9177649356424834 44.044397104626114 29.630162085144548 6.8836628096178165 1.3044786447426302 0.20979443265241382 4.17345263925381 0.62219289745553397 3.4035137352475431
leaf_count=25719 1352 42419 188873 897 55 41 12 1321 1535 1002 997 91 38 1133 1720 1846 72249 9217 11 7386 182 6 16148 765 107 33 30 80 67 698
internal_value=0.000348227 0.00630417 -0.00281634 -0.0525719 -0.103963 -0.5307 -0.207876 0.00392483 0.00649998 0.0426474 0.0768603 0.00187361 -0.0146226 0.00513811 -0.00264401 0.00374364 0.00321148 -0.00231378 0.00799858 0.0251484 -0.270138 -5.62402e-05 0.0282403 -0.0383375 0.0110105 0.102337 -0.00439665 -0.0575458 -0.286413 -0.0324151
internal_weight=1842.8 639.401 1203.4 12.0335 7.714 0.426015 0.348205 600.523 527.31 37.36 20.3144 17.0456 73.2127 44.5302 41.2292 489.95 487.825 1191.37 200.195 63.9777 0.662959 136.217 63.3148 30.5479 105.669 3.30098 991.17 8.40895 0.831987 7.57697
internal_count=376030 150103 225927 2357 1460 108 67 107684 79041 3411 1999 1412 28643 2924 2853 75630 74095 223570 33822 23727 193 10095 23534 771 9324 71 189748 875 97 778
is_linear=0
shrinkage=0.08


Tree=111
num_leaves=31
num_cat=0
split_feature=11 14 7 11 8 8 5 8 7 1 12 0 8 0 8 0 8 2 0 7 7 8 0 0 8 7 7 7 0 0
split_gain=9.56064 4.90605 5.49756 3.55307 3.21213 4.92456 5.46318 2.61065 38.4319 5.61976 11.136 6.35583 3.38635 2.77917 2.47624 8.89647 4.76231 11.6604 4.35945 2.27015 2.26248 1.43057 6.7898 14.3494 7.40763 1.26394 1.16664 1.52257 0.590687 8.87409
threshold=1.0000000180025095e-35 1.0000000180025095e-35 0.95260557532310497 -1.0000000180025095e-35 0.94617217779159557 0.92545253038406383 2.5000000000000004 0.26518318057060247 0.46882475912570959 0.48331478238105779 -1.0000000180025095e-35 0.66489356756210338 0.3660422563552857 0.94740843772888195 0.49894514679908758 0.80350974202156078 0.49285568296909338 0.2362911254167557 0.48330998420715338 0.56615138053894054 0.45049995183944708 0.96435630321502697 0.3959223628044129 0.37124118208885198 0.96672815084457409 0.43256238102912908 0.96674564480781566 0.97525763511657726 0.48330998420715338 0.48151500523090368
decision_type=2 2 2 2 2 2 2 2 2 2 2 2 2 2 2 2 2 2 2 2 2 2 2 2 2 2 2 2 2 2
left_child=1 2 14 4 5 6 -3 9 13 10 -5 -11 -10 -9 16 18 25 -18 -16 -2 -17 28 23 -23 -24 -1 -6 -28 29 -4
right_child=19 3 21 7 26 -7 -8 8 12 11 -12 -13 -14 -15 15 20 17 -19 -20 -21 -22 22 24 -25 -26 -27 27 -29 -30 -31
leaf_value=-0.0031174846213942575 -0.079779238720348894 0.002886747783186414 0.080508735044279953 1.0413251330026507 0.088483424164740684 -0.17762991850196003 -0.10528460536829964 -0.080080881206707963 0.024825286638546155 -0.04745689395344603 0.045905584026453027 0.0041111778062705648 -6.4762197522518242e-06 -0.026574895826214754 0.038213865228041537 0.36960741612723702 -1.2700666083502108 -0.10514833107788299 -0.022266145939948294 0.096522032342139893 0.075551107661841768 0.080204078760110251 -0.56134758879589164 -0.85364278062082277 0.064074654156995772 0.013567480121301188 -0.046241243431346932 0.081917795337302202 0.081768617573032373 -0.32654777111115385
leaf_weight=67.7092455731472 0.49659510026685705 8.4803475816297595 3.9959011723112807 0.072246953262950053 1.3692873371765006 1.7635751850903023 4.6138895970943841 41.235886669383035 36.545487883471651 15.706154819665242 16.27449141976831 586.37247512147587 918.91290816676337 7.3149630307743783 12.621784387156369 0.16959705948829551 0.059222907526417568 0.76985193384462036 19.277225559366343 7.9611108480967232 13.270449319512407 0.27372421525069413 0.1244546341113163 0.17115650902269408 4.6387567054844112 50.901879227400059 1.7390459449961784 0.90047553647309531 8.517527059913844 0.37492395815206681
leaf_count=4932 58 1398 2703 28 23 19 144 141824 3819 1980 6850 7603 110724 5403 1997 1 15 192 2198 8247 40257 247 367 52 5170 7478 27 69 22600 9
internal_value=0.00131057 0.000917119 0.0133462 -0.000467743 -0.0349849 -0.0521311 -0.0352285 -6.63574e-05 -0.00258494 0.00402254 0.050305 0.00276594 0.000943318 -0.0720193 0.00874953 0.024667 0.00270731 -0.188361 0.00166455 0.0861705 0.0792617 0.0552016 0.0198176 -0.27907 0.0477334 0.00404286 0.0285642 -0.00251965 0.0695 0.0455919
internal_weight=1832.63 1824.18 182.876 1641.3 18.8666 14.8578 13.0942 1622.43 1004.01 618.425 16.3467 602.079 955.458 48.5508 164.779 45.3391 119.44 0.829075 31.899 8.45771 13.44 18.0964 5.20809 0.444881 4.76321 118.611 4.00881 2.63952 12.8884 4.37083
internal_count=376434 368129 88218 279911 1680 1561 1542 278231 261770 16461 6878 9583 114543 147227 57070 44453 12617 207 4195 8305 40258 31148 5836 299 5537 12410 119 96 25312 2712
is_linear=0
shrinkage=0.08


Tree=112
num_leaves=31
num_cat=0
split_feature=11 1 0 5 12 0 0 1 5 7 0 1 1 3 2 1 3 7 2 7 0 3 5 8 3 3 3 1 7 8
split_gain=4.59418 3.11972 13.83 13.4942 15.2403 13.5923 9.67436 9.53524 7.61518 7.00472 6.77292 6.37558 6.0988 4.94748 4.56427 4.11226 4.15527 4.3212 4.00595 3.92371 3.62619 3.21821 2.7885 2.36261 2.27219 2.4428 1.83738 8.02066 1.25183 2.18461
threshold=1.0000000180025095e-35 0.92718276381492626 0.93671995401382457 1.5000000000000002 -1.0000000180025095e-35 0.93335816264152538 0.88335159420967113 0.69631093740463268 1.0000000180025095e-35 0.60336247086524974 0.8857199251651765 0.99450549483299266 0.95713412761688244 0.83910790085792553 0.89039039611816417 0.84292763471603405 0.95861870050430309 0.72473496198654186 0.77849927544593822 0.8981321156024934 0.95906403660774242 0.83405795693397533 3.5000000000000004 0.33809620141983038 0.8589511811733247 0.72046512365341198 0.84660634398460399 0.93788579106330883 0.48157843947410589 0.33064357936382299
decision_type=2 2 2 2 2 2 2 2 2 2 2 2 2 2 2 2 2 2 2 2 2 2 2 2 2 2 2 2 2 2
left_child=1 2 3 4 8 7 12 -5 -1 -6 24 20 26 -13 18 28 21 -18 -14 -7 -12 -17 -16 -2 25 -8 -3 -28 29 -4
right_child=23 6 15 5 9 19 10 -9 -10 -11 11 13 14 -15 22 16 17 -19 -20 -21 -22 -23 -24 -25 -26 -27 27 -29 -30 -31
leaf_value=0.11397445750099149 -0.14875323300740348 0.12144759221315404 0.096226197795517221 -0.086953523550833925 -0.016195630563942024 -0.21148151277935753 -0.015660881098591026 -0.016869619116499583 0.022389027303424403 0.0014976361301020642 0.00010056748762202115 0.0095988355056305184 0.025045494150639405 -0.0056325618342650584 0.072694361484361383 -0.18136441475201967 0.67729425647832908 0.083937968740970842 -0.009064387057063172 0.085212479371890845 0.055801833206324244 0.028272591580345511 -0.021784165270280095 0.067017800769258173 0.099200293164272882 -0.13593037517026144 0.08022133306069168 0.99111654182492037 0.065142164609288886 0.25561497772052688
leaf_weight=10.308811393180804 0.33812371105886896 2.1985980725148688 3.392316223413216 13.663487781799629 190.29763589710637 3.114790614257799 1.5188696974655602 137.00270237680525 13.315538606068003 578.66154321937938 11.855268624734888 191.70036548798817 75.937395875182119 473.85643255818286 14.655481015368425 0.47728519584052875 0.12636523868422855 0.20759943947632564 31.043980055168504 0.31403370594489377 20.26774811836367 25.937535870842112 2.3151689965161486 8.2285091519515827 0.38864789562649082 3.7476608139841119 0.22650719241937611 0.085113197579630651 6.339122328972735 0.65692511707311485
leaf_count=1300 8 319 106 2855 158665 161 308 18867 3238 29792 3310 17774 10958 90197 2638 53 11 117 4060 152 9699 7710 338 8250 63 96 28 47 5026 43
internal_value=5.39207e-05 -0.000222157 -0.00326938 -0.00514804 -0.000936561 -0.0268096 0.00339067 -0.0232253 0.0623536 -0.00288099 -0.000272145 0.000434647 0.0237618 -0.00124546 0.0212617 0.0446201 0.0280301 0.308452 0.0151474 -0.184308 0.0352448 0.0244847 0.0598054 0.0585014 -0.0874692 -0.101245 0.147215 0.329015 0.0873375 0.122084
internal_weight=1822.18 1813.61 983.816 946.679 792.584 154.095 829.797 150.666 23.6243 768.959 703.335 697.68 126.462 665.557 123.952 37.1371 26.7488 0.333965 106.981 3.42882 32.123 26.4148 16.9707 8.56663 5.65518 5.26653 2.51022 0.31162 10.3884 4.04924
internal_count=376189 367931 228096 215030 192995 22035 139835 21722 4538 188457 121447 120980 18388 107971 17994 13066 7891 128 15018 313 13009 7763 2976 8258 467 404 394 75 5175 149
is_linear=0
shrinkage=0.08


Tree=113
num_leaves=31
num_cat=0
split_feature=14 8 4 4 2 3 3 8 8 5 8 3 8 3 0 12 3 12 4 8 8 8 0 0 0 12 3 5 3 0
split_gain=4.13637 3.51214 3.75819 4.67696 2.84013 11.9864 5.54381 5.02568 5.04891 7.11104 5.32616 3.9509 5.1122 4.55163 3.57886 9.24158 7.44404 3.15873 6.72614 8.43463 2.77187 6.64237 1.76123 8.57014 19.7182 2.57543 2.65872 1.67328 1.54219 5.41111
threshold=1.0000000180025095e-35 0.77340698242187511 0.18677325546741488 0.18834459781646731 0.90521115064620983 0.91476997733116161 0.91024166345596325 0.9783390760421754 0.90632697939872753 2.5000000000000004 0.90874394774436962 0.90070420503616344 0.36854232847690588 0.90366768836975109 0.41921134293079382 1.0000000180025095e-35 0.11942959204316141 -1.0000000180025095e-35 0.059714796021580703 0.88019138574600231 0.89488223195076 0.89668855071067821 0.92175051569938671 0.93793785572052013 0.93671995401382457 -1.0000000180025095e-35 0.52704679965972911 2.5000000000000004 0.82426470518112194 0.94167065620422374
decision_type=2 2 2 2 2 2 2 2 2 2 2 2 2 2 2 2 2 2 2 2 2 2 2 2 2 2 2 2 2 2
left_child=1 28 -3 -4 6 22 11 8 9 -7 -10 14 13 -13 15 -2 -16 18 19 -8 -5 -22 25 24 -24 26 -6 -14 -1 -30
right_child=4 2 3 20 5 7 17 -9 10 -11 -12 12 27 -15 16 -17 -18 -19 -20 -21 21 -23 23 -25 -26 -27 -28 -29 29 -31
leaf_value=0.0019025632948963698 0.088409137604463145 0.081452658176937517 -0.23149727721721752 0.061499479005150168 -0.22616128270601565 -0.0049820177141385478 0.021298573169590124 0.062569404221411579 -0.31369822317235702 0.019312435126271493 -0.022200805867963771 -0.080751457364911627 0.074803618437104771 -0.30998139524943702 -0.12771059581832231 0.0029880450414884545 -0.0043228018388616523 0.082430512187264549 0.10784138872116322 -0.30318750107423537 -0.19660201637867666 0.019179206307287592 0.018338183622949401 0.076738593628724011 -0.40878377212474692 0.10074165808221813 0.0388224923946335 -0.1026718849336815 0.088411253268793108 0.0098477948936792764
leaf_weight=98.151037028772407 8.3434693335875618 9.0095331498923787 0.46791580367426178 7.5008490412801647 0.26397230027941931 211.28984386636148 1.3776330486871304 8.539384399984554 0.40486633231921487 121.41811875435087 43.898177635142929 1.9263071005698287 1.3008711861330082 0.77838965173577879 3.140150484716286 284.55661428472376 903.71450830921822 7.7582402139887545 1.8431637923931701 0.81658091669669364 1.0173072738907638 8.9054058730034722 4.8367715762578909 12.031471530179259 0.807182432283298 8.7800912595848803 2.9563177312666085 0.46029892582737364 6.2905896559932435 51.920829416507331
leaf_count=12459 2707 37076 146 6765 22 22040 77 11863 181 10005 9322 71 514 32 1376 34476 183986 3213 165 48 217 9361 363 1673 63 1320 197 92 2622 23865
internal_value=0.00121903 0.0126148 0.0393153 0.0180964 -6.12312e-05 0.00565128 -0.00201185 0.00188031 0.000505686 0.00388398 -0.0248647 -0.00254645 -0.0776531 -0.146722 -0.00226688 0.00542133 -0.00475005 0.0525661 -0.00482149 -0.0994595 0.0247993 -0.00294335 0.054644 0.0385854 -0.0427476 0.0782969 0.0171014 0.0284187 0.00802113 0.0183377
internal_weight=1814.51 183.263 26.901 17.8915 1631.24 415.226 1216.02 385.55 377.011 332.708 44.303 1204.22 4.46587 2.7047 1199.75 292.9 906.855 11.7956 4.03738 2.19421 17.4236 9.92271 29.6758 17.6754 5.64395 12.0004 3.22029 1.76117 156.362 58.2114
internal_count=376317 92511 53565 16489 283806 57049 226757 53411 41548 32045 9503 223254 709 103 222545 37183 185362 3503 290 125 16343 9578 3638 2099 426 1539 219 606 38946 26487
is_linear=0
shrinkage=0.08


Tree=114
num_leaves=31
num_cat=0
split_feature=7 2 8 8 7 8 0 8 7 5 7 7 2 0 7 7 8 4 7 0 4 7 7 2 0 1 2 2 8 3
split_gain=4.72239 10.1499 4.29892 4.39529 8.12812 4.35141 5.63134 4.25974 6.10663 18.9907 15.2398 8.23009 6.9786 5.13348 4.22702 8.60325 13.6843 4.6933 3.6628 10.0738 5.17748 3.59007 3.51299 2.9115 5.87225 3.67785 9.16858 8.9075 8.73494 6.31595
threshold=0.98918887972831737 0.48074074089527136 0.92071351408958446 0.77340698242187511 0.96884703636169445 0.69344085454940807 0.97010639309883129 0.94617217779159557 0.97713410854339611 2.5000000000000004 0.9800662398338319 0.9566781520843507 0.76253134012222301 0.95007002353668224 0.957820624113083 0.95898419618606578 0.84633272886276256 0.27842378616333013 0.9190867841243745 0.55426928400993358 0.9767441749572755 0.72473496198654186 0.97446763515472423 0.2152509689331055 0.45559163391590124 0.32495285570621496 0.35043859481811529 0.32071428000926977 0.51079359650611889 0.35948719084262853
decision_type=2 2 2 2 2 2 2 2 2 2 2 2 2 2 2 2 2 2 2 2 2 2 2 2 2 2 2 2 2 2
left_child=2 23 3 4 18 -6 -7 8 11 12 -11 13 -10 -4 21 16 -16 -17 20 -20 -1 -5 -13 24 -2 27 -27 28 -25 -28
right_child=1 -3 7 14 5 6 -8 -9 9 10 -12 22 -14 -15 15 17 -18 -19 19 -21 -22 -23 -24 25 -26 26 29 -29 -30 -31
leaf_value=-0.0034690212361096185 0.0069986335387697751 0.056842967105974918 -0.0137579680229096 0.28703458656118491 0.076451993288083581 0.031516130923519049 -0.20389028054208325 -0.0045969390163978739 -0.18365210514293476 0.083010490899908321 -1.1806631120404396 0.087588449505860949 0.081069423359690945 -0.079460411258734001 -0.53915581848587946 -0.02924157691538997 -0.040084145803118254 0.033781957045860227 -0.052600386250467181 0.0053329201784366653 0.010482015127660902 0.015959680112742243 -0.050112861434384953 0.11966086233380019 0.082894832961447382 0.087592280268824416 -0.077665961658899413 -0.21281198619586261 -0.021699153209180099 0.018244908830224112
leaf_weight=1067.894810361664 39.864201456337469 28.305552266218001 15.674992698950518 0.31328232047962856 12.751085224052078 2.8537821855352372 0.84232235045055848 71.875709477717464 1.6648730755769063 0.090011606269399524 0.19001722161920043 4.8568608826026312 1.0326534295163581 14.793579781748122 0.50582320118701218 20.008511191874277 1.1534321242943404 12.157091324334031 33.135621937850374 45.70720375788369 202.53937036346179 163.51323000974662 1.5686828418765797 2.9825621489435425 7.8012718586978727 8.3718581822322466 6.4006433783215497 1.4705574698746193 45.114160734519828 14.018044868593277
leaf_count=215197 6510 55409 1510 51 1809 501 492 10733 205 14 47 2452 411 2778 119 5812 409 1773 1480 11544 16062 37064 319 31 379 430 119 16 780 1632
internal_value=0.00016204 0.013553 -0.00107166 1.18473e-05 -0.00160184 0.0542977 -0.0221317 -0.0162303 -0.0372014 -0.147408 -0.774472 -0.0283071 -0.0823128 -0.0456589 0.0111621 -0.0145852 -0.192226 -0.00542163 -0.00228324 -0.019015 -0.00124487 0.0164781 0.0539711 0.00382977 0.0194203 -0.00565405 0.0170874 -0.0188632 -0.0129332 -0.0118203
internal_weight=1829.45 154.329 1675.12 1563.38 1365.72 16.4472 3.6961 111.747 39.8717 2.97756 0.280029 36.8941 2.69753 30.4686 197.651 33.8249 1.65926 32.1656 1349.28 78.8428 1270.43 163.827 6.42554 126.023 47.6655 78.3578 28.7905 49.5673 48.0967 20.4187
internal_count=376088 65306 310782 292313 247085 2802 993 18469 7736 677 61 7059 616 4288 45228 8113 528 7585 244283 13024 231259 37115 2771 9897 6889 3008 2181 827 811 1751
is_linear=0
shrinkage=0.08


Tree=115
num_leaves=31
num_cat=0
split_feature=11 0 7 11 4 7 5 4 4 1 4 5 8 7 8 0 2 7 4 0 0 2 7 7 0 2 5 8 8 2
split_gain=3.54878 2.81642 5.07718 2.76001 2.95417 4.27813 3.13668 2.9426 4.34041 4.2268 9.61727 7.4087 4.0067 18.5011 3.69814 6.68606 10.5629 6.39949 4.03635 7.11315 6.29625 3.23506 2.82876 7.56628 2.39291 3.60569 1.88199 1.57676 0.913523 0.714003
threshold=1.0000000180025095e-35 0.576725333929062 0.69282051920890819 -1.0000000180025095e-35 0.38956639170646673 0.69282051920890819 4.5000000000000009 0.091966174542903914 0.080540537834167494 0.48912529647350317 1.0000000180025095e-35 1.0000000180025095e-35 0.96672815084457409 0.96788921952247631 0.84633272886276256 0.9161842167377473 0.64051282405853283 0.92605021595954906 0.27718676626682287 0.90303474664688121 0.90303474664688121 0.270728349685669 0.95260557532310497 0.90960165858268749 0.83040612936019909 0.87298336625099193 1.5000000000000002 0.53866082429885875 0.70777875185012828 0.30877573788166052
decision_type=2 2 2 2 2 2 2 2 2 2 2 2 2 2 2 2 2 2 2 2 2 2 2 2 2 2 2 2 2 2
left_child=3 2 -2 4 5 6 28 8 9 10 -5 -11 21 -14 18 16 -16 -17 20 -20 -9 -10 23 26 -7 -26 -6 -4 -1 -29
right_child=1 -3 27 7 22 24 -8 14 12 11 -12 -13 13 -15 15 17 -18 -19 19 -21 -22 -23 -24 -25 25 -27 -28 29 -30 -31
leaf_value=-0.12656135364791246 -0.13551946680794016 0.083888955202773424 0.27088843278699876 0.016527537549352572 0.0076136493358522229 -0.085434999861959154 -0.51047201617177584 -0.0024816638283470241 0.10899952230244864 0.097925056153507661 -0.070976140358608955 0.0044267411492494128 -0.61993034535298686 0.046098387763011034 0.0057691609509761413 0.035146636027625744 0.05877494421807062 -0.036704493402139458 -0.0037801135279100645 0.017904463212081202 -0.025955083521090324 0.031357364250268999 0.088311901257232289 -0.36141718296167452 0.067771406172286636 -0.020823373857280076 -0.18786005798632688 0.090067191838511709 0.08558240095472891 -0.046753964294517336
leaf_weight=1.3802664138347669 1.2196845906146321 5.7465732470918738 0.24765604455023993 17.177138589977403 1.160509491106495 2.0031525729718842 0.13388376682996739 200.00488425982621 4.0266163412743543 5.4797434807769596 15.109563978250661 532.53401484410642 0.33159102400531892 1.3687732811304156 115.74036110510497 10.503359660200656 30.376000234777166 32.423166541397222 578.43799901707098 116.27569699765445 115.28752553271624 23.357037578600284 0.40236653460306104 0.69753034625318822 4.3834925531991749 8.928243720540193 0.43277905514696602 0.8014557263231834 0.14340618299320329 0.3510131946823094
leaf_count=941 50 7993 20 5504 349 38 2 55777 639 3770 10084 113549 7 431 11864 1516 8962 8894 121387 8163 9504 5633 7 9 159 393 58 158 7 137
internal_value=0.000565572 0.0525488 -0.0161959 0.00032636 -0.0294814 -0.0171301 -0.139217 0.000652304 0.00522923 0.00369186 -0.0244225 0.00537903 0.0353751 -0.083785 -0.00163563 0.00863378 0.0167885 -0.0191238 -0.00355775 -0.00015072 -0.0110648 0.0427742 -0.10732 -0.141681 -0.00391645 0.00835047 -0.0454821 0.0877499 -0.106595 0.0483949
internal_weight=1826.47 8.36638 2.61981 1818.1 19.6656 16.9724 1.65756 1798.43 599.384 570.3 32.2867 538.014 29.084 1.70036 1199.05 189.043 146.116 42.9265 1010.01 694.714 315.292 27.3837 2.69319 2.29082 15.3149 13.3117 1.59329 1.40012 1.52367 1.15247
internal_count=376005 8358 365 367647 1963 1540 950 365684 139617 132907 15588 117319 6710 438 226067 31236 20826 10410 194831 129550 65281 6272 423 416 590 552 407 315 948 295
is_linear=0
shrinkage=0.08


Tree=116
num_leaves=31
num_cat=0
split_feature=7 8 8 7 14 8 8 14 3 7 8 0 3 4 3 2 0 2 4 0 3 0 0 4 5 0 0 2 4 8
split_gain=2.61978 13.5856 6.8091 16.9887 14.4425 5.62767 6.33683 5.4601 6.66285 9.07599 4.30137 4.14594 8.11309 4.06855 3.65566 7.10415 8.12834 9.47377 6.1554 8.67678 5.39122 6.5565 16.0523 5.88488 5.33092 4.66847 4.07136 3.96978 3.90577 3.64724
threshold=0.80503642559051525 0.5855005979537965 0.25658351182937628 0.46113573014736181 1.0000000180025095e-35 0.34082491695880895 0.29642401635646826 1.0000000180025095e-35 0.42179392278194433 0.81106579303741466 0.60057803988456737 0.86319768428802501 0.53907206654548656 0.46225070953369146 0.78319624066352855 0.79388421773910534 0.89658117294311535 0.79118219017982494 0.27718676626682287 0.7805088758468629 0.74322345852851879 0.93671995401382457 0.93793785572052013 0.20204082131385806 2.5000000000000004 0.74169102311134349 0.8094516694545747 0.64747309684753429 0.36055555939674383 0.65582582354545604
decision_type=2 2 2 2 2 2 2 2 2 2 2 2 2 2 2 2 2 2 2 2 2 2 2 2 2 2 2 2 2 2
left_child=2 -2 14 4 -4 6 -5 8 9 -3 11 -9 -13 -8 20 16 27 -18 19 -17 21 23 -23 -1 -20 28 -27 -16 -22 -7
right_child=1 7 3 5 -6 29 13 10 -10 -11 -12 12 -14 -15 15 18 17 -19 24 -21 25 22 -24 -25 -26 26 -28 -29 -30 -31
leaf_value=0.024730454968310837 0.023691940435776285 -0.78911892113102999 -0.0078795923393775898 -0.019153179822845253 -0.074814829725493096 -0.0098248684378022949 0.11224807226275059 -0.023620108340807834 0.080159500385821189 0.0073424441825123603 -0.0035710641751655011 -0.9286840777848957 -0.10868162567293872 0.026388622192268084 0.021172189223524724 0.1380649443687916 0.0044165567839055085 -0.14902453521827855 0.017592704617996915 -0.003895343521783166 0.027063995260621615 -0.35547571749340406 0.075181736011964859 -0.0035772986979845595 0.099165878300662896 -0.042375186610726735 0.037150057966836805 -0.12878190589388022 0.27409309390326764 0.011141503988225041
leaf_weight=69.421686244299053 161.44267867127928 0.09193191051599825 38.989499275339767 8.4757900677941524 43.814308308181353 269.44692310195387 6.9058571954228665 9.1820624959655088 10.833790997206959 23.144972793757915 507.89033685377944 0.079136843443847638 3.1898823806841392 7.2303443110140506 1.3389424575580031 2.7790935228113076 20.862266189244114 2.937907199113396 24.782682671386286 324.94925716030411 0.73033065396884811 1.07070747524267 1.1476747209671883 145.53005220020714 6.4647862213896579 4.5800347755430257 41.029808081759256 7.2359981208574027 0.93284482258604839 66.133341685301275
leaf_count=2804 19956 21 1063 581 145399 45002 1480 248 60614 5626 71700 4 683 631 20 50 338 27 324 6795 67 10 33 6791 78 75 466 139 13 5495
internal_value=-0.000495814 0.00326875 -0.00295288 -0.0106396 -0.0432973 -0.00309003 0.03554 -0.0026784 0.0283477 0.00419141 -0.00470992 -0.0511647 -0.128532 0.0683329 0.00221612 -0.00269377 -0.0385851 -0.0145243 0.000543176 -0.00269154 0.00948231 0.00415296 -0.132676 0.00556509 0.0344694 0.0339651 0.0291643 -0.105367 0.165618 -0.00569299
internal_weight=1812.64 715.855 1096.79 440.996 82.8038 358.192 22.612 554.412 34.0707 23.2369 520.341 12.4511 3.26902 14.1362 655.794 391.351 32.3751 23.8002 358.976 327.728 264.443 217.17 2.21838 214.952 31.2475 47.273 45.6098 8.57494 1.66318 335.58
internal_count=376533 158852 217681 199651 146462 53189 2692 138896 66261 5647 72635 935 687 2111 18030 7771 524 365 7247 6845 10259 9638 43 9595 402 621 541 159 80 50497
is_linear=0
shrinkage=0.08


Tree=117
num_leaves=31
num_cat=0
split_feature=7 2 2 3 1 3 2 4 1 1 7 12 4 4 0 0 4 0 1 0 5 7 12 5 2 12 5 3 4 3
split_gain=5.43381 7.36874 3.93085 15.2932 4.4572 5.70106 3.87368 3.04047 2.86891 2.77377 2.4114 13.7266 4.52571 15.8719 3.97852 5.33769 2.32144 55.3892 2.44904 1.93454 20.4045 10.9012 10.4783 10.2526 7.52227 5.36463 15.1723 4.85558 9.56773 4.89771
threshold=0.98739472031593334 0.48074074089527136 0.40253165364265447 0.41223156452178961 0.38757823407649999 0.4248871803283692 0.41223156452178961 0.35634921491146093 0.69631093740463268 0.32495285570621496 0.9844154715538026 1.0000000180025095e-35 0.64051282405853283 0.65933269262313854 0.47803083062171942 0.48999460041522985 0.21807064861059192 0.95557281374931347 0.88493064045906078 0.65381562709808361 1.0000000180025095e-35 0.5266309678554536 1.0000000180025095e-35 1.0000000180025095e-35 0.62988328933715831 1.0000000180025095e-35 1.0000000180025095e-35 0.48683299124240881 0.30495168268680578 0.5030120611190797
decision_type=2 2 2 2 2 2 2 2 2 2 2 2 2 2 2 2 2 2 2 2 2 2 2 2 2 2 2 2 2 2
left_child=10 2 4 -4 5 9 -5 -7 -3 -2 19 -12 14 -14 -13 -16 -10 18 -18 21 27 25 23 -23 -24 26 -1 28 -21 -29
right_child=1 8 3 6 -6 7 -8 -9 16 -11 11 12 13 -15 15 -17 17 -19 -20 20 -22 22 24 -25 -26 -27 -28 29 -30 -31
leaf_value=0.16546349772107596 0.0055901988352225823 0.10963947340550795 -0.19540097304872092 -0.31516870860402513 0.086153187849975166 -0.29232895718355056 0.045990949363589426 -0.041196187428689308 0.059231531331174932 0.043315475450816203 0.048276543395555871 0.12894385152961713 -0.79092681800948217 -0.11420527969248837 -0.66381005188234643 -0.089528844356425538 -0.090426877124540769 -4.4935256958924317 0.036807475040472132 -0.10745063727395399 0.00093171730558765618 0.089035080314423282 -0.0027123495588292422 -0.015678901674553585 0.10460327697110622 -0.047179485172659331 -0.023907245706164097 0.27367058122802551 0.088608933521154412 0.083163251040234129
leaf_weight=3.0428326160763417 94.963037747991621 4.9049828591960276 2.8472266191529325 0.19713745321496379 4.9573441395623368 0.59569321086746529 5.2990952789332368 0.64006893371697515 15.25397796413745 14.359567698324097 6.6120103119756095 0.528881391597677 0.27101013681385633 1.2219031588756479 0.10599219799041737 4.5551646622916451 1.1737090617825732 0.017488725439761654 5.5297784528447664 2.5882517577265416 1117.007113647378 16.459794215494188 395.50514863550779 9.4026618725329154 4.2249123905567094 48.728408455535828 24.587101271063148 0.90504094255448109 4.1426808598334901 18.895667175078415
leaf_count=77 7744 2530 36 20 784 19 1110 57 41797 189 945 8 5 110 1 1153 903 13 10523 1150 136799 2356 18108 746 433 124727 15227 226 860 7113
internal_value=0.00180869 0.0163513 0.00811136 -0.0449181 0.0119416 0.00861397 0.033037 -0.162254 0.0543198 0.0105454 0.00048716 -0.0334468 -0.114303 -0.237051 -0.0789939 -0.102588 0.041972 0.00279964 0.0145301 0.000761333 0.00257867 -0.00337891 0.00161485 0.0509648 -0.00157809 -0.0312122 -0.0030522 0.0719171 0.013218 0.0918709
internal_weight=1809.52 150.739 123.859 8.34346 115.516 110.558 5.49623 1.23576 26.8799 109.323 1658.78 13.295 6.68295 1.49291 5.19004 4.66116 21.975 6.72098 6.70349 1645.49 1143.54 501.951 425.593 25.8625 399.73 76.3583 27.6299 26.5316 6.73093 19.8007
internal_count=375769 65725 9959 1166 8793 8009 1130 76 55766 7933 310044 2222 1277 115 1162 1154 53236 11439 11426 307822 146148 161674 21643 3102 18541 140031 15304 9349 2010 7339
is_linear=0
shrinkage=0.08


Tree=118
num_leaves=31
num_cat=0
split_feature=14 1 1 8 5 3 8 1 0 11 3 8 0 5 4 2 8 0 0 4 4 2 0 0 4 4 4 0 8 1
split_gain=5.66503 3.38873 8.5977 8.41357 6.54732 5.7306 3.70635 3.59181 3.29297 3.18792 3.1731 2.90792 2.77978 2.76285 3.57285 6.11527 2.66977 2.29011 2.16557 4.86911 5.871 7.50281 5.59377 7.64435 4.65808 3.85711 5.27889 3.34883 3.05444 1.69676
threshold=1.0000000180025095e-35 0.72065573930740368 0.69631093740463268 0.51079359650611889 2.5000000000000004 0.60922586917877208 0.49285568296909338 0.72871574759483349 0.68188011646270763 1.0000000180025095e-35 0.2362911254167557 0.28112086653709417 0.55426928400993358 3.5000000000000004 0.3483316451311112 0.4970588237047196 0.36961673200130468 0.7478732466697694 1.0000000180025095e-35 0.85053193569183361 0.81002506613731395 0.31311275064945226 0.42565836012363439 0.41921134293079382 0.64365079998970043 0.63060426712036144 0.9767441749572755 0.73057046532630932 0.85521778464317333 0.70064935088157665
decision_type=2 2 2 2 2 2 2 2 2 2 2 2 2 2 2 2 2 2 2 2 2 2 2 2 2 2 2 2 2 2
left_child=1 2 5 4 7 10 17 8 -3 18 11 -1 -12 14 -4 -16 -9 -6 25 20 24 -22 23 -21 -20 -2 -27 -24 -28 -11
right_child=9 3 13 -5 6 -7 -8 16 -10 29 12 -13 -14 -15 15 -17 -18 -19 19 22 21 -23 27 -25 -26 26 28 -29 -30 -31
leaf_value=-0.07153708088159022 0.089075090726481607 0.50378684412195118 -0.046670488828781435 0.07844946131483678 -0.18245479373487075 0.093039034045416788 -0.2076288787486805 0.037986043254371854 0.082290501678551758 0.0052213918187339952 -0.028032040081183669 0.027501734650596764 0.010975642548690592 -0.47947529557019314 0.074430274578221864 -0.35765473300696232 -0.00083742952704523644 -0.013355444911108866 -0.001836811961957471 -0.069623340812246734 0.072317993586522758 0.77737366848781519 -0.10655972870792529 -1.2788984178768157 -0.025017227017798661 -0.11141765915128708 0.0026843464502853045 0.078638128244626959 0.035775908571096589 0.092778661441385232
leaf_weight=2.0232673564314601 3.4663586232927619 0.1899388728197654 1.8117107175639828 15.352716725552453 0.52560957895185012 4.6922187335840126 0.67753845798870216 37.927200847181666 0.31595593175734393 2.3742730655067126 26.912381352289231 30.491668457427295 20.673643135422026 0.1390104442834853 0.29404930488090009 0.7302064549876377 16.168847841690877 20.660065337338892 1300.7866633806407 0.07734851165150658 4.5415725510538314 0.098694751999573671 3.3210988989303587 0.058956139080692083 57.952769622592314 2.5062521586223729 228.20288323250134 0.76971242690342467 19.366564722848125 3.5114058051258326
leaf_count=113 841 4 521 66545 41 3652 322 4697 51 366 1215 5719 1980 1 11 110 4849 2630 239771 133 1532 24 1033 12 13059 1375 18657 57 3250 3610
internal_value=0.000176133 0.0136602 0.00242014 0.0244044 0.0135533 0.00711015 -0.0234412 0.0283663 0.240542 -0.00131219 0.00207654 0.021339 -0.0110852 -0.131255 -0.114186 -0.233609 0.026382 -0.0175507 -0.00152555 -0.00278451 -0.00251871 0.087314 -0.0885121 -0.592674 -0.0028255 0.00526523 0.00410352 -0.0717136 0.00527299 0.0574582
internal_weight=1806.62 179.586 87.7682 91.8179 76.4652 84.7932 21.8632 54.6019 0.505895 1627.03 80.101 32.5149 47.586 2.97498 2.83597 1.02426 54.096 21.1857 1621.15 1367.61 1363.38 4.64027 4.22712 0.136305 1358.74 253.542 250.076 4.09081 247.569 5.88568
internal_count=376181 92461 13322 79139 12594 12679 2993 9601 55 283720 9027 5832 3195 643 642 121 9546 2671 279744 255621 254386 1556 1235 145 252830 24123 23282 1090 21907 3976
is_linear=0
shrinkage=0.08


Tree=119
num_leaves=31
num_cat=0
split_feature=7 8 1 7 14 8 8 8 7 14 1 3 8 8 7 3 3 5 4 1 8 3 1 4 8 8 8 8 5 8
split_gain=3.73403 4.40153 4.99645 4.33352 4.84334 4.6621 3.45796 4.19255 15.2854 11.92 6.32187 6.64829 5.24672 4.00777 3.42251 4.43445 11.3975 4.91662 3.80482 6.83649 4.86262 3.12186 3.75968 5.24473 3.06105 6.67144 2.77018 11.4932 4.36882 2.39592
threshold=0.96110200881958019 0.51524445414543163 0.18808962404727939 0.94759726524353038 1.0000000180025095e-35 0.48706799745559698 0.70777875185012828 0.26518318057060247 0.46113573014736181 1.0000000180025095e-35 0.67083334922790538 0.66300368309021007 0.50112107396125805 0.24475114047527316 0.83096903562545787 0.3260560035705567 0.30068494379520422 3.5000000000000004 0.73123827576637279 0.20761494338512423 0.7469117045402528 0.32282878458499914 0.51471862196922313 0.24068965017795566 0.47089621424674993 0.44783893227577215 0.84389334917068493 0.84938871860504161 3.5000000000000004 0.51928389072418224
decision_type=2 2 2 2 2 2 2 2 2 2 2 2 2 2 2 2 2 2 2 2 2 2 2 2 2 2 2 2 2 2
left_child=3 2 24 6 -5 -6 7 10 9 -9 11 -1 -10 -12 18 16 -16 -17 19 -8 -20 -4 23 -23 25 -2 28 -28 -7 -3
right_child=1 29 21 4 5 26 14 8 12 -11 13 -13 -14 -15 15 17 -18 -19 20 -21 -22 22 -24 -25 -26 -27 27 -29 -30 -31
leaf_value=0.016824732951323081 0.0027616902681219645 -0.10958791624754287 0.11195613788011637 0.042817918765703358 -0.14393663341612983 0.0034927960181371591 0.12346350386688613 -0.0088563250633531734 0.0066534472677195027 -0.072017059971307001 -0.001240673578896317 0.099996751323803715 -0.0098755822094647658 0.076886092270158746 -0.0023371099715942065 0.015755955641197555 -0.11137136682412449 -0.03537062553144054 -0.13370116900172976 0.022374522000282906 0.062961716453112479 -0.13277351192744077 0.088406679784350045 0.05471853914491305 0.081699581586268263 -0.21364054849215933 -0.36641214612142775 -0.036895545407828897 -0.18507415475029795 0.0060446510181051587
leaf_weight=56.991743092803517 5.7830271550919878 1.1520510931150045 6.4087177178589618 5.8743940570529949 2.3616636670194557 17.219468854571463 4.7983238654851439 37.860254158265889 225.95236291957553 38.640863494627411 589.5303554807615 6.8950056055182349 269.49888877789635 4.2324277373481882 53.077641442447202 129.05699134694078 6.9376983275578814 13.276343790879762 2.0132526305387723 39.758556517947 1.3403540292056275 1.5622789714689114 4.4789008603256661 2.4558656932495069 1.9732592013024257 1.082402441970771 0.70026881224476056 20.772467364527984 0.82397268660133605 252.24427407907206
leaf_count=8823 523 209 61 14993 65 835 62 1061 39861 142915 10609 100 25357 1490 1857 31082 82 2389 34 5663 44 29 2603 44 241 122 45 1248 26 83709
internal_value=6.18121e-05 0.00860512 0.0415403 -0.00148812 -0.0252083 -0.0347506 -0.000722719 -0.00246734 -0.0074765 -0.0407589 0.00188907 0.0258011 -0.00233746 -0.000683775 0.00784917 0.00329686 -0.0149413 0.0109871 0.0270758 0.0332608 -0.0550999 0.0697993 0.0380034 -0.0181795 -0.00611625 -0.0313562 -0.0282252 -0.0476417 -0.00511831 0.00551893
internal_weight=1804.75 277.141 23.7445 1527.61 47.7522 41.8778 1479.86 1229.6 571.952 76.5011 657.65 63.8867 495.451 593.763 250.259 202.349 60.0153 142.333 47.9105 44.5569 3.35361 14.9058 8.49705 4.01814 8.83869 6.86543 39.5162 21.4727 18.0434 253.396
internal_count=376182 87541 3623 288641 17212 2219 271429 230216 209194 143976 21022 8923 65218 12099 41213 35410 1939 33471 5803 5725 78 2737 2676 73 886 645 2154 1293 861 83918
is_linear=0
shrinkage=0.08


Tree=120
num_leaves=31
num_cat=0
split_feature=14 7 8 4 11 4 4 7 7 8 7 7 1 8 4 7 4 1 3 7 8 1 8 1 3 3 4 4 3 2
split_gain=3.62513 3.07406 6.55146 12.5361 2.73004 2.38376 5.94538 4.50963 6.84015 7.63373 3.80589 25.2296 4.66019 3.23598 2.53076 4.19925 2.82705 2.10098 9.35276 7.54899 4.21817 4.50273 3.16633 1.69102 3.5247 4.7449 1.54669 8.37199 1.74211 4.70777
threshold=1.0000000180025095e-35 0.95531892776489269 0.95367303490638744 0.81002506613731395 1.0000000180025095e-35 0.9767441749572755 0.85053193569183361 0.46882475912570959 0.5413949489593507 0.30025906860828405 1.0000000180025095e-35 0.48394460976123815 0.48331478238105779 0.86460605263710033 0.85880398750305187 0.957820624113083 0.86811593174934398 0.38165266811847692 0.25677657127380377 0.59160795807838451 0.28112086653709417 0.24068965017795566 0.22542115300893786 0.70064935088157665 0.30068494379520422 0.30662393569946295 0.43826219439506536 0.43534001708030706 0.36491677165031439 0.31209415197372442
decision_type=2 2 2 2 2 2 2 2 2 2 2 2 2 2 2 2 2 2 2 2 2 2 2 2 2 2 2 2 2 2
left_child=1 2 17 -4 5 6 10 -7 9 -9 12 -12 -2 -10 15 -8 -16 20 -19 -20 22 -22 -1 24 -6 -26 27 28 29 -3
right_child=4 26 3 -5 23 7 14 8 13 -11 11 -13 -14 -15 16 -17 -18 18 19 -21 21 -23 -24 -25 25 -27 -28 -29 -30 -31
leaf_value=0.058733266151192592 0.079396062801796397 0.058664019356482897 0.080039940478847049 -1.5843498304361021 0.11718631329608808 -0.063192877795367114 -0.10222447013128619 0.41505391276925679 0.0043254632130071734 0.072363005009593653 -0.064606987316573952 -0.0014723248757239032 0.00281447976373314 0.040036439471209891 0.06139924946316537 -0.45804910905234797 -0.098604820923297962 0.74821648583341938 0.0050302581762927279 0.059876901882982204 0.024938884488107597 -0.021689631266088197 -0.12466547922494868 0.092383860036495541 -0.55236475660437845 -0.0333772194355079 0.080457318590739305 -0.68875414380917732 0.080188998066914138 -0.10563065457479529
leaf_weight=0.76143464387860094 5.1289660232141605 3.4689295914722571 0.073094771069007858 0.047968888364266604 0.99453155384981018 5.7307776644011019 0.79044375557350466 0.47991623415145968 220.60521242507093 3.1245394378202036 42.934299193926563 717.22941096222348 600.30581565620378 17.530386310943868 0.93911357440083554 0.29019463900476694 2.8560155818704516 0.11149222997482766 87.340809729808825 19.67969769764386 27.612457043112954 25.489159363612998 2.8860479496943299 3.2989268884412013 0.1243861662223934 1.2045657736671271 5.5893073882398303 0.1035141739703257 3.3241097376230755 1.6457927138544617
leaf_count=28 132 381 421 7 111 11672 309 56 5598 1458 152835 97154 6119 3127 257 13 1044 17 5262 53190 2914 869 94 3613 2 248 7184 49 21689 76
internal_value=0.00110293 0.0119365 0.0088516 -0.579439 -8.57008e-05 -0.000279084 -0.00158395 0.00694717 0.00860993 0.117991 -0.0012691 -0.00503819 0.00346324 0.00695433 -0.0897668 -0.197778 -0.0590114 0.00928619 0.0158788 0.0151159 -0.00315944 0.00255686 -0.0863799 0.0555636 0.00328554 -0.081953 0.047738 0.0263296 0.0351011 0.00579801
internal_weight=1801.7 178.134 164.002 0.121064 1623.57 1617.95 1370.47 247.471 241.74 3.60446 1365.6 760.164 605.435 238.136 4.87577 1.08064 3.79513 163.881 107.132 107.021 56.7491 53.1016 3.64748 5.62241 2.32348 1.32895 14.1317 8.54235 8.43883 5.11472
internal_count=375929 92181 62802 428 283748 279774 257863 21911 10239 1514 256240 249989 6251 8725 1623 322 1301 62374 58469 58452 3905 3783 122 3974 361 250 29379 22195 22146 457
is_linear=0
shrinkage=0.08


Tree=121
num_leaves=31
num_cat=0
split_feature=4 3 5 2 3 2 7 3 0 2 1 2 2 3 0 0 2 2 8 8 8 8 7 8 8 0 4 4 3 2
split_gain=2.77013 9.68465 6.75314 5.16987 3.5652 8.65265 6.50275 8.17197 9.3301 9.61515 7.90772 7.92039 7.67845 5.93488 4.99391 9.93627 4.98763 4.74521 4.62773 4.90213 4.62634 4.30381 3.45975 3.31036 2.51993 2.40645 2.38591 3.90396 5.21691 3.87806
threshold=0.20204082131385806 0.88047617673873912 2.5000000000000004 0.88273492455482494 0.39780220389366155 0.37089946866035467 0.98584872484207164 0.62115561962127697 0.80350974202156078 0.76253134012222301 0.69282051920890819 0.5388936996459962 0.51316702365875255 0.56562754511833202 0.66877743601799022 0.67743101716041576 0.29708431661129003 0.56966492533683788 0.85521778464317333 0.840967357158661 0.90632697939872753 0.9440496861934663 0.96674564480781566 0.42889758944511419 0.82862836122512828 0.6146107316017152 0.30495168268680578 0.30094340443611151 0.74601566791534435 0.81530213356018078
decision_type=2 2 2 2 2 2 2 2 2 2 2 2 2 2 2 2 2 2 2 2 2 2 2 2 2 2 2 2 2 2
left_child=4 26 -3 -4 5 18 7 10 9 -9 16 -12 -10 14 23 -16 -6 24 19 22 -20 -22 -1 -8 -7 -19 27 -2 -29 -28
right_child=1 2 3 -5 6 17 13 8 12 -11 11 -13 -14 -15 15 -17 -18 25 20 -21 21 -23 -24 -25 -26 -27 29 28 -30 -31
leaf_value=-0.021086846580256183 -0.0072123051757217909 -0.0033319693915765144 -0.19176897458479869 -0.024235481386438933 0.1225355559626371 -0.077171380164068951 -0.19063937559529226 -0.085077373086292221 0.082096533817780634 0.015800949993289112 0.31025258628985813 0.066552054330068777 0.0027845599137115273 0.068285660115584346 -0.67881790718553559 -0.066918188468620687 0.0083638538786003549 0.11362420641583407 0.10968933720721795 -0.15630191608056421 -0.065114375639906935 0.040447950183317476 0.03356633586455976 0.042948572284555155 -0.17851656217139128 -0.13867484301024466 0.00030548909260356169 -0.1643047019610733 -0.0065287642083852997 0.086272428495553583
leaf_weight=34.473797926853877 199.80322590191281 3.9978393077690253 3.806921694878838 1.7076241372415095 2.6002830301003987 7.7068893293398997 0.44266454526223542 15.479824805006503 7.9107483820298503 9.9234996352461149 0.90327959250135137 15.493692083902713 627.41841614862278 18.310942469885049 0.20721957964997251 0.94157166650256841 42.041418569941015 1.1119505955721241 4.042853984632532 1.5022078015608702 3.4261392847693051 8.8740562372258847 9.4436998260789533 3.160955766295956 1.9720088405301792 0.30923729250207532 756.4171659613603 2.3929377610111251 3.0518184416941949 3.3733676782139801
leaf_count=27601 38484 418 120 129 641 5581 7 5389 1356 2179 172 2528 93199 43424 16 203 12549 190 56 13 58 155 92 292 18 45 139169 837 410 571
internal_value=0.000708884 -0.00217206 -0.0824983 -0.139891 0.00414246 -0.0127469 0.00579465 0.00445846 0.00187118 -0.0456705 0.0324653 0.0799771 0.00377211 0.0476111 -0.0320476 -0.177293 0.0150141 -0.0777766 -0.00105965 -0.0141954 0.0354465 0.0110443 -0.00933462 0.0142549 -0.0978198 0.0587263 -0.00138029 -0.00903364 -0.0758703 0.000687171
internal_weight=1792.25 974.551 9.51239 5.51455 817.697 72.8628 744.835 721.771 660.732 25.4033 61.0387 16.397 635.329 23.0634 4.75241 1.14879 44.6417 11.1001 61.7628 45.4197 16.343 12.3002 43.9175 3.60362 9.6789 1.42119 965.039 205.248 5.44476 759.791
internal_count=375902 180138 667 249 195764 33809 161955 118013 102123 7568 15890 2700 94555 43942 518 219 13190 5834 27975 27706 269 213 27693 299 5599 235 179471 39731 1247 139740
is_linear=0
shrinkage=0.08


Tree=122
num_leaves=31
num_cat=0
split_feature=8 7 14 3 3 3 1 0 7 2 8 2 2 7 1 0 7 1 0 2 7 8 7 8 7 7 0 7 7 1
split_gain=1.95264 14.5694 11.5316 5.86931 6.63022 5.88442 5.00611 4.04757 3.89499 3.69983 3.49948 3.90104 11.5236 7.46334 5.96228 4.27299 5.19765 3.48283 6.91944 3.9633 3.04463 5.5391 4.34453 4.51194 3.50206 3.48051 2.9508 2.51179 2.60284 2.45207
threshold=0.26518318057060247 0.46113573014736181 1.0000000180025095e-35 0.78830561041831981 0.79388421773910534 0.75905716419219982 0.81302964687347423 0.89411887526512157 0.38932114839553839 0.60922586917877208 0.37100423872470861 0.69631093740463268 0.72065573930740368 0.63196593523025524 0.75162336230278026 0.86319768428802501 0.91283243894577037 0.94185259938240062 0.92175051569938671 0.62575301527977001 0.63196593523025524 0.67750748991966259 0.65133896470069896 0.62345302104949962 0.69282051920890819 0.46192501485347753 0.94167065620422374 0.4449113011360169 0.43256238102912908 0.67083334922790538
decision_type=2 2 2 2 2 2 2 2 2 2 2 2 2 2 2 2 2 2 2 2 2 2 2 2 2 2 2 2 2 2
left_child=3 2 26 5 -5 29 7 -6 9 -8 11 15 13 -13 -14 -3 -17 18 19 -7 21 25 23 -22 -24 -12 27 28 -2 -1
right_child=1 10 -4 4 6 17 8 -9 -10 -11 20 12 14 -15 -16 16 -18 -19 -20 -21 22 -23 24 -25 -26 -27 -28 -29 -30 -31
leaf_value=0.022123010628519183 0.0070278517414641244 0.014799449425404666 -0.070606776119668799 -0.063795908750805208 0.17110730953356926 0.17344615950094613 0.095837401879854733 0.029699219270846559 0.11462446528355281 -0.0028911566651197052 0.12659735688527821 0.0026635460472543412 0.36353368906366229 0.68074883318253354 0.033876848226938774 -0.09244489793784702 -0.69818691143079581 0.070658749079142935 -0.12626496556187311 0.02485643780660465 0.018924821385615187 0.21267275617651937 -0.021676509379355481 0.1173439007833928 0.0016344729791813561 -0.017055519329867777 -0.032761587844965287 -0.066108564452270008 0.079103350064117506 0.0036669294129437896
leaf_weight=62.928449793849722 16.229675537906594 41.030552452139091 33.513148373411241 10.887135545635827 1.8085703560354875 1.2493338074709779 2.4452636421192429 4.5662194800315774 1.8340298938855983 371.4294959425024 1.0920325908373332 0.15562755751307022 0.36660480048158106 0.31243934200028889 8.3186163221689622 0.8132175057544363 0.10203413336421363 16.462999643481453 1.8652531505213108 14.282234973652519 13.002724956662862 0.6864690114161921 43.327875475006294 3.8679715678590574 858.45162498602986 93.530850503659167 15.969796527992001 2.3502261508256188 3.9962259433232239 171.99145631301508
leaf_count=8898 609 5415 142923 130 29 21 67 94 374 7559 1067 39 23 28 1734 177 58 239 27 216 734 37 1993 269 165381 34589 260 78 100 3436
internal_value=0.000539655 -0.00147104 -0.0362848 0.00399473 -0.00223622 0.0131047 -0.000482135 0.0698176 -0.00167494 -0.00224544 0.000884367 0.0213116 0.0686299 0.455292 0.0477917 0.0109859 -0.159974 0.0442836 0.0193243 0.0368088 -0.000145074 -0.013755 0.00126694 0.0414895 0.000514448 -0.0153976 -0.00644404 0.0121724 0.0212685 0.0086108
internal_weight=1798.87 1137.12 72.0591 661.75 392.971 268.78 382.084 6.37479 375.709 373.875 1065.06 51.0991 9.15329 0.468067 8.68522 41.9458 0.915252 33.8598 17.3968 15.5316 1013.96 95.3094 918.65 16.8707 901.78 94.6229 38.5459 22.5761 20.2259 234.92
internal_count=376604 355514 143970 21090 8253 12837 8123 123 8000 7626 211544 7474 1824 67 1757 5650 235 503 264 237 204070 35693 168377 1003 167374 35656 1047 787 709 12334
is_linear=0
shrinkage=0.08


Tree=123
num_leaves=31
num_cat=0
split_feature=7 2 8 8 8 3 12 8 12 2 0 1 2 3 12 3 2 1 5 0 0 3 5 0 3 7 5 0 7 7
split_gain=4.8197 4.68216 3.92155 8.16954 26.7979 94.9839 9.3238 3.38718 2.90767 2.15964 13.2845 7.50587 10.2374 13.1387 7.49962 6.58263 5.81803 10.2612 7.3082 6.65282 5.44642 5.26689 3.93258 3.42679 6.1276 3.38778 4.81756 3.09121 3.04495 15.6505
threshold=0.98739472031593334 0.48912529647350317 0.93762966990470897 0.98532998561859142 0.98367321491241466 0.66300368309021007 1.0000000180025095e-35 0.20789610594511035 1.0000000180025095e-35 0.88548010587692272 0.95365005731582653 0.97182539105415355 0.92403846979141246 0.92206478118896495 -1.0000000180025095e-35 0.92893216013908397 0.87007671594619762 0.88067796826362621 2.5000000000000004 0.98340412974357616 0.95557281374931347 0.91024166345596325 1.5000000000000002 0.65381562709808361 0.52240803837776195 0.9844154715538026 1.5000000000000002 0.99012196063995372 0.39902913570404058 0.41519744694232946
decision_type=2 2 2 2 2 2 2 2 2 2 2 2 2 2 2 2 2 2 2 2 2 2 2 2 2 2 2 2 2 2
left_child=9 7 -3 4 6 -6 -4 -2 -9 16 14 -12 13 -13 23 -14 21 19 22 -18 -20 25 -19 24 -11 -1 -27 -23 -16 -30
right_child=1 2 3 -5 5 -7 -8 8 -10 10 11 12 15 -15 28 -17 17 18 20 -21 -22 27 -24 -25 -26 26 -28 -29 29 -31
leaf_value=-0.0028047945390580467 -0.32950752545683204 0.073606449684778488 -0.39630288027808869 0.044441813696909936 -10.034528359621079 0.080056224712472701 -0.0019583429148608499 0.080798562755229161 0.0054585770523222655 0.073577140303072205 0.04524717984540079 -0.036659161922018964 0.096565933562611894 -0.24423611812184645 0.048554587911991555 -0.0021143438480794984 0.073499867979014186 0.15837559557426933 -0.12271143208643583 0.68032055810131231 -0.019902117285140908 0.063873058765554699 -0.021369444368812083 -0.0017093288786680747 -0.77846440364695624 -0.09046810406089055 0.032890335903940048 -0.21611051291061895 1.510040220560227 0.094829594112262369
leaf_weight=1107.6278602855728 0.19116916799975925 13.705145014642769 0.50377303372079096 8.3326965685191663 0.007909263193141558 0.023889726406196132 1.6102947341387326 3.3695666681378489 121.29982026282232 0.11633409418573037 20.806865114558605 19.910672797836018 4.3748971974491715 2.1635882320988449 23.674214739410672 389.61244568224356 3.2949654812873628 0.82542612854013064 10.462269681440374 0.11983370705274854 4.8158112292367141 9.3386797443927172 13.853559128670895 13.326087474611993 0.10084736862336285 6.3644222964940109 2.9724213928420795 0.25938332112491558 0.050280631461645409 9.3276601456127519
leaf_count=224903 18 31788 1095 18857 6 69 3709 2235 7893 27 7824 1477 481 169 564 59834 731 171 400 9 229 4510 984 1164 19 423 263 95 18 5519
internal_value=-0.000555812 0.0132192 0.0454378 0.00859533 -0.130602 -2.43571 -0.0959289 0.0069789 0.00749487 -0.0018051 0.00268694 -0.00164395 -0.00398894 -0.0570046 0.0432925 -0.00101858 -0.0036774 -0.0365966 -0.0515738 0.0947947 -0.0903049 -0.00270224 -0.0112621 -0.00684659 -0.322065 -0.00320931 -0.0511965 0.0563066 0.0638372 0.102417
internal_weight=1792.44 149.044 24.1837 10.4786 2.14587 0.031799 2.11407 124.861 124.669 1643.4 483.464 436.868 416.062 22.0743 46.5954 393.987 1159.93 33.3719 29.9571 3.4148 15.2781 1126.56 14.679 13.5433 0.217181 1116.96 9.33684 9.59806 33.0522 9.37794
internal_count=375484 65670 55524 23736 4879 75 4804 10146 10128 309814 77096 69785 61961 1646 7311 60315 232718 2524 1784 740 629 230194 1155 1210 46 225589 686 4605 6101 5537
is_linear=0
shrinkage=0.08


Tree=124
num_leaves=31
num_cat=0
split_feature=7 1 12 1 3 8 12 0 0 12 5 3 4 12 1 1 5 7 0 4 8 7 7 1 1 8 0 1 3 3
split_gain=3.57567 13.1105 6.64917 60.2932 8.5959 4.86244 3.02778 2.47557 10.0228 9.90568 7.22469 16.1074 11.3437 6.91832 15.9659 6.48732 6.17259 5.66121 5.54937 5.20132 8.14078 10.7727 7.03205 4.64668 5.41236 4.4646 3.79141 3.63733 3.4461 3.25089
threshold=0.98739472031593334 0.51471862196922313 -1.0000000180025095e-35 0.62115561962127697 0.64051282405853283 0.20789610594511035 1.0000000180025095e-35 0.45559163391590124 0.576725333929062 1.0000000180025095e-35 1.0000000180025095e-35 0.48683299124240881 0.30495168268680578 1.0000000180025095e-35 0.35767590999603277 0.45773810148239141 1.0000000180025095e-35 0.61583185195922863 0.49291299283504492 0.63733074069023143 0.55923092365264904 0.91689687967300426 0.63196593523025524 0.55625879764556896 0.80259740352630626 0.98367321491241466 1.0000000180025095e-35 0.46265329420566564 0.55625879764556896 0.56562754511833202
decision_type=2 2 2 2 2 2 2 2 2 2 2 2 2 2 2 2 2 2 2 2 2 2 2 2 2 2 2 2 2 2
left_child=7 6 3 -3 -5 -4 -2 9 13 16 11 12 -10 14 -9 17 -1 -15 -16 22 21 -21 29 28 -25 -22 -18 -17 -12 -11
right_child=1 2 5 4 -6 -7 -8 8 10 19 23 -13 -14 15 18 27 26 -19 -20 20 25 -23 -24 24 -26 -27 -28 -29 -30 -31
leaf_value=0.1120427015223036 0.080814468748347523 5.3672792852331987 -0.36281723552557393 0.92890787489841697 0.080151565366107874 0.061475619911110661 -0.00078252433692631751 0.12429128577286273 -0.051574725572095304 -0.054659474231348829 0.04376127392853367 0.080831135576727636 0.0372115478158737 -0.073438302786575385 0.09650273096443511 0.41437620717703921 0.18057957566425636 -0.026933988278160032 -0.055118228919734238 0.015160989766217095 -0.018576254362410952 -0.072720756951953291 0.040346247697571495 -0.014865983530278567 0.00014680427527885077 -0.20450880545669115 -0.06112666578758838 0.030094655431823873 -0.091245337378103031 0.13202220416707222
leaf_weight=8.6621252353725122 2.9840339205111368 0.014792923655479906 0.17412402390619064 0.088947056610777508 0.53994774792226963 23.876344265405351 117.98287864977465 6.3843350650422535 17.690016010579711 7.722938736296781 19.8643354131782 22.246546121830761 19.21116899674962 20.916617105118348 1.8199792309969769 0.16078426151216163 0.49788387617445495 84.171595441061072 10.22215880283329 140.47442960229819 96.025106057160883 9.5328496297588554 40.352577909805404 183.75239442104794 939.3869790809913 0.833693016320466 2.5052708017683472 8.0579604096128588 1.2885249875325815 0.64702396129723627
leaf_count=2082 1976 7 28 34 590 56129 6829 258 12381 21586 4809 8249 9464 69843 840 142 53 1975 4671 20556 3581 365 892 28218 117174 36 831 1830 222 19
internal_value=6.15327e-05 0.0120744 0.0651951 0.318942 0.200194 0.0584038 0.00123033 -0.00100384 -0.00249377 0.00547063 -0.000200512 0.0270633 -0.0053516 -0.0234436 0.0220185 -0.0308369 0.0777775 -0.0361901 -0.0322031 0.00261707 -0.00209745 0.00957617 0.0265045 -0.00160976 -0.00230938 -0.0201766 -0.0210549 0.0376124 0.0355374 -0.0402284
internal_weight=1788.09 145.661 24.6942 0.643688 0.628895 24.0505 120.967 1642.43 1335.17 307.254 1203.44 59.1477 36.9012 131.733 18.4265 113.307 11.6653 105.088 12.0421 295.589 246.866 150.007 48.7225 1144.29 1123.14 96.8588 3.00315 8.21874 21.1529 8.36996
internal_count=375670 65593 56788 631 624 56157 8805 310077 260076 50001 180517 30094 21845 79559 5769 73790 2966 71818 5511 47035 24538 20921 22497 150423 145392 3617 884 1972 5031 21605
is_linear=0
shrinkage=0.08


Tree=125
num_leaves=31
num_cat=0
split_feature=8 7 7 7 4 4 8 7 0 8 8 2 2 8 8 0 3 2 4 8 5 0 12 0 8 7 0 0 2 7
split_gain=2.04576 12.9878 7.05127 7.86287 7.84614 28.2361 21.3446 6.69193 6.02615 4.77124 4.14584 10.103 8.22151 3.46316 3.54981 3.60891 3.07451 8.48872 5.35744 2.66572 4.1427 2.90293 2.75919 3.22304 2.54475 2.21286 1.98981 6.80536 9.50411 5.25981
threshold=0.31605799496173864 0.46882475912570959 0.37469211220741278 0.39036004245281225 0.58411949872970592 0.58898946642875682 0.25658351182937628 0.26246066391468054 0.99782609939575206 0.3178189098834992 0.31437556445598608 0.77849927544593822 0.89512962102890026 0.40072992444038397 0.40752536058425909 0.99782609939575206 0.71010184288024913 0.72377106547355663 0.080540537834167494 0.31267458200454717 1.5000000000000002 0.48870153725147253 -1.0000000180025095e-35 0.37124118208885198 0.2942980974912644 0.63196593523025524 0.6146107316017152 0.62225830554962169 0.32305502891540533 0.25252938270568853
decision_type=2 2 2 2 2 2 2 2 2 2 2 2 2 2 2 2 2 2 2 2 2 2 2 2 2 2 2 2 2 2
left_child=2 -2 7 4 8 -6 -7 26 -4 -3 -9 -12 -13 16 15 -15 18 -18 -11 22 21 -21 24 -24 -5 -16 29 28 -28 -1
right_child=1 9 3 19 5 6 -8 10 -10 13 11 12 -14 14 25 -17 17 -19 -20 20 -22 -23 23 -25 -26 -27 27 -29 -30 -31
leaf_value=-0.036052238630768646 -0.040478059388616511 -0.21709963075680741 -0.06780417233788355 0.1169756964681414 3.0230238818727582 2.252535283692461 0.19504360104809035 -0.059771912744503886 0.26351543641490838 -0.11505958811130014 -0.086182860907401029 0.87160994321447149 -0.081498402705401679 -0.041350310738168153 -0.014811278356261687 -0.25353225892954873 0.23512209927090941 0.027703695664272096 0.013777491081486664 0.067210394144342156 -0.075642924887157306 0.27809013054081161 0.036956984177458262 -0.020214734056916255 -0.033209297787097809 -0.00078126567329843139 0.66884681726044382 0.0019841676442815858 0.085324876813866329 0.23818191871991942
leaf_weight=14.238501877763834 57.110563298341731 0.65518042012263222 0.7494683505574351 3.1641137215215229 0.025766704435227328 0.034295855220989324 0.54615514167380752 15.178397686217064 0.66138421755749732 2.1481602290297124 0.46220552119484715 0.16680729655490723 0.088734910139464773 7.0688333416110245 78.400154261638818 0.55317282436590165 1.4543200329935633 9.5879616964084544 53.774364273645915 0.81357090325036485 0.56149906577775244 0.85876827532774769 14.47086092229438 11.191358374853733 0.93555428885883873 874.19656417093836 0.22008674245444015 622.76860940121696 0.94857852019777056 0.4621454537809776
leaf_count=1630 119118 93 2180 324 17 49 640 27712 84 824 888 37 48 1064 26510 121 217 2017 6712 280 118 459 1065 5554 283 166326 10 11139 76 507
internal_value=-0.00118071 -0.00334525 0.00222996 0.0377442 0.190939 0.431644 0.31661 0.000384467 0.0875129 -0.00128201 -0.0508876 0.136991 0.540651 -0.00114435 -0.00237106 -0.0567496 0.0164456 0.0550217 0.00882845 0.0280864 0.112372 0.1755 0.0217602 0.0120243 0.0827031 -0.00193596 0.00166067 0.0023461 0.195216 -0.0274311
internal_weight=1773.5 1084.95 688.547 34.0128 2.01707 0.606218 0.580451 654.534 1.41085 1027.84 15.8961 0.717748 0.255542 1027.18 960.219 7.62201 66.9648 11.0423 55.9225 31.9957 2.23384 1.67234 29.7619 25.6622 4.09967 952.597 638.638 623.937 1.16867 14.7006
internal_count=376102 323002 53100 11053 2970 706 689 42047 2264 203884 28685 973 85 203791 194021 1185 9770 2234 7536 8083 857 739 7226 6619 607 192836 13362 11225 86 2137
is_linear=0
shrinkage=0.08


Tree=126
num_leaves=31
num_cat=0
split_feature=7 3 4 4 0 1 0 0 0 0 3 2 3 1 0 4 1 7 12 7 3 4 11 2 4 1 11 12 3 5
split_gain=3.5794 10.0683 3.57294 49.3566 37.792 3.15061 2.94294 6.27537 10.1571 4.66148 10.7646 4.58927 4.35263 3.3875 3.10539 4.18146 2.12794 2.00686 5.36551 3.78752 2.56186 5.21069 2.31078 2.33364 6.23035 3.89996 2.1674 3.10096 2.30041 2.14246
threshold=0.99180272221565258 0.39780220389366155 0.40967366099357611 0.40778534114360815 0.91765290498733532 0.23431372642517093 0.54205217957496654 0.52739897370338451 0.52221292257308971 0.56343090534210216 0.2736185491085053 0.41223156452178961 0.31662489473819738 0.25866188108921057 0.58376631140708934 0.65058138966560375 0.23431372642517093 0.98314553499221813 -1.0000000180025095e-35 0.98151564598083507 0.84660634398460399 0.25265957415103918 -1.0000000180025095e-35 0.38529014587402349 0.32037734985351568 0.21164613962173465 -1.0000000180025095e-35 -1.0000000180025095e-35 0.75905716419219982 2.5000000000000004
decision_type=2 2 2 2 2 2 2 2 2 2 2 2 2 2 2 2 2 2 2 2 2 2 2 2 2 2 2 2 2 2
left_child=17 6 3 5 -5 -3 7 8 11 10 -8 -2 -12 -10 -11 -16 -9 19 20 26 -19 29 -20 25 -25 -24 27 -1 -29 -22
right_child=1 2 -4 4 -6 -7 9 16 13 14 12 -13 -14 -15 15 -17 -18 18 22 -21 21 -23 23 24 -26 -27 -28 28 -30 -31
leaf_value=0.09134279083522738 0.0076287220472312876 -0.26161936232106181 0.10549724865357102 0.080709948471266002 -3.4806006333975921 0.047826615513554716 -0.29338324579256347 -0.016085432307504244 -0.32127642554448094 0.058241866790188744 0.068032299676173386 -0.18647691954773998 -0.079973296617402559 -0.087155564278689909 -0.063194471330358937 0.057316266151635861 0.096297722373023906 0.082595128900216308 0.081492185586812288 0.061973465728102542 -0.052086391818962352 -0.49759136522332093 -0.083412933863494867 -0.14126900691578187 0.035453213150992618 0.037368802215712614 0.00090049593806248692 -0.078891329068066687 -0.016265119583155262 0.080780384612853584
leaf_weight=1.3417075365723601 77.249010161409387 0.21228161454201355 6.5232424235073259 0.033131314412456869 0.044935091893421486 26.18156514251109 1.2269403981044913 1.297452627448364 0.75648360955528804 4.3129333638207745 1.8671198718948288 0.78750217758351837 3.987530622878694 0.82894455060886685 5.8246778240136319 2.6954465246963082 6.383672891635797 3.4631616262595353 0.78346849390072648 6.4560474988793422 1.805310111303698 0.1377172116190194 3.6856669863918796 4.7857418981693627 1.7413180865696629 3.1933634950255509 1585.13591533975 5.3214614428507057 12.742588302236982 1.3632219646387964
leaf_count=40 7283 1 6087 51 63 50423 24 34 21 78 26 17 46 26 67 576 89 338 73 1567 499 4 281 2339 295 47 303606 1212 675 244
internal_value=0.0015551 0.0138211 0.0524651 0.0393969 -1.96918 0.0453378 0.00192878 0.008259 0.00159721 -0.025822 -0.0779253 0.00566991 -0.0327725 -0.198866 0.00292984 -0.0250694 0.0773146 0.000501238 -0.0240943 0.000821224 0.0345086 -0.0158601 -0.052052 -0.0598565 -0.0941223 -0.027344 0.000575172 -0.0259986 -0.0347141 0.0050779
internal_weight=1772.17 140.213 32.9952 26.4719 0.0780664 26.3938 107.218 87.3031 79.6219 19.9146 7.08159 78.0365 5.85465 1.58543 12.8331 8.52012 7.68113 1631.96 20.959 1611 6.76941 3.30625 14.1896 13.4061 6.52706 6.87903 1604.54 19.4058 18.064 3.16853
internal_count=376132 64912 56625 50538 114 50424 8287 7470 7347 817 96 7300 72 47 721 643 123 311220 4120 307100 1085 747 3035 2962 2634 328 305533 1927 1887 743
is_linear=0
shrinkage=0.08


Tree=127
num_leaves=31
num_cat=0
split_feature=7 2 7 2 12 2 0 2 12 2 0 0 7 2 7 12 7 8 12 8 2 0 0 8 8 2 0 5 8 8
split_gain=2.34551 7.30201 7.30183 4.68213 7.03673 5.03215 9.90477 4.80036 4.01349 5.53347 8.40839 4.42726 3.291 4.13594 5.29411 4.07593 2.5691 7.72048 7.76629 10.0968 12.8742 5.48899 5.13868 3.00726 22.326 2.71564 7.31577 7.05843 6.10786 5.30669
threshold=0.97813406586647045 0.50242719054222118 0.98739472031593334 0.6442561447620393 -1.0000000180025095e-35 0.65030118823051464 0.76668736338615429 0.64051282405853283 -1.0000000180025095e-35 0.6705426573753358 0.84260722994804393 0.92650929093360912 0.98382738232612621 0.47690120339393621 0.98080605268478405 1.0000000180025095e-35 0.97446763515472423 0.88019138574600231 -1.0000000180025095e-35 0.94177323579788219 0.56966492533683788 0.89411887526512157 0.99782609939575206 0.81362375617027294 0.79678037762641918 0.94185259938240062 0.99782609939575206 2.5000000000000004 0.66833335161209118 0.59163263440132152
decision_type=2 2 2 2 2 2 2 2 2 2 2 2 2 2 2 2 2 2 2 2 2 2 2 2 2 2 2 2 2 2
left_child=16 12 8 4 -4 6 -5 -6 -3 10 -10 -11 13 -2 -15 -14 25 22 -19 20 -20 -21 -18 24 -24 -1 -27 29 -29 -28
right_child=1 2 3 5 7 -7 -8 -9 9 11 -12 -13 15 14 -16 -17 17 18 19 21 -22 -23 23 -25 -26 26 27 28 -30 -31
leaf_value=-0.0021487163077946094 0.070617853120497689 0.037230550087235512 0.85974314161785781 -1.1622026132138303 0.1176320116242973 0.057991292116621837 0.080084533647925588 0.61407919205178296 -0.37606033849989184 0.080929152427459849 -0.033467742488857116 -0.046622451949739054 0.080881046092581524 -0.70757942956063535 0.080952636573053682 -0.0049516488156776013 0.099234475806428954 0.026215954003882158 0.010798217733952955 -0.14325046114130166 -0.40765425324193671 0.08151681833556261 -0.10077404268940347 0.080920823439363729 -2.1963713062762951 0.041708236236738055 -0.012706651465724948 0.0276531938613888 -0.0096986061869287453 0.016677391918957559
leaf_weight=1182.4657445019839 5.832382891268991 10.828239292844957 0.088260698940246463 0.064378864823086412 3.3112526333825403 18.415925095774583 0.11347524509619689 0.1295308076441869 0.69749412642704411 2.6611612838532892 1.3380923343029278 5.0399273047078168 3.6425588284546384 0.10128079911737575 0.11795648364204681 126.74131924924586 3.1077361234711121 2.633337803024915 0.69209434481308596 1.5732511460373646 1.4699898405015117 1.2461233227768387 0.43994041397672834 0.2642277952254517 0.035135273865307681 32.755237925557594 179.88751679923007 95.850642970006447 39.591862906330789 50.343557277934451
leaf_count=239133 553 1535 37 95 4271 50540 195 111 102 699 310 3561 2426 18 28 8471 550 111 114 189 497 530 250 145 24 7692 12429 6567 12008 22880
internal_value=0.000478667 0.00915796 0.0380346 0.0699351 0.154414 0.0539013 -0.369593 0.136321 0.00371751 -0.0335526 -0.150857 -0.00254616 0.000123065 0.0577953 -0.283325 -0.00255372 -0.000497662 -0.0382361 -0.0849041 -0.143645 -0.273705 -0.0439065 0.0541381 -0.135429 -0.255759 -0.000224049 0.00548802 0.00224359 0.0167347 -0.00628138
internal_weight=1771.48 179.123 42.6877 22.1228 3.52904 18.5938 0.177854 3.44078 20.5649 9.73668 2.03559 7.70109 136.435 6.05162 0.219237 130.384 1592.36 11.4618 7.6148 4.98146 2.16208 2.81937 3.84704 0.739303 0.475076 1580.89 398.429 365.674 135.443 230.231
internal_count=376071 72952 61456 55249 4419 50830 290 4382 6207 4672 412 4260 11496 599 46 10897 303119 2410 1441 1330 611 719 969 419 274 300709 61576 53884 18575 35309
is_linear=0
shrinkage=0.08


Tree=128
num_leaves=31
num_cat=0
split_feature=0 12 0 5 3 4 3 1 1 5 8 3 8 2 0 0 8 1 1 2 3 3 1 0 2 1 0 3 4 4
split_gain=2.19286 11.5164 9.08963 18.067 6.62224 16.6728 8.24876 5.15256 7.01936 8.4156 5.6843 4.65719 4.59276 4.18599 3.98014 4.41415 5.79598 5.55027 4.97741 3.96562 4.8753 4.2099 3.78416 4.00845 3.72835 3.31131 3.13826 6.01117 9.85323 5.80572
threshold=0.47803083062171942 1.0000000180025095e-35 0.65381562709808361 1.0000000180025095e-35 0.49253065884113317 0.30495168268680578 0.48331478238105779 0.53410854935646068 0.79118219017982494 1.5000000000000002 0.9783390760421754 0.28035087883472448 0.65582582354545604 0.25198413431644445 0.48675745725631719 0.49622114002704626 0.3572948426008225 0.26158231496810919 0.18350168317556384 0.33568075299263006 0.40967366099357611 0.63702240586280834 0.55625879764556896 0.30595238506793981 0.18350168317556384 0.12973351776599887 0.42252655327320104 0.24068965017795566 0.46737588942050939 0.46470099687576299
decision_type=2 2 2 2 2 2 2 2 2 2 2 2 2 2 2 2 2 2 2 2 2 2 2 2 2 2 2 2 2 2
left_child=1 19 14 4 5 6 -4 13 9 -9 -10 26 22 -5 -2 16 17 -16 -18 20 -1 -21 23 -13 -14 -17 -3 28 -28 -29
right_child=2 11 3 7 -6 -7 -8 8 10 -11 -12 12 24 -15 15 25 18 -19 -20 21 -22 -23 -24 -25 -26 -27 27 29 -30 -31
leaf_value=0.094804308590589206 -0.058205768966395163 0.0050279047725786882 -0.10329729183010905 0.19784981993055159 0.089480674824623602 0.10008910588524424 -0.90808368808869366 -0.0026282717523132765 0.0028923930454416813 -0.042610722381628253 0.053161003178619312 0.25040193681664824 -0.230176209714514 0.040187551908966342 0.33309798555396147 -0.13286794296625287 0.19204783873080972 0.035185389444149832 6.4134763313993792e-05 -0.048836888819556175 0.62624141679215373 0.1264396493001527 0.10538407504103998 -0.031904087938152678 0.08201632925701427 -0.014269597390567964 0.037177894741141908 -0.10963380917442486 -0.04977799198517463 0.0018887783486952333
leaf_weight=10.996003219421251 12.578643879103764 304.97782883123728 3.6758402128835734 1.2891332247090748 20.769989762349638 5.1904386444803094 0.083357755735050776 115.43560979811991 943.76819232461094 47.578661795458174 14.619716255660022 0.33505140053603177 0.25030726101249356 6.573136129991326 0.7421720278871351 1.5184943521744561 0.92367998952977259 0.86871320290083531 13.439946804923236 2.7313367483147877 0.11159978923387903 1.2917939078513425 1.8502242046815816 8.1987518188761879 11.173786708808619 193.76865127323958 19.552759704267373 7.4461062984337314 14.542947068208376 4.9893345969176153
leaf_count=3951 5513 37890 1165 30 11094 1163 45 15157 147708 6725 19292 70 6 1304 843 545 215 1526 3838 1123 22 125 240 8232 777 89129 6497 3682 5893 2078
internal_value=0.00176318 0.0070741 0.000271291 0.00312172 0.0646919 0.007163 -0.121143 0.00150133 0.00104886 -0.0142979 0.00365921 0.00430094 0.0401743 0.0660386 -0.0144874 -0.0118844 0.0285476 0.172441 0.01241 0.0754954 0.100144 0.00744295 0.00166679 -0.0208203 0.075176 -0.0151918 0.00207531 -0.0172768 8.83319e-05 -0.0648888
internal_weight=1771.27 388.448 1382.82 1158.98 29.7196 8.94964 3.7592 1129.26 1121.4 163.014 958.388 373.317 21.8081 7.86227 223.84 211.262 15.9745 1.61089 14.3636 15.1307 11.1076 4.02313 10.384 8.5338 11.4241 195.287 351.509 46.5311 34.0957 12.4354
internal_count=375878 70586 305292 203683 13467 2373 1210 190216 188882 21882 167000 65365 9325 1334 101609 96096 6422 2369 4053 5221 3973 1248 8542 8302 783 89674 56040 18150 12390 5760
is_linear=0
shrinkage=0.08


Tree=129
num_leaves=31
num_cat=0
split_feature=4 7 8 7 0 0 3 3 4 4 8 0 5 3 0 0 7 12 0 7 8 8 0 1 7 7 7 2 3 4
split_gain=3.0509 4.68902 6.52859 10.0326 4.46644 7.0933 4.62091 4.32935 4.53443 4.10457 6.63696 3.96906 3.6314 10.9158 6.40466 9.84107 7.18953 6.25083 5.4278 3.13665 8.25993 3.37401 3.09852 6.92662 3.06956 6.03317 2.95654 2.75109 4.22156 2.5018
threshold=0.096006143838167204 0.98514816164970409 0.98532998561859142 0.97713410854339611 0.38086420297622686 0.45003840327262884 0.38956639170646673 0.94185259938240062 0.30495168268680578 0.31311275064945226 0.99819493293762218 0.8094516694545747 1.5000000000000002 0.76533168554306041 0.89231926202774059 0.8094516694545747 0.97446763515472423 1.0000000180025095e-35 0.71816566586494457 0.56615138053894054 0.31045190989971166 0.55923092365264904 0.51480972766876232 0.2736185491085053 0.39902913570404058 0.45049995183944708 0.59160795807838451 0.13873296231031421 0.14724480360746386 0.080540537834167494
decision_type=2 2 2 2 2 2 2 2 2 2 2 2 2 2 2 2 2 2 2 2 2 2 2 2 2 2 2 2 2 2
left_child=1 2 4 -4 27 26 -7 8 12 10 11 -10 13 17 15 -14 -16 -2 -15 20 -11 -21 23 -3 -9 -26 -6 -1 -29 -25
right_child=7 22 3 -5 5 6 -8 24 9 19 -12 -13 14 18 16 -17 -18 -19 -20 21 -22 -23 -24 29 25 -27 -28 28 -30 -31
leaf_value=0.035490430106475609 0.012232964693195566 0.075670119571847189 0.080916922731752924 -1.3884304920240904 -0.064589379260308263 -0.037003912798127002 0.0048494180063200741 -0.0031611248657495688 0.10343545405971374 0.00096247392272876464 -0.18259438766787919 0.018501950977869372 -0.034424842853329037 0.58191648698701248 -0.028426837066334018 0.02567057880310037 0.062672373827177469 -0.019504330023511193 0.045514263475888543 0.012424523639389189 -0.037929001044887535 -0.00078596272059866957 0.058446024496033033 -0.12977620467779435 0.51663948392836279 0.097695281692897332 0.12389823685369328 -0.65358013875877297 -0.14030846016115855 0.0053533541376374052
leaf_weight=0.50087366146180912 62.55039646704131 3.5962022388993686 0.065503159843500636 0.054471862677019089 0.60842458463593985 17.420293259179743 547.29635703033091 1.5104011485818767 6.2399185434915099 162.16079313075534 0.79061842602095644 8.0825536246084067 27.548915703886451 0.12130605126731353 145.66280658348842 47.525556650649378 5.7637436469522063 108.80290817018613 25.514761699844257 199.00652718588753 44.552206425923941 327.12890572426431 17.022103200001141 2.3637899591776663 0.24799438915215466 1.9485401892052321 4.2733820428984473 0.11260163935367007 1.1494561556391998 1.3939659402822142
leaf_count=80 9989 72 14 29 2179 12400 92619 82 2180 20519 131 833 7306 59 9598 5426 3392 44297 7690 7930 75599 32548 39333 78 7 1293 132 59 397 13
internal_value=0.000673611 0.00533666 0.00387097 -0.586206 0.00399488 0.00438838 0.00355833 -0.00169076 -0.00196391 0.00178126 0.0430494 0.0555052 -0.00857856 -0.000634935 -0.0154872 0.00361829 -0.0249593 -0.00791902 0.0480524 0.000930213 -0.00741968 0.0042108 0.0396987 -0.00369546 0.0846285 0.144995 0.100407 -0.123145 -0.186103 -0.0796489
internal_weight=1771.02 595.857 571.481 0.119975 571.361 569.598 564.717 1175.16 1171.45 747.962 15.1131 14.3225 423.49 196.989 226.501 75.0745 151.427 171.353 25.6361 732.848 206.713 526.135 24.3761 7.35396 3.70694 2.19653 4.88181 1.76293 1.26206 3.75776
internal_count=376284 147405 107909 43 107866 107330 105019 228879 227497 139740 3144 3013 87757 62035 25722 12732 12990 54286 7749 136596 96118 40478 39496 163 1382 1300 2311 536 456 91
is_linear=0
shrinkage=0.08


Tree=130
num_leaves=31
num_cat=0
split_feature=4 8 4 2 8 2 2 4 3 8 2 2 12 3 8 7 7 8 7 8 7 3 7 8 2 8 8 8 8 3
split_gain=3.12304 7.39978 4.46958 11.4738 16.144 4.29838 4.20929 3.06193 8.37683 3.97664 3.763 3.34768 12.9705 10.8351 2.78663 5.18187 9.64827 5.31602 4.03213 3.04631 4.55885 3.11722 2.70503 4.71544 3.63557 2.26128 3.21337 2.25945 2.14909 3.56221
threshold=0.73956522345542919 0.83192920684814464 0.65261757373809826 0.17467582225799563 0.99819493293762218 0.16807910054922107 0.50242719054222118 0.52679425477981578 0.61651584506034862 0.44783893227577215 0.17467582225799563 0.680425524711609 1.0000000180025095e-35 0.85592186450958263 0.63185164332389843 0.91440781950950634 0.95531892776489269 0.50112107396125805 0.83740806579589855 0.7469117045402528 0.96788921952247631 0.24807692319154742 0.69282051920890819 0.52342721819877636 0.16807910054922107 0.67750748991966259 0.64019703865051281 0.72922423481941234 0.79317620396614086 0.23166368901729587
decision_type=2 2 2 2 2 2 2 2 2 2 2 2 2 2 2 2 2 2 2 2 2 2 2 2 2 2 2 2 2 2
left_child=2 14 5 4 28 -1 -5 11 10 -10 -9 13 -13 -7 15 22 17 -17 25 21 -21 -20 23 -2 -24 26 -16 -27 29 -4
right_child=1 -3 3 6 -6 7 -8 8 9 -11 -12 12 -14 -15 18 16 -18 -19 19 20 -22 -23 24 -25 -26 27 -28 -29 -30 -31
leaf_value=0.034756401859420215 0.0099532780197614489 0.049095093765998785 -0.12813964226260896 -0.0051705990070794773 -0.94527053443867592 -0.0090431137820711199 -0.12367976951410059 -0.1217794690214965 0.11830662247580655 0.016554605235229173 0.0074010613083882321 -0.0019952130364957084 0.028626655708479151 0.093439790038658113 -0.10822168353607739 -0.13777665617973603 0.019635434368690693 -0.028850313016782078 0.025090163713685602 -0.048551445264898081 0.056974020495424806 -0.14889912760735988 0.01938061845076473 -0.048728175872696296 0.12789537345529012 -0.096059566035498478 0.0080152765235914324 -0.0047463105545231385 -0.0027192505750038044 -0.54252319959710749
leaf_weight=22.61361376216496 58.53247750418268 26.122854150304192 3.5012632597499755 35.45071338807611 0.15586172221810546 402.40641104584756 2.027884983115654 1.472222778800641 6.6912444795161701 3.8856175072760379 73.155341961182785 809.77902693588294 99.392450251320042 6.7126597709063835 1.8998653732705877 5.3181132095196517 14.074614991332055 6.2227267557755113 24.352220944623699 11.77640152958338 3.3698729042116602 0.67735734720190421 109.25267635056662 10.307256369909735 2.0123385809420133 6.4038403380836808 7.6557971784495749 2.3783685885573504 0.85221374602406275 0.13800143812113663
leaf_count=5736 20927 6199 1604 7629 21 133507 137 290 427 932 19607 66865 98760 5181 24 309 1846 316 1597 674 917 109 1453 567 73 67 78 71 45 129
internal_value=0.000896171 0.00847719 -0.000603045 -0.026285 -0.14485 0.000155575 -0.0115829 -0.000401926 0.014296 0.080926 0.00485264 -0.00135189 0.00135243 -0.00736162 0.0044616 0.00884313 -0.024824 -0.0790445 -0.0109428 0.00324516 -0.0250732 0.0203816 0.0136315 0.001167 0.0213432 -0.0420268 -0.0150951 -0.0713304 -0.117074 -0.143853
internal_weight=1758.59 290.357 1468.23 42.1259 4.64734 1426.11 37.4786 1403.49 85.2044 10.5769 74.6276 1318.29 909.171 409.119 264.234 205.72 25.6155 11.5408 58.5137 40.1759 15.1463 25.0296 180.105 68.8397 111.265 18.3379 9.55566 8.78221 4.49148 3.63926
internal_count=376097 35227 340870 9565 1799 331305 7766 325569 21256 1359 19897 304313 165625 138688 29028 25491 2471 625 3537 3297 1591 1706 23020 21494 1526 240 102 138 1778 1733
is_linear=0
shrinkage=0.08


Tree=131
num_leaves=31
num_cat=0
split_feature=7 2 4 3 3 0 3 2 0 0 3 3 4 4 2 0 8 7 4 2 2 4 3 5 8 7 3 8 4 3
split_gain=2.85961 9.7432 3.77341 3.30123 2.89908 2.87961 4.94564 11.1845 4.59702 4.11987 5.98346 16.8075 3.91139 5.89284 3.40146 2.62845 2.57881 2.29937 3.28563 2.64466 3.3351 2.06048 3.4468 1.95375 2.48339 3.34581 3.30158 1.81781 6.71755 12.5202
threshold=0.98739472031593334 0.44562648236751562 0.52440476417541515 0.64051282405853283 0.26365442574024206 0.53948158025741588 0.28035087883472448 0.26365442574024206 0.56668314337730419 0.52739897370338451 0.28759399056434637 0.33084577322006231 0.30860807001590734 0.30094340443611151 0.40967366099357611 0.54049953818321239 0.96884703636169445 0.98645591735839855 0.16035714000463488 0.55625879764556896 0.34525330364704138 0.40967366099357611 0.29459981620311743 4.5000000000000009 0.961643546819687 0.957820624113083 0.71010184288024913 0.9783390760421754 0.28730159997940069 0.79388421773910534
decision_type=2 2 2 2 2 2 2 2 2 2 2 2 2 2 2 2 2 2 2 2 2 2 2 2 2 2 2 2 2 2
left_child=17 5 4 -4 -3 9 7 15 -9 10 14 -12 13 -8 -2 -7 -14 23 -19 20 -20 -11 -23 27 25 26 -25 -1 -29 -30
right_child=1 2 3 -5 -6 6 12 8 -10 21 11 -13 16 -15 -16 -17 -18 18 19 -21 -22 22 -24 24 -26 -27 -28 28 29 -31
leaf_value=0.00020297562413902962 0.01546178756497364 -0.22820421257085211 0.14344580751591404 0.572711044134808 0.053788565591856595 -0.19909542154769533 -0.021662037949960401 -0.35870718649249145 -0.093838748033180125 0.095936788171324838 -0.1312148582973312 0.055649420679921464 0.047303893689400155 -0.20921261672185393 -0.20292810921532881 0.088512612588777295 -0.026313502222325428 0.043910751276934605 -0.082340995118720173 -0.016025284069162246 -0.30141280289635924 0.089931799041122751 -0.14852937178096698 -0.22176027647115079 0.087160111014413219 -0.16581595244206984 -0.017226610910704904 0.07210912713829426 -0.0040917986304335255 -0.44540435295828368
leaf_weight=1595.6580961371583 70.490072006243167 0.23597530694679747 1.5667091308459919 0.12371151269690006 20.786570258894805 0.24036017060280146 11.977367986590254 1.0292757172137497 0.70772338540700719 5.0101154956500968 6.7664004029938933 5.6552742842468433 9.0947154262357781 1.1775962323881675 0.4594109058380117 1.3213030589868138 4.5784380893092012 1.5004178237286385 1.2747408949944659 1.4427217902120899 0.6830674144293879 0.94165810671984196 0.65972536748449784 0.52675505317893012 1.1021614935234527 1.1910512054164417 12.282941375648077 8.5533734055024961 4.2083492140227454 0.45601636797800882
leaf_count=305895 7305 3 2610 61 53647 1 393 9 48 42 99 197 573 6 2 246 397 337 58 80 6 36 50 24 83 138 1117 2170 342 71
internal_value=0.000965457 0.0118196 0.0598697 0.174861 0.0506232 0.00273319 -0.0186746 -0.111113 -0.250789 0.00990065 0.00508012 -0.0461403 -0.0073088 -0.0384511 0.0140477 0.044246 0.0226532 1.37535e-05 -0.0547005 -0.0982108 -0.158774 0.0706876 -0.00830756 0.000178874 -0.0284606 -0.0375624 -0.0256374 0.000447719 0.0299934 -0.0472372
internal_weight=1771.7 142.822 22.713 1.69042 21.0225 120.109 30.1268 3.29866 1.737 89.9827 83.3712 12.4217 26.8281 13.155 70.9495 1.56166 13.6732 1628.88 4.90095 3.40053 1.95781 6.6115 1.60138 1623.98 15.1029 14.0007 12.8097 1608.88 13.2177 4.66437
internal_count=376046 65725 56321 2671 53650 9404 1673 304 57 7731 7603 296 1369 399 7307 247 970 310321 481 144 64 128 86 309840 1362 1279 1141 308478 2583 413
is_linear=0
shrinkage=0.08


Tree=132
num_leaves=31
num_cat=0
split_feature=14 7 7 7 3 3 3 0 4 1 1 1 0 1 4 3 0 0 0 1 7 7 12 1 0 1 4 0 12 0
split_gain=3.28099 4.54524 2.32247 27.907 6.19742 5.06636 4.62786 7.22431 6.6432 5.69186 2.96763 4.88338 4.26608 2.75456 3.67556 2.6528 1.83631 9.15439 1.80317 1.63399 6.94877 7.80128 14.6141 4.66151 4.16784 3.26819 2.55037 4.44724 2.89857 1.6053
threshold=1.0000000180025095e-35 0.95260557532310497 1.0000000180025095e-35 0.48157843947410589 0.78319624066352855 0.75905716419219982 0.92403846979141246 0.9689181149005891 0.038838613778352744 0.97894504666328441 0.67083334922790538 0.75162336230278026 0.88002100586891185 0.96051946282386791 0.059714796021580703 0.92206478118896495 0.54763993620872509 0.54678547382354747 0.97341781854629528 0.82097071409225475 0.58260074257850658 0.55273854732513439 -1.0000000180025095e-35 0.81892696022987377 0.7478732466697694 0.84292763471603405 0.10582306981086732 0.69880765676498424 -1.0000000180025095e-35 0.95557281374931347
decision_type=2 2 2 2 2 2 2 2 2 2 2 2 2 2 2 2 2 2 2 2 2 2 2 2 2 2 2 2 2 2
left_child=1 19 4 29 5 10 7 8 -6 -8 12 -12 -2 14 -7 -9 17 -3 -11 23 21 25 -23 26 -25 -21 27 -1 -28 -4
right_child=2 16 3 -5 6 13 9 15 -10 18 11 -13 -14 -15 -16 -17 -18 -19 -20 20 -22 22 -24 24 -26 -27 28 -29 -30 -31
leaf_value=0.0059950203205033151 0.022557014297520665 0.046449669304253149 -0.075419005483539692 -0.00082535554785811581 -0.06057130744809338 0.086065409629770842 0.072320122671139755 -0.061283740550789119 -0.0053865226349839703 0.064216479380145547 -0.024493044058843189 0.010526627601018862 0.16820167208500947 0.070159619241453794 -0.0084060466979480972 -0.17983425512029169 0.088010880251491314 -0.37413372299915965 0.00060134393180915019 0.13763172507075994 0.073239844966210665 -0.28096758922037501 0.083461189851049389 -0.77348128419779782 0.060021779409577133 0.0081635580414119273 0.081153042672081177 -0.086620279428463717 0.0021913227904332582 -0.033426474983022259
leaf_weight=8.085689580213538 43.483104607090354 8.5208181395282843 33.982530343022518 953.69759029159422 15.525641632732002 3.7050189450383195 7.5319513473659745 3.0553137194365254 138.53827125858516 2.892663709819316 31.791568418499082 128.45847938396037 1.3263832218945015 14.007685072720051 9.1326981242746097 1.9980152584612367 5.7953803203947265 0.34460654059512386 201.11578492447734 1.2743351042736311 11.149540026133762 1.6354733295738699 1.2368465507170174 0.09427678119391103 0.064775644583278336 60.035065346557531 3.1168429480967452 5.6277423247229299 65.519143591704051 7.0319114063750012
leaf_count=359 855 4553 159624 112457 137 22 297 37 861 29 518 916 8 85 60 22 28138 19 2423 67 44813 21 153 2 57 4401 591 2574 6595 5525
internal_value=-9.79419e-05 0.0103837 -0.00122992 -0.00360418 0.00268951 0.0129466 -0.00372795 -0.0140349 -0.0109477 0.0040248 0.00866827 0.00357917 0.0268682 0.0456271 0.0188588 -0.108157 0.0529928 0.0301012 0.00150335 0.00642596 0.0149446 0.00481761 -0.124041 -0.00135163 -0.434029 0.0108546 -0.000515946 -0.0320126 0.00577707 -0.0682194
internal_weight=1769.78 172.501 1597.27 994.712 602.563 231.905 370.658 159.117 154.064 211.54 205.06 160.25 44.8095 26.8454 12.8377 5.05333 14.6608 8.86542 204.008 157.84 75.3313 64.1817 2.87232 82.5085 0.159052 61.3094 82.3494 13.7134 68.636 41.0144
internal_count=376219 92343 283876 277606 6270 2464 3806 1057 998 2749 2297 1434 863 167 82 59 32710 4572 2452 59633 49455 4642 174 10178 59 4468 10119 2933 7186 165149
is_linear=0
shrinkage=0.08


Tree=133
num_leaves=31
num_cat=0
split_feature=7 2 2 8 8 2 4 0 3 0 0 4 4 7 8 8 7 8 8 8 8 4 4 7 7 7 1 0 7 8
split_gain=1.99449 2.55882 4.04878 13.4665 69.5263 51.3643 17.133 3.15962 3.14441 6.51757 7.23886 3.32485 3.5377 3.13336 2.29949 11.4299 19.305 5.18642 2.38389 25.1873 2.26529 4.27581 10.896 7.67454 6.44752 16.0134 4.52917 8.6756 3.98742 3.88228
threshold=0.97713410854339611 0.81120249629020702 0.75162336230278026 0.93359273672103893 0.93946442008018505 0.77459675073623668 0.38832199573516851 0.98903903365135204 0.52704679965972911 0.84260722994804393 0.84599587321281444 0.41742423176765447 0.41421362757682806 0.98382738232612621 0.90418246388435375 0.90632697939872753 0.98584872484207164 0.9739694893360139 0.51079359650611889 0.50757750868797313 0.92071351408958446 0.36899313330650335 0.35781671106815344 0.88956639170646679 0.95090001821517955 0.95898419618606578 0.25677657127380377 0.46868517994880682 0.97446763515472423 0.83531776070594799
decision_type=2 2 2 2 2 2 2 2 2 2 2 2 2 2 2 2 2 2 2 2 2 2 2 2 2 2 2 2 2 2
left_child=20 2 8 -4 5 -5 -6 -3 9 13 -11 12 -10 -2 18 16 -16 -17 19 -9 29 22 28 -23 -24 -26 27 -25 -22 -1
right_child=1 7 3 4 6 -7 -8 14 11 10 -12 -13 -14 -15 15 17 -18 -19 -20 -21 21 23 24 26 25 -27 -28 -29 -30 -31
leaf_value=-0.0010788905148564514 0.059432179680099353 0.068321772028774791 0.080828766607141209 -4.8561239991301717 -0.050289478115538168 -1.0237104522679175 -0.89753980658198229 0.080285259116227067 0.024499888504931282 -0.97157799357497743 -0.14838268534100166 0.1021916623588893 -0.31276857797745161 0.0015909916732029417 -2.5594356356022696 -0.10145827389663242 0.080020850183446193 0.035725898151171442 0.063918492184991321 -2.1704871742303204 -0.01325032123256221 -0.33245444418048176 0.082633245430367014 0.049347093722885774 -0.76921706972144488 -0.073999917616231245 0.062065073060361561 -0.20544832164997961 -0.10637612884102886 0.014514368538154838
leaf_weight=1384.1376263909533 6.2983083621949154 9.5849648396706471 2.1349165780447938 0.032407222788606638 2.3390807386495003 0.072350147809629561 0.16342557267489599 0.30387600740141429 10.302525715313546 0.075992094440151869 0.68131183764853631 4.2008307294898932 0.20296568085177646 124.05612777760734 0.030305794549347342 2.635528389007959 0.042753192654345185 5.3321945800671529 4.8427526007981214 0.035541494544304442 68.734960135188885 0.37238312930276052 0.2579933870511002 2.434632371194311 0.37210143641277682 0.492952635329857 10.632337762042878 1.3183909300132652 3.0742176589556029 110.33193219921668
leaf_count=259981 595 14958 2269 20 1779 50 139 989 6471 51 660 4966 130 9613 22 6858 254 10574 12992 42 11315 8 32 585 20 38 1082 46 635 29052
internal_value=0.00023166 0.00837762 0.00459483 -0.0681519 -0.190142 -2.20929 -0.105619 0.0333487 0.00696064 0.00302618 -0.230987 0.0420377 0.0179839 0.00438569 0.00799765 -0.0187847 -1.01486 -0.00965128 0.0495537 -0.1554 -0.000660949 -0.0131576 -0.0211041 0.0261136 -0.268365 -0.373046 0.0353955 -0.0401594 -0.0172371 7.23102e-05
internal_weight=1755.53 173.368 150.56 4.74218 2.60726 0.104757 2.50251 22.8079 145.818 131.112 0.757304 14.7063 10.5055 130.354 13.223 8.04078 0.073059 7.96772 5.18217 0.339418 1582.16 87.69 72.9322 14.7577 1.12305 0.865054 14.3854 3.75302 71.8092 1494.47
internal_count=376226 73432 26743 4257 1988 70 1918 46689 22486 10919 711 11567 6601 10208 31731 17708 276 17432 14023 1031 302794 13761 12040 1721 90 58 1713 631 11950 289033
is_linear=0
shrinkage=0.08


Tree=134
num_leaves=31
num_cat=0
split_feature=14 8 0 8 3 8 0 0 0 1 11 5 0 8 0 3 8 1 8 3 2 0 0 0 3 0 8 8 3 8
split_gain=4.20981 2.46589 6.65136 3.5397 3.19622 3.07026 7.49401 2.88026 6.52331 3.15897 2.19032 1.90346 2.62351 1.87059 8.07217 8.54896 21.233 4.6275 2.73996 3.77478 4.06986 2.50641 3.04261 1.50954 5.24574 3.367 2.59959 2.67041 1.79031 1.50294
threshold=1.0000000180025095e-35 0.54353401064872753 0.79458758234977733 0.45476087927818304 0.24807692319154742 0.98772960901260387 0.3959223628044129 0.43934066593647009 0.44457672536373144 0.60943254828453075 1.0000000180025095e-35 3.5000000000000004 0.61704328656196605 0.9783390760421754 0.84260722994804393 0.74601566791534435 0.98190009593963634 0.67083334922790538 0.9739694893360139 0.82972848415374767 0.74115687608718883 0.87501323223114025 0.86967304348945629 0.9391419291496278 0.66300368309021007 0.5523899793624879 0.50112107396125805 0.49132832884788519 0.75716626644134533 0.20789610594511035
decision_type=2 2 2 2 2 2 2 2 2 2 2 2 2 2 2 2 2 2 2 2 2 2 2 2 2 2 2 2 2 2
left_child=1 3 4 7 5 -3 -7 29 -9 -10 13 12 -6 18 15 17 -17 -15 -2 20 -20 22 -16 24 25 -5 27 -25 -26 -1
right_child=10 2 -4 23 11 6 -8 8 9 -11 -12 -13 -14 14 21 16 -18 -19 19 -21 -22 -23 -24 26 28 -27 -28 -29 -30 -31
leaf_value=0.19374956364922294 -0.0025075163226311241 0.063742895299562244 0.083478994014229355 -0.032781813360777512 -0.0091629388055558172 -0.39049075643822889 0.080346803035231076 -0.23127643628592412 -0.024029980105227462 0.015263270911912517 0.054931773971530012 -0.15636147047645438 0.08323629106227258 -0.0068190888891590728 0.081128070368204991 -2.2197754676458166 -0.1858963439712793 0.12814862333880322 -0.048980466812110948 -0.0017689194647221771 -0.27644263322241719 0.054903040834825341 0.33961221730691643 0.019919003465790199 -0.15318973130763663 0.058112198394060413 0.11214220807466418 -0.13931948806364833 -0.049549146925156377 0.038641756017471315
leaf_weight=0.41012223930745761 1525.5848600335148 8.9240987886878393 10.346768331524045 10.093428682848758 22.891216499447189 0.33692757494282055 0.60452430581062799 0.73583261109888454 16.097576762286735 70.191584209082066 4.3084568574267896 0.51660900271963228 2.1514816822127605 37.209054778091883 0.82120602687063982 0.034781439942888848 0.59171128123125527 1.7000790304737154 1.1967030318046448 2.7686752694644383 0.86901048352592614 12.209707395500656 0.45178493246930884 2.7758821660245299 2.5538549658231195 3.5171402046653375 1.3211382615227192 0.89013411062114745 1.8318669930631584 15.902754782793634
leaf_count=24 259971 4116 62346 665 3037 93 262 14 892 9533 3964 446 4168 1791 409 18 390 416 108 305 42 16000 116 1536 503 516 2102 598 812 839
internal_value=-0.000743112 0.0111417 0.0270504 0.00537732 0.010569 0.0492474 -0.0881569 0.0116929 0.00591035 0.00793296 -0.00203129 -0.00436034 -0.00122469 -0.00218628 0.0125868 -0.00564233 -0.298813 -0.000921867 -0.00269807 -0.0628299 -0.14467 0.0660405 0.172864 -0.0230187 -0.0338116 -0.00929367 0.0159279 -0.0187452 -0.1099 0.0425413
internal_weight=1759.84 172.093 45.7716 126.321 35.4249 9.86555 0.941452 103.338 87.025 86.2892 1587.75 25.5593 25.0427 1583.44 53.0183 39.5356 0.626493 38.9091 1530.42 4.83439 2.06571 13.4827 1.27299 22.9834 17.9963 13.6106 4.98715 3.66602 4.38572 16.3129
internal_count=376032 92502 74468 18034 12122 4471 355 11302 10439 10425 283530 7651 7205 279566 19140 2615 408 2207 260426 455 150 16525 525 6732 2496 1181 4236 2134 1315 863
is_linear=0
shrinkage=0.08


Tree=135
num_leaves=31
num_cat=0
split_feature=11 3 5 4 1 4 3 4 3 7 7 8 7 0 12 3 5 3 3 7 8 4 1 12 0 4 0 8 1 1
split_gain=1.9283 4.14753 3.88635 2.6562 3.02859 4.55739 4.37858 2.62625 3.14227 8.08827 2.08652 3.13004 1.98297 1.61578 10.0181 4.97547 7.01193 13.1302 7.29082 5.92907 6.91556 8.16138 5.51307 5.019 6.45459 4.98836 3.84394 3.65528 5.41102 12.3379
threshold=-1.0000000180025095e-35 0.75716626644134533 1.0000000180025095e-35 0.51564025878906261 0.67083334922790538 1.0000000180025095e-35 0.73746865987777721 0.050641026347875602 0.93788579106330883 0.94085851311683666 0.87077799439430248 0.86683088541030895 0.97156333923339855 0.45003840327262884 1.0000000180025095e-35 0.39780220389366155 1.0000000180025095e-35 0.48683299124240881 0.42947559058666235 0.61583185195922863 0.64019703865051281 0.24283374845981601 0.50333333015441906 1.0000000180025095e-35 0.82226496934890758 0.30495168268680578 0.60994097590446483 0.86460605263710033 0.13484849035739901 0.18808962404727939
decision_type=2 2 2 2 2 2 2 2 2 2 2 2 2 2 2 2 2 2 2 2 2 2 2 2 2 2 2 2 2 2
left_child=1 2 -1 4 5 -4 -6 8 9 -3 11 -10 -12 14 -2 19 17 25 -18 23 21 -21 -20 24 -15 -17 -22 -16 -29 -30
right_child=13 7 3 -5 6 -7 -8 -9 10 -11 12 -13 -14 15 27 16 18 -19 22 20 26 -23 -24 -25 -26 -27 -28 28 29 -31
leaf_value=0.050024874284449253 0.081362170442788317 0.021558625636774426 -0.68710460863890843 -0.29768147774387282 0.0028045574252581131 -0.15003972060469453 -0.22145448917768235 0.052888692834101116 -0.056897600620154525 -0.55742357254589392 0.023311358175010097 -0.43809188609734179 -0.10852356175086982 0.023184848359642837 0.00033188136667509742 -0.036533874246075029 0.06545354918164524 0.072031747974769481 0.064026254497444826 -0.027553868255855121 -0.012002065252564347 0.04001494784229162 -0.00096479236498837591 -0.066206773866260796 -0.10819075057911411 0.030121049871943591 -0.063756691914094235 0.058967689625685528 -0.12518840945572687 0.03455057831805329
leaf_weight=1.1810667211029802 10.824206379940732 0.42017493746970735 0.1107733548269606 0.44694209322187806 2.3602130529761784 1.1605276060581671 0.72940080527769158 4.1569926197043978 1.4538385651685528 0.2441489901393652 6.2626436201098841 0.15230131038697425 0.82656194531591598 11.206860608719579 299.68776180701752 16.182146784954991 10.840504026968118 25.093388450756471 8.4171602852511551 16.804928358731559 111.68147191437311 35.840705370414071 1103.7456907999283 21.304221518083068 3.0433932016458121 12.925322428156504 10.007566525375294 17.533297363144811 4.1010456710355383 12.609309984327409
leaf_count=85 4513 51 37 156 357 551 28 266 203 7 175 5 51 3290 46184 7509 3054 12129 1809 575 2018 1214 198996 83374 164 4001 766 3551 141 618
internal_value=0.000433281 -0.0245797 -0.0799996 -0.111941 -0.0929043 -0.196836 -0.0501389 -2.44672e-05 -0.0235253 -0.191226 -0.0107129 -0.0930441 0.00794014 0.000714999 0.00561643 -0.000503228 0.0015199 0.029624 0.000163475 -0.0118503 -0.00577816 0.0184464 -0.000472922 -0.0416241 -0.00487273 -0.00693541 -0.0162583 0.00316117 0.0279221 -0.00465247
internal_weight=1751.35 19.5056 5.98892 4.80786 4.36091 1.2713 3.08961 13.5167 9.35967 0.664324 8.69535 1.60614 7.08921 1731.85 344.756 1387.09 1177.2 54.2009 1123 209.889 174.335 52.6456 1112.16 35.5545 14.2503 29.1075 121.689 333.931 34.2437 16.7104
internal_count=375878 1972 1214 1129 973 588 385 758 492 58 434 208 226 373906 55007 318899 227498 23639 203859 91401 4573 1789 200805 86828 3454 11510 2784 50494 4310 759
is_linear=0
shrinkage=0.08


Tree=136
num_leaves=31
num_cat=0
split_feature=7 4 4 8 4 8 4 4 2 2 4 8 4 3 3 8 3 4 12 8 7 12 8 8 2 4 8 8 11 3
split_gain=2.36426 4.54168 6.00664 3.15433 3.69381 5.15914 3.57817 10.2665 2.64067 7.96758 17.9376 21.086 10.9696 2.82138 5.51468 2.93406 2.62554 2.672 2.61211 2.49455 2.29889 7.57058 8.72048 7.23901 9.05142 3.90642 2.21357 3.24038 2.09399 2.97588
threshold=0.97813406586647045 0.27386364340782171 0.29217478632926946 0.63185164332389843 0.57947367429733287 0.3178189098834992 0.73956522345542919 0.73123827576637279 0.6705426573753358 0.6442561447620393 1.0000000180025095e-35 0.98367321491241466 0.25265957415103918 0.28759399056434637 0.29459981620311743 0.55923092365264904 0.97182539105415355 0.26975052058696752 1.0000000180025095e-35 0.66833335161209118 0.97446763515472423 -1.0000000180025095e-35 0.88019138574600231 0.94177323579788219 0.56966492533683788 0.21132376790046695 0.80082646012306224 0.98190009593963634 -1.0000000180025095e-35 0.66300368309021007
decision_type=2 2 2 2 2 2 2 2 2 2 2 2 2 2 2 2 2 2 2 2 2 2 2 2 2 2 2 2 2 2
left_child=20 8 18 4 -4 -6 7 -5 9 13 11 -11 -12 15 -15 -2 17 -10 -3 -8 28 -22 -23 24 -24 -25 -20 -28 29 -1
right_child=1 2 3 6 5 -7 19 -9 16 10 12 -13 -14 14 -16 -17 -18 -19 26 -21 21 22 23 25 -26 -27 27 -29 -30 -31
leaf_value=-0.10046170219928371 0.12341465400264878 0.081060914234241305 0.069040649232389131 -0.012812007397387507 -0.14317705202713019 0.019113676393963153 -0.074422562422345503 -0.50770393451604023 0.084270243192618721 0.080797032164628871 0.080844833091157642 -1.9065421465901282 -0.9329160288990237 -0.18730366100526347 0.0091432745286381071 0.030275962646487367 0.023165235044226781 -0.14933761220619593 -0.033858198029168944 0.03140597496493934 0.052618127710402501 0.056590111303411766 0.018509396231841488 0.081592040471910751 -0.31218064753690633 -0.11010751208768882 -0.31814429368724911 -0.099847924717752112 0.0007207248232939075 -0.012498439178734057
leaf_weight=2.9151150722027532 2.4993347984273617 0.39345679866346506 8.9325684732793889 57.451581393640481 1.3846839837860905 13.245714058841257 1.5394090120462376 0.2695342150691421 10.324891237085465 0.059415903711850571 0.51191559302969836 0.080412143506691791 0.078831789825926535 0.94955752789974468 24.810274789287345 16.165436963812681 12.544130348940598 0.32316650556094906 0.85409836185863186 19.264161411369059 4.1911931055656169 2.1744697363556025 0.71734651263250304 1.014174660711433 2.025409950161702 2.0667008908676507 0.74335032502494858 1.0497933740407459 1555.2552098176254 15.817039469024166
leaf_count=1029 21 157 1091 11028 145 1705 258 70 15982 67 504 32 14 4 3255 283 31665 168 148 5845 181 916 119 495 500 213 243 228 299105 895
internal_value=0.00110224 0.00996932 -0.000467787 0.00283246 0.0285036 0.00375378 -0.00487071 -0.015123 0.0260231 0.0147537 -0.247293 -1.06208 -0.0544356 0.0190631 0.00190186 0.0427478 0.0479648 0.0771803 -0.111269 0.0235749 0.000132472 -0.0344762 -0.0801157 -0.13116 -0.225691 -0.0470031 -0.139855 -0.190343 0.000400489 -0.0261874
internal_weight=1759.65 173.476 105.128 102.088 23.563 14.6304 78.5247 57.7211 68.3474 45.1552 0.730575 0.139828 0.590747 44.4246 25.7598 18.6648 23.1922 10.6481 3.0407 20.8036 1586.18 12.1893 7.9981 5.82363 2.74276 3.08088 2.64724 1.79314 1573.99 18.7322
internal_count=376366 72913 20918 20142 2941 1850 17201 11098 51995 4180 617 99 518 3563 3259 304 47815 16150 776 6103 303453 2424 2243 1327 619 708 619 471 301029 1924
is_linear=0
shrinkage=0.08


Tree=137
num_leaves=31
num_cat=0
split_feature=2 2 3 3 12 12 3 5 7 8 3 3 0 3 5 5 3 2 5 12 5 11 7 7 14 8 2 3 8 8
split_gain=3.24754 11.9643 9.57285 8.64758 6.21964 4.90125 5.31383 4.80679 9.0684 5.64203 4.55862 3.68209 3.56921 3.80823 7.52233 4.10276 3.56017 5.66816 2.93439 2.71987 27.8312 8.26995 7.0121 6.1984 6.97192 4.03684 2.62384 2.61739 3.56778 2.49823
threshold=0.680425524711609 0.6705426573753358 0.68614074587821972 0.85592186450958263 -1.0000000180025095e-35 1.0000000180025095e-35 0.71010184288024913 1.5000000000000002 0.8956778645515443 0.48706799745559698 0.680425524711609 0.55217784643173229 0.69880765676498424 0.72377106547355663 1.5000000000000002 1.5000000000000002 0.60136988759040844 0.70396453142166149 3.5000000000000004 1.0000000180025095e-35 1.0000000180025095e-35 1.0000000180025095e-35 0.25252938270568853 0.52245527505874645 1.0000000180025095e-35 0.52819588780403148 0.87570226192474376 0.6926884949207307 0.30564402043819433 0.41925825178623205
decision_type=2 2 2 2 2 2 2 2 2 2 2 2 2 2 2 2 2 2 2 2 2 2 2 2 2 2 2 2 2 2
left_child=1 3 4 19 11 12 -7 9 -9 -8 16 26 27 14 -14 -15 -6 -18 -13 20 21 -1 -22 24 -21 -25 -2 -4 -29 -3
right_child=2 29 5 -5 10 6 7 8 -10 -11 -12 18 13 15 -16 -17 17 -19 -20 23 22 -23 -24 25 -26 -27 -28 28 -30 -31
leaf_value=0.10591805953753164 -0.16949672436114949 -0.13408410602113663 -0.040082536270684303 0.092633030155762019 0.076517342172820579 0.092134023990956423 0.06282990923239426 0.070867920364738365 0.0045455703337765538 -0.034861461548865477 0.12396198036462858 0.042656125026689973 -0.071480299384275053 0.021065821238529656 -0.00096902875087161806 0.00066364932291984894 -0.15103618772333233 0.033651444602751893 -0.097146450378939403 0.0036912373067208471 0.0065050708580146688 -0.07330447388017125 -0.025364615624329626 0.0073212469277912232 -0.063035561961451658 -0.0070076904868842113 0.069405576324582788 0.29256990334276306 0.061993936994454421 0.061738005251148219
leaf_weight=20.203634326794717 1.3983679260782071 5.1533058136847094 0.66353197677381048 6.2669705222680241 11.406432569150644 6.3215604248580339 4.7622944639661027 20.603516269940883 36.69168798282044 18.410421851240244 6.2333346010036612 4.4965483890809992 13.425293910593608 69.684118807412233 34.738835381423996 665.77613102969008 1.2139676959486667 8.581695980341463 1.2220075528966843 17.493263613898193 142.94029390919604 1.7940977950529475 63.953647639249539 187.07714243623195 23.462725628578369 384.36714778295027 0.37262535910849681 0.67073565773171129 1.1940924252594411 0.45366101774925471
leaf_count=4693 443 440 124 5135 1727 1971 1626 12785 59991 19693 856 1079 1160 10381 2361 48674 154 1613 40 680 2972 375 33219 11062 126930 25137 55 145 499 260
internal_value=0.00178026 -0.00176361 0.00511061 -0.000993067 0.0461806 0.00346747 0.0215089 0.0159606 0.0283953 -0.0147846 0.0638197 -0.0184343 0.00147574 0.00116955 -0.0206234 0.00259673 0.046138 0.0107633 0.0127815 -0.00169051 0.00574984 0.091301 -0.00334627 -0.00447143 -0.034535 -0.00231674 -0.119231 0.0963737 0.144927 -0.11824
internal_weight=1761.03 853.166 907.867 847.559 34.925 872.942 86.7895 80.4679 57.2952 23.1727 27.4354 7.48955 786.153 783.624 48.1641 735.46 21.2021 9.79566 5.71856 841.292 228.892 21.9977 206.894 612.4 40.956 571.444 1.77099 2.52836 1.86483 5.60697
internal_count=376280 210903 165377 210203 5967 159410 96066 94095 72776 21319 4350 1617 63344 62576 3521 59055 3494 1767 1119 205068 41259 5068 36191 163809 127610 36199 498 768 644 700
is_linear=0
shrinkage=0.08


Tree=138
num_leaves=31
num_cat=0
split_feature=7 8 4 4 2 7 4 4 4 8 1 8 1 2 2 7 8 2 8 7 4 8 7 8 8 0 7 0 3 7
split_gain=2.23289 4.52351 5.19549 5.11062 3.67271 3.76356 4.04153 2.98488 6.08098 11.0599 4.64735 4.2961 4.00483 2.79293 12.2095 2.91928 2.79139 2.38595 1.96717 7.4148 5.71252 5.43939 5.16907 5.39099 4.37983 7.63152 20.6109 7.1321 6.91538 4.36377
threshold=0.96788921952247631 0.64019703865051281 0.68819445371627819 0.69337606430053722 0.26365442574024206 0.9844154715538026 0.23861283808946612 0.76095238327980053 0.57947367429733287 0.82862836122512828 0.32495285570621496 0.7146558165550233 0.36882591247558599 0.28035087883472448 0.2736185491085053 0.98739472031593334 0.60057803988456737 0.45664159953594213 0.70018050074577343 0.83096903562545787 0.73123827576637279 0.76825228333473217 0.83740806579589855 0.73538899421691906 0.69344085454940807 0.99782609939575206 0.93624991178512584 0.63017413020133983 0.54653680324554454 0.83096903562545787
decision_type=2 2 2 2 2 2 2 2 2 2 2 2 2 2 2 2 2 2 2 2 2 2 2 2 2 2 2 2 2 2
left_child=18 2 4 -4 -2 -6 -7 8 13 12 -11 -9 -10 14 -3 -15 17 -5 24 20 -20 22 -21 -24 -1 27 29 -26 -29 -27
right_child=1 7 3 16 5 6 -8 11 9 10 -12 -13 -14 15 -16 -17 -18 -19 19 21 -22 -23 23 -25 25 26 -28 28 -30 -31
leaf_value=-0.0018512844069098235 0.094976427156838711 -0.0080174304854530483 -0.50210424393254227 -0.016286858890818278 0.086482811100936544 -0.031706989251962789 0.052878028160982117 -0.048709673402804611 -0.23154603186418551 -0.044741655932121101 0.07458188738185878 0.045963653246433707 -0.02090379881642376 -0.0021617024065564571 -0.28868765115626494 0.024222756532146363 0.082189129104932507 -0.29675938393789764 0.040851201617826537 -0.14449488764595439 -0.056286808999538869 0.0044318238243867113 0.012207470042344305 -0.046804447457542121 -0.097072256851913952 -0.042951419229603022 -1.2626302156132456 0.30216609566140423 0.0012842012620785483 -0.56191711526036336
leaf_weight=1207.6879498098042 8.4124479199817319 34.869850138275098 0.13399109349120131 10.589661057427289 5.8098667957528969 7.2882447733300069 7.1736883152116206 3.6898443535174037 2.4617774600337721 7.8278800573607423 2.8493611490594049 18.190747243061196 0.75476878290828597 59.465920025397267 1.0209867723751802 48.915253297072056 1.9673999740625738 0.19774059443443626 46.685280916592092 2.2623736050845755 4.2252996607276136 224.31730637510373 18.041557408869267 21.97568443268392 4.6343461320066108 0.62700443906214776 0.11883466386643704 0.60419979401922352 2.5614655734825647 0.12424479894252727
leaf_count=233395 130 782 7 1503 1013 5653 1479 667 68 296 1712 5965 380 12287 20 48829 294 5 6097 213 85 49122 2460 3118 86 163 74 18 338 95
internal_value=0.000290223 0.00779633 0.0315817 -0.0106086 0.0505392 0.0320986 0.0102505 0.00230424 -0.00152696 -0.0520746 -0.0128986 0.0299984 -0.182118 0.00334092 -0.0160017 0.00974629 -0.00544538 -0.0214281 -0.000794291 0.00481323 0.0327893 -0.000529206 -0.0268503 -0.0201992 -0.00225803 -0.058915 -0.28364 -0.0338472 0.0587106 -0.12878
internal_weight=1755.48 221.619 41.573 12.8888 28.6842 20.2718 14.4619 180.046 158.166 13.8938 10.6772 21.8806 3.21655 144.272 35.8908 108.381 12.7548 10.7874 1533.87 317.508 50.9106 266.597 42.2796 40.0172 1216.36 8.6701 0.870084 7.80001 3.16567 0.751249
internal_count=376354 81090 10084 1809 8275 8145 7132 71006 64374 2456 2008 6632 448 61918 802 61116 1802 1508 295264 61095 6182 54913 5791 5578 234169 774 332 442 356 258
is_linear=0
shrinkage=0.08


Tree=139
num_leaves=31
num_cat=0
split_feature=14 5 3 8 8 0 8 8 1 0 4 1 8 0 4 4 11 8 4 2 0 1 12 2 1 1 3 4 4 4
split_gain=2.5685 2.79809 2.34646 3.48565 2.21825 5.69246 3.60702 2.93039 6.62766 2.62361 2.24519 1.95657 1.7034 2.38149 3.29632 1.71717 1.62767 1.68848 1.51759 5.98941 2.13355 1.42141 8.72794 5.60018 10.9612 9.35555 6.6596 5.61778 5.06126 8.0041
threshold=1.0000000180025095e-35 3.5000000000000004 0.78319624066352855 0.34217563271522528 0.60771903395652782 0.60994097590446483 0.43551971018314367 0.51079359650611889 0.42967033386230474 0.60775363445281994 0.11583184450864793 0.69631093740463268 0.45078563690185552 0.96672201156616222 0.14119601994752887 0.16035714000463488 1.0000000180025095e-35 0.99819493293762218 0.76568627357482921 0.21778655797243121 0.7805088758468629 0.24068965017795566 1.0000000180025095e-35 0.25866188108921057 0.26158231496810919 0.24316334724426272 0.4712491780519486 0.84292763471603405 0.57947367429733287 0.58898946642875682
decision_type=2 2 2 2 2 2 2 2 2 2 2 2 2 2 2 2 2 2 2 2 2 2 2 2 2 2 2 2 2 2
left_child=1 4 3 -3 6 9 18 11 -9 10 -6 -8 13 -4 -15 -14 21 -18 19 -1 -20 22 -2 26 25 -25 -23 -26 -24 -30
right_child=16 2 12 -5 5 -7 7 8 -10 -11 -12 -13 15 14 -16 -17 17 -19 20 -21 -22 23 28 24 27 -27 -28 -29 29 -31
leaf_value=-0.10316898659236118 0.10665925930046298 -0.54352068341201476 0.04962813079115222 -0.094298307563029496 0.086670193545794624 0.084277296696915083 -0.010001246020974028 -0.027894626988820472 0.092054848809414891 -0.19268492441411464 0.0062344316413019477 -0.059893089679793059 0.12321327481001705 -0.054677603359935233 -0.37143246276726516 -0.058354512296005225 0.076094336874842197 -0.04593261888057161 0.036337664128380451 0.015569306270510085 0.2364310459191801 -0.049855289334525543 0.025167608995216181 1.0289318043523195 -0.0014380736839086489 0.10803291142268247 0.15168371074770884 0.22114590082864763 -0.21583092740527682 -0.00088151579027685462
leaf_weight=2.8129963774118201 5.2489497090937212 0.12728581856936116 1.3776517264632273 0.8405407438876864 2.4613035873189935 9.1863081596111353 10.294454702081568 8.3511660674994328 4.5567093945628576 0.39893755317098012 22.74066344500352 9.838097393345377 0.9145770196955707 3.7510633220954337 0.22274919552728523 0.52456269968024571 3.3063907838404694 0.92979019605991187 11.342007534680302 81.219430474669196 0.35162228679109908 22.280984510284274 53.461021874405333 0.071720909676058819 1217.0178337897555 4.5311040634478559 1.1011853310774302 0.72613294853363086 1.1132826659595583 270.21644372404626
leaf_count=116 2292 8 94 473 331 58227 871 701 6691 19 6437 4036 3747 336 6 584 2560 1430 699 9006 33 9217 19620 13 214035 1557 42 46 438 32268
internal_value=0.00079722 0.0101015 -0.0368414 -0.153379 0.0123283 0.0302532 0.00748577 -0.0153048 0.0144497 0.0108679 0.01409 -0.0343817 -0.020232 -0.0410103 -0.0724331 0.0570323 -0.000211597 0.0493109 0.0153521 0.0115945 0.0423544 -0.00034473 0.00432328 -0.00158146 -0.000839595 0.122382 -0.0403638 -0.00130535 0.00266943 -0.00176347
internal_weight=1751.32 171.312 7.75843 0.967827 163.554 34.7872 128.766 33.0404 12.9079 25.6009 25.202 20.1326 6.7906 5.35146 3.97381 1.43914 1580 4.23618 95.7261 84.0324 11.6936 1575.77 330.04 1245.73 1222.35 4.60282 23.3822 1217.74 324.791 271.33
internal_count=375933 92415 5248 481 87167 65014 22153 12299 7392 6787 6768 4907 4767 436 342 4331 283518 3990 9854 9122 732 279528 54618 224910 215651 1570 9259 214081 52326 32706
is_linear=0
shrinkage=0.08


Tree=140
num_leaves=31
num_cat=0
split_feature=11 7 7 12 7 7 14 7 4 1 12 8 5 8 2 2 4 4 4 8 7 2 7 8 8 8 8 8 1 2
split_gain=2.01656 3.568 7.18295 2.83609 3.1606 2.91074 1.83742 2.6917 2.32975 5.85695 5.09244 4.98328 2.08348 6.57307 4.87207 4.71806 2.77769 4.44635 2.88684 2.1412 6.64553 4.7464 3.43913 4.46244 2.93014 2.36912 1.68696 1.9797 1.58781 4.60862
threshold=-1.0000000180025095e-35 0.95260557532310497 0.9492306411266328 -1.0000000180025095e-35 0.93362700939178478 0.9279175102710725 1.0000000180025095e-35 0.95531892776489269 0.9767441749572755 0.31851120293140417 -1.0000000180025095e-35 0.53371214866638195 3.5000000000000004 0.81023570895195018 0.82807883620262157 0.97332859039306652 0.13100686669349673 0.13423423469066623 0.080540537834167494 0.70777875185012828 0.83096903562545787 0.084219858050346388 0.96209374070167553 0.30025906860828405 0.73538899421691906 0.64019703865051281 0.20789610594511035 0.28112086653709417 0.35043859481811529 0.31209415197372442
decision_type=2 2 2 2 2 2 2 2 2 2 2 2 2 2 2 2 2 2 2 2 2 2 2 2 2 2 2 2 2 2
left_child=1 2 3 -1 5 -5 7 8 9 10 -2 -11 19 16 -15 -16 18 -18 -14 22 21 -21 23 -8 -22 -24 -10 -28 29 -9
right_child=6 -3 -4 4 -6 -7 12 28 26 11 -12 -13 13 14 15 -17 17 -19 -20 20 24 -23 25 -25 -26 -27 27 -29 -30 -31
leaf_value=0.091072200782073523 0.15872831109685342 0.037291597891716849 -0.42802663728495632 -0.050730521001404627 0.033276375244355567 -0.18908555502123897 0.00046509055981307419 0.056740930420543324 0.24102523188502609 0.0035175320335247427 -0.036877883536339057 0.053644477863425147 0.035935753465401572 0.12340922260964543 -0.092721284687071068 -0.0063768742049558815 -0.23737099528343858 0.0084417828302622237 0.11876651100818691 -0.044671084830950218 0.030321291168962348 0.045404815068438513 0.02556871160900041 -0.010105783142147265 -0.0012297612640070198 -0.011367244428319353 -0.083955667597209654 0.036512612758575029 0.088096588930112615 -0.087897112874104719
leaf_weight=1.0462212951751997 0.8794496621121678 4.4921846329052633 0.30516110424650911 10.265312986033676 2.6444256153336037 1.0751035471621424 595.22514180012877 6.4693237747123913 0.24597254932450852 93.156569655075145 27.099311333586115 14.69486733623671 27.926094562877555 1.3225238281738736 6.1285234028655404 11.943037942815863 0.49177312912070092 11.122112465072858 2.9802808573076609 4.2062984026270547 19.914732642588206 34.059022863017162 42.784022577354335 447.90919975356701 348.50524681748578 15.014143636653897 0.92278564415755937 16.194127563074289 3.7290365931459055 1.8027806634199803
leaf_count=38 73 158 4 1720 49 13 34465 3246 12 13762 1165 45345 1870 113 598 2414 21 434 150 35 1713 1507 7008 169792 59221 2608 59 2250 26103 113
internal_value=-4.36176e-05 -0.0254115 -0.043778 -0.035977 -0.0454817 -0.063847 0.000246344 0.00827173 0.0054135 0.00188624 -0.0307294 0.0103474 -0.000598333 0.0137847 -0.0248113 -0.0356584 0.0313888 -0.0019668 0.0439231 -0.00118901 0.00377148 0.0355033 -0.00302142 -0.00407391 0.000475713 0.0159739 0.0330073 0.0300181 0.0447567 0.0252192
internal_weight=1754.55 19.8284 15.3362 15.0311 13.9848 11.3404 1734.73 165.194 153.193 135.83 27.9788 107.851 1569.53 61.9143 19.3941 18.0716 42.5203 11.6139 30.9064 1507.62 406.685 38.2653 1100.93 1043.13 368.42 57.7982 17.3629 17.1169 12.0011 8.2721
internal_count=376059 1982 1824 1820 1782 1733 374077 92128 62666 60345 1238 59107 281949 5600 3125 3012 2475 455 2020 276349 62476 1542 213873 204257 60934 9616 2321 2309 29462 3359
is_linear=0
shrinkage=0.08


Tree=141
num_leaves=31
num_cat=0
split_feature=14 0 2 1 8 2 2 11 2 4 1 4 4 0 0 7 1 4 1 8 8 7 7 0 3 8 8 8 8 2
split_gain=1.99958 2.70151 6.62475 5.79802 4.91796 3.82669 4.54684 3.11608 2.876 13.86 2.85168 2.76945 3.01574 2.74568 8.17971 2.02501 6.07582 3.36865 6.54643 5.49249 4.76992 4.493 3.36552 5.67677 4.98164 3.53509 2.40023 2.11315 3.07878 4.31809
threshold=1.0000000180025095e-35 0.89923658967018139 0.89039039611816417 0.67083334922790538 0.9783390760421754 0.37394067645072943 0.59675306081771862 -1.0000000180025095e-35 0.62988328933715831 0.48749218881130224 0.64051282405853283 1.0000000180025095e-35 0.21132376790046695 0.57517036795616161 0.57316511869430553 0.86689975857734691 0.34851622581481939 0.23466833680868152 0.31139971315860754 0.89488223195076 0.89668855071067821 0.91283243894577037 0.8464345932006837 0.53376916050910961 0.28035087883472448 0.48706799745559698 0.23662276566028598 0.41762655973434454 0.51079359650611889 0.73746865987777721
decision_type=2 2 2 2 2 2 2 2 2 2 2 2 2 2 2 2 2 2 2 2 2 2 2 2 2 2 2 2 2 2
left_child=15 2 7 -3 5 -5 -7 11 10 -10 -9 -2 -13 14 -4 22 17 18 21 26 -21 -17 27 24 25 -24 -19 -1 -29 -30
right_child=1 3 13 4 -6 6 -8 8 9 -11 -12 12 -14 -15 -16 16 -18 19 -20 20 -22 -23 23 -25 -26 -27 -28 28 29 -31
leaf_value=0.011174607804196447 -0.37886315228783857 0.097126819074443149 0.067620246489076816 -0.18796706047371348 0.049082449628612794 0.059773599982213689 -0.0075524401197923606 3.9333872335693329e-05 0.0032560921905235556 0.091748307061241888 -0.014363504227853204 0.067025149642154683 -0.091859996178410966 0.057602122196058092 -0.8437058306394134 -0.18306156075373028 0.076555891707565826 -0.176759669584417 -0.14590709324985288 -0.17973811437017082 -0.0048660947793623729 0.059885295275937243 -0.19603051703895782 0.082530142060117093 -0.28378694419597222 0.084888889988976396 0.061049503818916523 -0.03058304976388351 -0.0061335565521588743 0.090627574139449538
leaf_weight=92.763530864693109 0.17521128193402447 3.4843827517711352 0.23234403031528827 0.7480454872129475 10.107427808667124 6.479837404578574 693.27328994787968 556.06985318263924 173.75065235852162 12.117448351244091 104.5163882615343 1.0013046287349423 3.2335420027884538 15.149671118386321 0.086500298988539726 0.5800717170350248 10.068525974603803 0.27871708769817161 2.5725644710473716 1.226718382546095 5.360636010489543 3.0424207002215553 0.51447449203988049 0.9556600519663333 0.98875484769814637 0.64753509996808134 10.680440589538192 22.354995612000494 14.276379560686111 3.7210106712700499
leaf_count=6841 56 1891 121 10 16240 676 60398 161411 21278 994 17623 371 732 2031 5 25 63653 19 34 51 1914 230 37 3853 27 132 3360 2054 1918 8148
internal_value=-0.00128813 -0.002175 0.000827899 -0.0058181 -0.00632288 -0.00712231 -0.00692899 -0.00011535 0.000234099 0.00902524 -0.00223945 -0.0671877 -0.0542925 0.0527125 -0.179616 0.00695525 0.0244795 0.00239446 -0.0483205 0.0203001 -0.0374313 0.0209821 0.00260577 -0.0797087 -0.151797 -0.0394869 0.0550015 0.00452668 -0.0107558 0.0138721
internal_weight=1750.46 1580.43 866.333 714.093 710.609 700.501 699.753 850.864 846.454 185.868 660.586 4.41006 4.23485 15.4685 0.318844 170.032 33.8101 23.7416 6.19506 17.5465 6.58735 3.62249 136.222 3.10642 2.15076 1.16201 10.9592 133.116 40.3524 17.9974
internal_count=376133 283837 204622 79215 77324 61084 61074 202465 201306 22272 179034 1159 1103 2157 126 92296 69286 5633 289 5344 1965 255 23010 4049 196 169 3379 18961 12120 10066
is_linear=0
shrinkage=0.08


Tree=142
num_leaves=31
num_cat=0
split_feature=8 8 4 4 3 7 7 8 5 8 1 1 8 3 8 7 7 8 5 8 7 12 3 8 1 5 4 3 1 3
split_gain=1.29981 5.36356 4.7773 7.26106 5.2838 3.88512 4.5141 11.2661 6.28853 5.8652 3.42688 6.19799 8.22206 4.16161 4.13406 8.07388 3.27337 3.78891 3.20821 13.1257 13.1857 18.989 2.66861 2.6013 1.91045 7.71135 15.4054 13.2899 4.52171 4.96239
threshold=0.89239040017128002 0.85766234993934642 0.18257576227188113 0.22792208194732669 0.87895438075065624 0.88180509209632885 0.90029239654541027 0.91442927718162548 3.5000000000000004 0.89893317222595226 0.13484849035739901 0.20169491320848468 0.90250155329704296 0.25198413431644445 0.9739694893360139 0.97609522938728344 0.98645591735839855 0.87282773852348339 4.5000000000000009 0.82862836122512828 0.87531095743179332 1.0000000180025095e-35 0.71010184288024913 0.89893317222595226 0.93788579106330883 1.5000000000000002 0.2639319002628327 0.76533168554306041 0.99450549483299266 0.78830561041831981
decision_type=2 2 2 2 2 2 2 2 2 2 2 2 2 2 2 2 2 2 2 2 2 2 2 2 2 2 2 2 2 2
left_child=1 18 -3 4 -4 -2 7 8 23 -10 14 12 -12 -13 -8 -16 17 -5 24 22 -21 -22 -20 -7 25 27 -27 -1 -26 -30
right_child=5 2 3 16 -6 6 10 -9 9 -11 11 13 -14 -15 15 -17 -18 -19 19 20 21 -23 -24 -25 28 26 -28 -29 29 -31
leaf_value=-0.0017315230792432632 0.14228536019504584 0.05439715606012159 -0.14821901612509131 0.048427566501478073 0.091924498080731235 0.014896763379795126 0.071341951267466105 -0.66110668683174423 0.08064271459650113 -1.1344256629109568 -0.32771140131862758 0.041154087692578625 -0.050431885772556459 -0.0083356126470704259 -0.74154501725854349 -0.0061300557409231264 0.068423661445153355 -0.022346840886611413 -0.25202265171885596 0.085378890861916315 -1.3386044299733728 0.080473156831348355 -0.018913286093856143 -0.14549611561217796 0.043116898556059428 -0.0087350453112075063 -0.081551477778070924 0.049807948322580238 0.013144250552324247 -0.0024825680877135024
leaf_weight=621.08034561060003 1.1197377718999053 21.524529695918318 2.9383945956105921 7.6911845556242104 0.73258138702476561 1.9287367964625448 7.756537378576466 0.21458231755605073 0.041533447438268811 0.065555186673009302 0.74837500602006812 11.593215938242791 8.0093576358922274 175.42905139662486 0.097236481306026579 5.4846721202484332 6.6369067280775189 13.063900682576785 0.32428259636799062 0.16325153797879544 0.16846906589853461 0.094033848676190246 10.211091495402796 0.97391865213830886 17.444525660364889 132.15100496954983 21.639799405827944 33.760604778159177 179.84904757517415 469.74896518040623
leaf_count=177336 139 12429 268 914 198 452 2569 35 44 8 24 470 380 62533 15 1485 1371 1532 24 40 31 79 897 149 5907 17960 4663 9752 15771 58899
internal_value=-0.000489424 0.000321889 0.0254307 0.00535899 -0.100296 -0.00633959 -0.00712333 -0.10106 -0.0611306 -0.663171 -0.00567496 -0.00834804 -0.0741263 -0.00526782 0.0335601 -0.0189409 0.0195185 0.00387994 -0.000566299 -0.0436871 -0.479168 -0.830262 -0.0260885 -0.0389193 -0.000246003 -0.00286035 -0.018981 0.000925616 0.00292328 0.00184391
internal_weight=1752.69 1539.22 52.5875 31.063 3.67098 213.463 212.343 3.22433 3.00974 0.107089 209.118 195.78 8.75773 187.022 13.3384 5.58191 27.392 20.7551 1486.64 10.9611 0.425754 0.262503 10.5354 2.90266 1475.67 808.632 153.791 654.841 667.043 649.598
internal_count=376374 308071 16712 4283 466 68303 68164 688 653 52 67476 63407 404 63003 4069 1500 3817 2446 291359 1071 150 110 921 601 290288 209711 22623 187088 80577 74670
is_linear=0
shrinkage=0.08


Tree=143
num_leaves=31
num_cat=0
split_feature=11 5 0 12 0 1 7 1 7 1 1 2 1 1 1 7 7 1 7 2 8 8 0 8 8 7 0 7 7 0
split_gain=2.37398 1.43654 1.38427 10.8657 5.91303 4.30486 3.90437 3.28819 3.21021 10.087 5.59669 3.13057 3.03352 7.02284 4.28147 2.52764 2.14781 1.36268 1.75609 1.31604 0.6143 0.558221 0.266337 0.231545 0.0926119 0.0503458 0.0214789 0.0108695 0.00733572 0.00731211
threshold=1.0000000180025095e-35 6.5000000000000009 0.47803083062171942 1.0000000180025095e-35 0.48486252129077917 0.47690120339393621 0.56615138053894054 0.99450549483299266 0.98739472031593334 0.51471862196922313 0.21680375933647159 0.59675306081771862 0.27639257907867437 0.27842378616333013 0.25866188108921057 0.85810163617134105 0.53674906492233287 0.70064935088157665 0.69282051920890819 0.30877573788166052 0.7469117045402528 0.53866082429885875 0.75395557284355175 0.54847925901412975 0.51928389072418224 0.58260074257850658 0.98243185877799999 0.63196593523025524 0.73797965049743663 0.7478732466697694
decision_type=2 2 2 2 2 2 2 2 2 2 2 2 2 2 2 2 2 2 2 2 2 2 2 2 2 2 2 2 2 2
left_child=1 2 3 5 12 16 7 -5 10 -10 -6 -7 14 -14 -4 -8 -1 18 23 21 -21 -20 -22 24 -2 -19 -3 -27 -23 -29
right_child=17 26 4 6 8 11 15 -9 9 -11 -12 -13 13 -15 -16 -17 -18 25 19 20 22 28 -24 -25 -26 27 -28 29 -30 -31
leaf_value=0.18176385975766807 -0.080406768387378355 0.12031723285457753 -0.069802563689046832 -0.02975878475152819 -0.060257768033525248 -0.068310086820251276 0.0096581924674402769 0.17797617390761286 -0.0030010941522663538 0.064720240223248016 -0.0025443127866952328 0.074279373929359779 -0.8012077537873572 -0.10587353600813805 0.088467137118003289 -0.0041934637213730253 0.086842133292940715 0.11887150569252812 0.22892399895492449 0.083475038456911385 -0.072944630832151594 0.10083508047152258 0.080360028269710268 -0.038633824398640576 -0.15105016519012388 0.096306772992549097 0.093161578481475757 0.093753531023600165 0.081635437188428597 0.080461412231070784
leaf_weight=2.0205583491842827 0.22369038200122249 0.27122646372299541 4.4388385631755209 30.959372304263642 10.846483475965213 1.8251139700860215 174.93277370218857 0.49546567795914498 56.023422322699886 18.80005775194941 1256.7138201139151 2.1419385912096232 0.095578597662097642 3.3957247938487853 1.4516391808429032 162.75564616635893 6.2281026622658828 0.30428249857504885 0.24142425625177544 0.30800779658238753 0.57212376151437638 0.17276901705190539 0.08305593287514057 0.46626222712802701 0.25321398710366338 0.4208911682799229 0.59611221642262535 0.30714017932405147 0.48458434953499818 1.924618879968875
leaf_count=147 45 18 1864 51764 6038 1001 3400 18 1621 53075 232219 287 67 2146 306 10253 3647 14 14 105 79 2 308 21 3 29 49 313 174 7200
internal_value=-0.00110725 -0.0012776 -0.00132911 0.00292755 -0.00253 0.0771592 0.00047107 -0.0264866 -0.00208766 0.0140145 -0.00303817 0.00867852 -0.0658207 -0.124909 -0.0307989 0.00298211 0.110094 0.0501575 0.0102143 0.0552643 -0.00970529 0.12489 -0.0535105 -0.0787218 -0.117915 0.0880501 0.101653 0.0845146 0.0866816 0.0822907
internal_weight=1739.75 1733.99 1733.12 381.359 1351.77 12.2157 369.143 31.4548 1342.38 74.8235 1267.56 3.96705 9.38178 3.4913 5.89048 337.688 8.24866 5.76206 2.80513 1.86197 0.963187 0.898778 0.65518 0.943167 0.476904 2.95693 0.867339 2.65265 0.657353 2.23176
internal_count=376227 367920 367853 70517 297336 5082 65435 51782 292953 54696 238257 1288 4383 2213 2170 13653 3794 8307 751 682 492 190 387 69 48 7556 67 7542 176 7513
is_linear=0
shrinkage=0.08


Tree=144
num_leaves=31
num_cat=0
split_feature=8 7 14 8 8 8 0 0 0 3 7 8 0 4 8 7 0 8 1 1 1 3 2 2 4 2 4 1 1 1
split_gain=1.67339 9.61516 7.04744 4.21951 3.52212 7.4735 5.42801 3.35262 16.9172 34.9008 3.17313 5.86 3.09825 3.06814 2.55919 29.4092 2.25818 2.9677 2.53658 2.10965 7.03399 6.21357 6.00093 4.81612 3.95463 3.81046 10.4377 2.91687 6.95581 3.54191
threshold=0.25071428716182714 0.46113573014736181 1.0000000180025095e-35 0.24475114047527316 0.46190130710601812 0.46759706735610967 0.99782609939575206 0.94740843772888195 0.97341781854629528 0.93127068877220165 0.69282051920890819 0.69344085454940807 0.99782609939575206 0.30495168268680578 0.25658351182937628 0.38724207878112799 0.86967304348945629 0.41762655973434454 0.60943254828453075 0.69631093740463268 0.75162336230278026 0.6926884949207307 0.70064935088157665 0.55217784643173229 0.21807064861059192 0.6442561447620393 0.10471491143107416 0.81302964687347423 0.81016731262207042 0.82972848415374767
decision_type=2 2 2 2 2 2 2 2 2 2 2 2 2 2 2 2 2 2 2 2 2 2 2 2 2 2 2 2 2 2
left_child=3 2 16 19 -3 6 -6 14 9 -9 11 -7 -5 -12 15 -4 17 18 -2 21 22 25 23 -21 -24 -1 -27 28 -22 -29
right_child=1 4 7 12 5 10 -8 8 -10 -11 13 -13 -14 -15 -16 -17 -18 -19 -20 20 27 -23 24 -25 -26 26 -28 29 -30 -31
leaf_value=0.0062270408970407625 -0.0021978897095307117 0.011198503432695614 -0.080073003614974991 0.072375712527880068 -0.055295865111179662 -0.017858945721548967 -0.29086385978975865 0.14474929758260374 -0.080507634776027376 1.8522607007371519 -0.0040313518212769985 0.10222135945286974 0.3279937787850723 0.0061651612352583377 -0.080107324706215663 2.4810719299685053 -0.026908909545030554 -0.092133506305617272 0.063456430431052799 -0.013507387594046358 0.014588635655173888 0.23013323663367208 -0.012071423287010637 -0.090998132908924279 0.11137674521134563 -0.044574562827351345 0.129575867851532 -0.03959916190338611 0.13334639807969084 0.0036242402819285854
leaf_weight=52.968132864341896 10.132470090407883 170.53344903408993 0.35267299119732953 1.7081406364923162 8.7972083767781406 91.513261048479762 0.6739816291919859 1.0263064636092156 4.0415668594650924 0.082790570333599933 373.41372439577333 2.6770476850833793 0.36902983704203496 382.14849169264733 21.177981295162681 0.031235642629326321 20.913018931751139 1.5966555618215341 5.9942025751806787 8.7940946993767337 32.288850350982102 0.86721698666951752 6.2114545968724979 12.33012001760653 2.2669173269241583 3.6048738743120321 5.6622930885205278 12.435751721845007 3.4984908780825199 498.91252126319523
leaf_count=4779 473 30816 1101 1491 1572 19051 215 902 4540 43 124688 205 74 34634 139749 103 355 115 138 218 569 25 93 336 33 45 80 192 58 8982
internal_value=0.000709147 -0.00119192 -0.0309489 0.00395235 0.000696474 -0.0013879 -0.0720592 -0.0625445 -0.00455672 0.27221 -0.000600215 -0.0144461 0.117789 0.00112584 -0.0763965 0.128307 -0.00910416 0.0119049 0.0222055 0.00358279 0.00206331 0.0174703 -0.0359192 -0.0587384 0.0209357 0.014507 0.0618324 0.00411835 0.0261981 0.00257307
internal_weight=1737.02 1095.11 65.3489 641.918 1029.76 859.224 9.47119 26.7126 5.15066 1.1091 849.753 94.1903 2.07717 755.562 21.5619 0.383909 38.6363 17.7233 16.1267 639.841 576.738 63.1025 29.6026 21.1242 8.47837 62.2353 9.26717 547.136 35.7873 511.348
internal_count=375675 358700 147519 16975 211181 180365 1787 146438 5485 945 178578 19256 1565 159322 140953 1204 1081 726 611 15410 10481 4929 680 554 126 4904 125 9801 627 9174
is_linear=0
shrinkage=0.08


Tree=145
num_leaves=31
num_cat=0
split_feature=8 7 4 4 7 7 8 5 5 1 7 1 8 7 7 12 3 2 7 4 5 1 2 8 2 8 8 4 3 3
split_gain=1.67866 4.89699 3.79387 9.04402 4.90872 9.38549 3.93021 3.79244 3.2193 10.143 9.06449 7.81121 6.5612 9.36331 39.3577 7.001 5.82784 5.2501 3.75342 3.17717 3.14907 3.14122 4.85915 3.72892 6.12604 3.25167 11.6952 3.60566 3.13882 2.88833
threshold=0.76825228333473217 0.91440781950950634 0.20204082131385806 0.18257576227188113 0.90346473455429088 0.8956778645515443 0.79678037762641918 4.5000000000000009 2.5000000000000004 0.95713412761688244 0.85810163617134105 0.90595519542694103 0.76322147250175487 0.76384064555168163 0.79469618201255809 1.0000000180025095e-35 0.93643954396247875 0.77849927544593822 0.33974596858024603 0.031754031777381904 2.5000000000000004 0.13484849035739901 0.20761494338512423 0.79317620396614086 0.62115561962127697 0.89239040017128002 0.9484052062034608 0.18065268546342853 0.21483516693115237 0.99450549483299266
decision_type=2 2 2 2 2 2 2 2 2 2 2 2 2 2 2 2 2 2 2 2 2 2 2 2 2 2 2 2 2 2
left_child=8 2 3 4 5 -2 -5 -6 29 10 11 19 15 -14 -15 17 -13 -11 -17 -10 -8 -3 25 24 -24 27 -27 -23 -25 -1
right_child=1 21 -4 6 7 -7 20 -9 9 12 -12 16 13 14 -16 18 -18 -19 -20 -21 -22 22 23 28 -26 26 -28 -29 -30 -31
leaf_value=-0.0010695168585573038 0.015158662351301954 0.027216636870586539 0.036136513322019496 0.063122546894441259 0.078744551634453278 -0.12681219958835949 -0.12589460842420247 -0.25317258230206935 -0.070993567804275404 0.082584758418977278 0.11059512296802519 -0.13375852957599924 0.10237215724895952 -2.1177332696562026 -0.15557728254617384 0.50653587945572198 0.073243442217024154 0.010504524907061082 0.088337204511328496 -0.00037680644309821571 -0.34570003270114508 -0.17154269539792341 -0.10414049928309624 0.065185995575038472 0.021744193557132634 -0.20838170069034045 -0.013926390594393758 0.058732722382846547 0.00035296183198051139 -0.011724527111951898
leaf_weight=938.48564301629767 25.156877228353327 24.693875211196428 49.034143821263569 0.55162108609510996 7.7541071209070642 3.3806316767240778 1.9467329051039999 0.22675535954112991 5.6096823535772371 6.729671192719251 2.5557048317223225 7.6725149544217839 0.48197928578883764 0.072732630782411434 0.65115080430769012 0.14033412840217252 0.98182710528635642 165.80610325464477 6.4685268767370872 14.930103838385547 0.53090433334000398 0.52511353275622186 5.5638553987046446 4.8722771460961658 4.4551572298842075 2.9064837913610955 6.2062997256361996 2.5409878053760622 250.11068086359384 197.0040911485612
leaf_count=218829 10479 6317 3783 54 2216 1540 165 46 262 436 442 581 9 38 204 3 104 8172 7502 1570 41 10 323 191 2934 132 301 136 86535 22801
internal_value=0.000110089 0.00472893 0.0212679 0.00283273 0.0138512 -0.0016596 -0.129998 0.069314 -0.00122819 0.00781897 -0.0338767 -0.046524 0.0151593 -0.170825 -0.352726 0.0164112 -0.110274 0.013316 0.0972173 -0.0196632 -0.172994 -0.000124259 -0.00256004 -0.0002893 -0.0481633 -0.0519694 -0.0759471 0.0192948 0.00159181 -0.00291813
internal_weight=1738.05 390.457 88.5818 39.5476 36.5184 28.5375 3.02926 7.98086 1347.59 212.1 31.7498 29.1941 180.35 1.20586 0.723883 179.145 8.65434 172.536 6.60886 20.5398 2.47764 301.875 277.181 265.002 10.019 12.1789 9.11278 3.0661 254.983 1135.49
internal_count=376156 115203 18324 14541 14281 12019 260 2262 260953 19323 2959 2517 16364 251 242 16113 685 8608 7505 1832 206 96879 90562 89983 3257 579 433 146 86726 241630
is_linear=0
shrinkage=0.08


Tree=146
num_leaves=31
num_cat=0
split_feature=8 0 0 4 4 4 3 3 3 4 4 1 3 4 8 7 8 0 12 4 4 7 1 7 8 8 1 1 0 3
split_gain=2.60641 6.8794 11.1204 9.02174 13.5849 8.35216 3.7384 3.24903 2.66841 3.3504 3.42403 2.57581 2.44422 2.40024 1.99438 7.39912 3.93388 7.12179 4.25815 3.87157 9.15806 7.16824 3.30738 3.22944 3.06502 6.05797 4.24506 13.094 4.14472 3.06217
threshold=0.9783390760421754 0.84260722994804393 0.80350974202156078 0.28730159997940069 0.38956639170646673 0.035098522901535041 0.54653680324554454 0.82807883620262157 0.85592186450958263 0.22792208194732669 0.10990338027477266 0.42967033386230474 0.64051282405853283 0.053342817351222045 0.95090001821517955 0.96984851360321056 0.97081699967384349 0.5310957431793214 1.0000000180025095e-35 0.36899313330650335 0.34514106810092932 0.96019801497459423 0.88303694128990184 0.93362700939178478 0.85766234993934642 0.89239040017128002 0.27953489124774938 0.16108107566833499 0.47803083062171942 0.29925373196601873
decision_type=2 2 2 2 2 2 2 2 2 2 2 2 2 2 2 2 2 2 2 2 2 2 2 2 2 2 2 2 2 2
left_child=14 2 8 5 7 -4 -7 -5 9 10 -2 -11 -3 -10 24 19 17 -17 22 20 23 -22 -18 -16 -1 -26 27 -27 -28 -19
right_child=1 12 3 4 -6 6 -8 -9 13 11 -12 -13 -14 -15 15 16 18 29 -20 -21 21 -23 -24 -25 25 26 28 -29 -30 -31
leaf_value=-0.00054365921028760519 -0.0016989446535235174 0.17626249456917456 -0.91295570979479845 -1.891631273501462 0.080332004184301573 -0.3556883140054039 0.081386858410160343 -0.9999773915285215 -0.46452633880039523 -0.010354261575934885 0.08651668156670185 0.08429269326774938 0.05872791433913907 0.081239937223753195 -0.31706686306142928 0.023060307394382282 0.091879671891389042 -0.37236019094865447 0.040020138678314103 0.072188459540618186 -0.40394981177841521 -0.027296288546163689 -0.082454399041301002 0.0074942370537509542 0.034535818321796252 0.054808315960472538 0.10809319940546397 -0.082425258778291724 0.0050253985604380869 -0.1250825418889592
leaf_weight=1474.0650840590397 5.1025632908493872 1.2641728509588563 0.080234162007399301 0.04057079898120719 0.07302864066514303 0.17603211593814194 0.43408572219777852 0.073601972522737924 0.14260179357370262 27.692196401229015 6.2838284710232983 1.9712644735005813 10.860987823339199 0.080791507401954732 0.19751775611809463 2.4161975268361875 0.78918523610263935 0.33844083049916651 4.2948622971243804 4.9914801168670229 0.63476579465350258 0.65920192360499641 5.9279351619297813 29.560733653062925 49.024020970904616 6.9268196117191136 2.5746849782008203 12.442942704146843 82.826067786836944 6.0489561725862018
leaf_count=291339 347 854 43 54 114 11 283 2 5 2086 196 2862 17961 193 19 475 87 12 1347 431 28 32 313 3683 16646 2045 183 285 31347 3008
internal_value=0.00062381 0.0178789 0.00260319 -0.2792 -0.771782 -0.145627 -0.0447187 -1.31682 0.00859489 0.0100955 0.0469848 -0.00406456 0.0709821 -0.267147 6.75785e-05 -0.0147959 -0.0540643 -0.0939301 -0.0221934 0.00679255 -0.00371949 -0.212067 -0.0619721 0.00533999 0.000577611 0.0113246 0.000463627 -0.0333492 0.00813271 -0.138185
internal_weight=1737.99 54.276 42.1508 0.877553 0.187201 0.690352 0.610118 0.114173 41.2732 41.0499 11.3864 29.6635 12.1252 0.223393 1683.72 55.8593 19.8156 8.80359 11.012 36.0437 31.0522 1.29397 6.71712 29.7583 1627.86 153.795 104.771 19.3698 85.4008 6.3874
internal_count=376291 25011 6196 507 170 337 294 56 5689 5491 543 4948 18815 198 351280 9435 5242 3495 1747 4193 3762 60 400 3702 341845 50506 33860 2330 31530 3020
is_linear=0
shrinkage=0.08


Tree=147
num_leaves=31
num_cat=0
split_feature=4 4 2 2 1 7 1 12 7 3 0 0 3 1 7 0 0 0 0 2 1 2 0 3 2 0 4 2 2 2
split_gain=1.33114 5.50825 3.97634 4.14829 7.33995 4.92449 3.45687 5.47711 6.56133 3.56949 3.62351 2.97689 10.2958 7.74147 6.87339 6.45094 5.97129 4.31714 5.79907 3.66415 3.35735 4.70861 2.89227 11.4318 7.38531 7.59276 5.54948 5.45583 4.52372 8.67642
threshold=0.091966174542903914 0.080540537834167494 0.63702240586280834 0.63224515318870556 0.79118219017982494 0.69282051920890819 0.75162336230278026 1.0000000180025095e-35 0.87077799439430248 0.77459675073623668 0.91428884863853466 0.84260722994804393 0.72821971774101268 0.69631093740463268 0.94085851311683666 0.85001030564308178 0.83446824550628673 0.85716116428375255 0.88002100586891185 0.18350168317556384 0.62115561962127697 0.680425524711609 0.9161842167377473 0.86391696333885204 0.8589511811733247 0.7478732466697694 0.10990338027477266 0.66312056779861461 0.60136988759040844 0.74322345852851879
decision_type=2 2 2 2 2 2 2 2 2 2 2 2 2 2 2 2 2 2 2 2 2 2 2 2 2 2 2 2 2 2
left_child=1 11 3 -3 -5 -6 7 8 -4 -8 -11 12 13 19 -14 20 -15 -17 -19 -1 -13 -22 23 24 26 -26 27 -2 -24 -30
right_child=22 2 6 4 5 -7 9 -9 -10 10 -12 15 14 16 -16 17 -18 18 -20 -21 21 -23 28 -25 25 -27 -28 -29 29 -31
leaf_value=0.066907608757009712 -0.080153843717268511 0.065975224846876443 -0.10038101767411586 0.032664307886038885 1.5133278967494281 0.08055570292320656 0.088051706164494412 0.092224494267906978 -0.58583574687256135 -0.079395649541156438 0.034679471065552255 -0.047626762278673629 -0.063235991983248752 0.047257425060741716 -0.25432610547932227 -0.088671757105919832 0.34474804723891295 0.055988446135298083 0.0033607737235635468 -0.023740451168195703 0.26060157952698187 0.017366512341298091 0.071519461540898888 0.054792034489608635 0.082925418892090014 -0.14427347710128163 0.0018715084275514812 0.008045968243204131 -0.067342106781608083 -0.0054500168903879086
leaf_weight=3.0845333676626288 10.535481544415122 13.083340476609578 0.70804648238117807 0.10709157159271931 0.05025807525817072 0.022105585798271932 3.7338194983403792 0.56506304327740398 0.23810869344742969 2.8216404100876389 4.8370556355530425 0.56143101063207668 5.9709544088582325 10.010030013356296 1.5091755731355077 3.1805569562293377 0.45128687123360656 13.785778959829257 479.05448146648541 38.165767318279904 1.3920051740024066 0.80329036991497549 4.4708337011887798 25.421931737910199 1.2157598537341971 4.1712894688207598 870.99216933005823 7.8203244732012527 15.578579201172941 208.61661116129471
leaf_count=661 3035 3476 140 43 34 35 526 210 57 424 1998 96 2165 2920 207 389 92 1631 112111 18254 144 194 1764 4111 114 293 195812 914 2171 22115
internal_value=0.00147148 0.00458089 0.0404543 0.0712152 0.453237 1.07565 0.00883739 -0.104852 -0.22255 0.0239183 -0.00734844 0.00289857 -0.0140639 -0.00137426 -0.10179 0.00491157 0.0600908 0.00423332 0.00483288 -0.0169621 0.126951 0.171598 -0.000109542 0.00189148 0.000388431 -0.0929988 0.000954106 -0.0425771 -0.00816171 -0.00975069
internal_weight=1732.96 584.136 26.1665 13.2628 0.179455 0.0723637 12.9037 1.51122 0.946155 11.3925 7.6587 557.969 59.1917 51.7116 7.48013 498.778 10.4613 496.021 492.84 41.2503 2.75673 2.1953 1148.82 920.157 894.735 5.38705 889.348 18.3558 228.666 224.195
internal_count=376136 145807 6943 3588 112 69 3355 407 197 2948 2422 138864 24299 21927 2372 114565 3012 114131 113742 18915 434 338 230329 204279 200168 407 199761 3949 26050 24286
is_linear=0
shrinkage=0.08


Tree=148
num_leaves=31
num_cat=0
split_feature=8 0 4 0 1 4 7 7 8 8 7 12 8 4 1 3 1 2 4 4 4 0 5 12 3 3 8 8 4 3
split_gain=2.11808 4.07437 4.06127 7.92066 2.78666 2.76276 2.7779 2.24672 3.0047 2.10956 5.2277 1.97056 3.65411 1.85537 1.74227 1.71595 4.70274 1.57412 1.42418 1.37688 5.22599 5.59848 5.70824 4.79147 3.79686 5.60541 3.64371 20.3076 3.59416 5.73651
threshold=0.9783390760421754 0.84260722994804393 0.053342817351222045 0.66877743601799022 0.57321429252624523 0.16035714000463488 0.9983050823211671 0.9844154715538026 0.98190009593963634 0.98532998561859142 0.9826338291168214 1.0000000180025095e-35 0.98367321491241466 0.38832199573516851 0.69028213620185863 0.30877573788166052 0.3310502320528031 0.86391696333885204 0.10990338027477266 0.10102041065692903 0.11834733933210374 0.96050566434860241 1.5000000000000002 1.0000000180025095e-35 0.88589513301849376 0.88047617673873912 0.91182103753089916 0.90948107838630687 0.080540537834167494 0.14724480360746386
decision_type=2 2 2 2 2 2 2 2 2 2 2 2 2 2 2 2 2 2 2 2 2 2 2 2 2 2 2 2 2 2
left_child=19 2 3 15 5 18 -7 9 -9 11 -11 13 -13 -3 -5 -2 -17 -16 -4 28 26 24 -23 -24 25 -22 27 -21 -1 -30
right_child=1 7 4 14 -6 6 -8 8 -10 10 -12 12 -14 -15 17 16 -18 -19 -20 20 21 22 23 -25 -26 -27 -28 -29 29 -31
leaf_value=5.9726074320886078e-05 0.10065229329724447 0.080919956946921376 0.016351270495745113 -0.36416240139958561 0.08647993173595811 -0.058824753564161891 0.0064077739580276141 -0.18207897528297631 0.094147749724999466 0.080982167535509103 -0.61488354969131909 -0.0059407033982438826 -0.42004687004222752 -0.091544422948923218 -0.23221025655902 -0.19445598983850121 0.093075283898317165 0.081902037190139387 0.1106999831149291 -0.039732795855551922 -0.0012832112419232061 0.079490548187467591 -0.056644987904259585 0.10591261035839829 0.032863751125503521 -0.064444751462621672 0.084316103986469743 -0.96871235425802849 -0.35177609270591897 0.026340940078535113
leaf_weight=551.8820120331003 0.78320244629871627 2.8906709304465044 1.928701585951784 0.51395543880062156 2.854589932325438 4.8829604465208822 28.939123224849027 0.26152399542661431 6.9411969281873809 0.17320263351575693 0.11494950368069112 0.92757707910277332 0.15988285074126907 0.46318829917436222 0.46374460934021045 0.70589412748813607 0.75174876998789841 0.13093308103270829 2.1827507185807917 24.762223436652683 995.71513684547517 2.4322595629089419 24.100099211435012 1.2191772793157714 20.573743335889958 9.0744918625150586 1.4679668361786742 0.15152179611686634 0.25833993975541503 42.752826997337564
leaf_count=125051 25 761 62 26 3587 258 1970 178 17088 38 15 602 104 58 29 3 82 113 53 7011 200036 1348 1077 1200 3607 639 544 26 54 10388
internal_value=-0.000782456 0.0145124 0.00329962 -0.0813831 0.0102537 0.00451747 -0.00300997 0.0559887 0.0841182 0.013149 -0.196612 0.0267582 -0.0668243 0.0571016 -0.256285 0.00514762 -0.0461678 -0.163051 0.0664406 -0.00129463 -0.00299765 -0.00211664 -0.037572 -0.0488175 -0.00115704 -0.00185364 -0.0381658 -0.0453827 0.00179567 0.0240698
internal_weight=1730.46 56.0698 44.1376 3.34948 40.7881 37.9335 33.8221 11.9322 7.20272 4.72947 0.288152 4.44132 1.08746 3.35386 1.10863 2.24085 1.45764 0.594678 4.11145 1674.39 1079.5 1053.11 27.7515 25.3193 1025.36 1004.79 26.3817 24.9137 594.893 43.0112
internal_count=376033 25052 6208 278 5930 2343 2228 18844 17266 1578 53 1525 706 819 168 110 85 142 115 350981 215488 207907 3625 2277 204282 200675 7581 7037 135493 10442
is_linear=0
shrinkage=0.08


Tree=149
num_leaves=31
num_cat=0
split_feature=1 1 2 2 3 4 3 4 0 3 2 4 4 3 2 7 2 7 4 4 3 4 2 1 0 4 0 3 3 1
split_gain=1.68754 7.5561 12.0601 12.7995 11.5629 8.63247 12.7448 8.0896 7.11961 6.9249 6.47454 11.1825 6.47339 5.18233 5.12963 4.57609 4.17612 7.24761 4.15106 4.05054 3.17014 15.4866 13.2052 10.2886 10.1586 7.55304 5.14205 4.92025 5.648 4.54791
threshold=0.79118219017982494 0.69631093740463268 0.69631093740463268 0.63702240586280834 0.71010184288024913 0.2149859964847565 0.64051282405853283 0.2806250005960465 0.66877743601799022 0.78086888790130626 0.6442561447620393 0.21807064861059192 0.46470099687576299 0.63702240586280834 0.70396453142166149 1.0000000180025095e-35 0.70396453142166149 0.92352676391601574 0.25265957415103918 0.24068965017795566 0.73375529050827037 0.22335600852966311 0.82426470518112194 0.87026646733284008 0.90002635121345531 0.2806250005960465 0.83846512436866771 0.6705426573753358 0.70064935088157665 0.81016731262207042
decision_type=2 2 2 2 2 2 2 2 2 2 2 2 2 2 2 2 2 2 2 2 2 2 2 2 2 2 2 2 2 2
left_child=1 4 3 5 10 6 -3 13 -6 -7 -1 -12 18 14 -4 -13 17 -9 -5 -15 21 24 23 25 26 -23 29 -26 -29 -2
right_child=20 2 7 12 8 9 -8 16 -10 -11 11 15 -14 19 -16 -17 -18 -19 -20 -21 -22 22 -24 -25 27 -27 -28 28 -30 -31
leaf_value=-0.002398216164425271 -0.088390928321832693 0.11657302000611738 0.36230531613304101 -0.091314019071046207 0.85485891980149809 -0.072544023493038415 -0.02804221750272436 0.0078649930724900372 0.11522431390094445 0.50107313307067092 0.010676720159853704 0.25263208439863011 0.36253383128736738 -0.010542298149701361 0.049314666989597016 0.088140837469900146 0.10189777558800536 -0.77187189983899429 -0.18494360377172706 -0.11506692885726486 -0.00046089154744683759 0.035019806964078706 -0.15498265094424277 0.0094860367109320855 0.078881367178854439 -0.10784642636656554 0.10763064667125588 -0.13022361072087849 0.014580911457091717 0.058001129088059322
leaf_weight=660.4308229199637 1.5373736287365343 5.195684761736632 0.36960348509455743 8.8548222120361917 0.084947364521243851 17.435346336453225 15.642133799086876 0.41009170687175256 4.273385008038499 0.1357428660558061 14.258636100597871 1.8359680378343899 0.1777997315439287 34.264628367049227 3.5921325526578585 2.6371400922580506 6.4933728086543852 0.093728842934069689 4.6072945065716349 2.5493047252784882 783.01851948031617 3.2702142593952876 3.4796932731078405 126.54672705598659 2.5303140256182797 8.587559210129255 16.851696120016641 3.1673082335164509 3.7827730055087159 11.652281001894151
leaf_count=176616 525 981 69 1618 2 4965 2026 59 4533 9 1543 20 25 4535 537 801 871 54 767 320 149367 649 169 16244 624 2938 1631 399 534 2686
internal_value=-0.000493574 -0.00325183 -0.023812 -0.0504522 -0.00024921 -0.0268109 0.00801603 0.00521268 0.12964 -0.0681126 -0.00108274 0.0452974 -0.117024 -0.0084245 0.0785146 0.155656 0.0846824 -0.137194 -0.123358 -0.0177805 0.00174678 0.011276 -0.00106059 0.00280924 0.0555645 -0.0684458 0.0783492 -0.0166351 -0.0514098 0.0409378
internal_weight=1747.77 783.343 99.8217 52.0488 683.521 38.4089 20.8378 47.7729 4.35833 17.5711 679.163 18.7317 13.6399 40.7757 3.96174 4.47311 6.99719 0.503821 13.4621 36.8139 964.424 181.406 141.884 138.405 39.5217 11.8578 30.0414 9.4804 6.95008 13.1897
internal_count=376117 200351 16836 10391 183515 7981 3007 6445 4535 4974 178980 2364 2410 5461 606 821 984 113 2385 4855 175766 26399 20000 19831 6399 3587 4842 1557 933 3211
is_linear=0
shrinkage=0.08


end of trees

feature_importances:
addr_tset=734
name_jw=539
addr_lev=501
name_tset=452
name_lev=441
name_len_diff=440
door_status=396
is_source2=342
shared_core_count=297
name_tsort=282
pin_status=75
has_addr_tgt=1

parameters:
[boosting: gbdt]
[objective: binary]
[metric: binary_logloss]
[tree_learner: serial]
[device_type: cpu]
[data_sample_strategy: bagging]
[data: ]
[valid: ]
[num_iterations: 150]
[learning_rate: 0.08]
[num_leaves: 31]
[num_threads: 4]
[seed: 0]
[deterministic: 0]
[force_col_wise: 0]
[force_row_wise: 0]
[histogram_pool_size: -1]
[max_depth: 6]
[min_data_in_leaf: 20]
[min_sum_hessian_in_leaf: 0.001]
[bagging_fraction: 0.85]
[pos_bagging_fraction: 1]
[neg_bagging_fraction: 1]
[bagging_freq: 1]
[bagging_seed: 3]
[bagging_by_query: 0]
[feature_fraction: 0.85]
[feature_fraction_bynode: 1]
[feature_fraction_seed: 2]
[extra_trees: 0]
[extra_seed: 6]
[early_stopping_round: 0]
[early_stopping_min_delta: 0]
[first_metric_only: 0]
[max_delta_step: 0]
[lambda_l1: 0]
[lambda_l2: 0]
[linear_lambda: 0]
[min_gain_to_split: 0]
[drop_rate: 0.1]
[max_drop: 50]
[skip_drop: 0.5]
[xgboost_dart_mode: 0]
[uniform_drop: 0]
[drop_seed: 4]
[top_rate: 0.2]
[other_rate: 0.1]
[min_data_per_group: 100]
[max_cat_threshold: 32]
[cat_l2: 10]
[cat_smooth: 10]
[max_cat_to_onehot: 4]
[top_k: 20]
[monotone_constraints: ]
[monotone_constraints_method: basic]
[monotone_penalty: 0]
[feature_contri: ]
[forcedsplits_filename: ]
[refit_decay_rate: 0.9]
[cegb_tradeoff: 1]
[cegb_penalty_split: 0]
[cegb_penalty_feature_lazy: ]
[cegb_penalty_feature_coupled: ]
[path_smooth: 0]
[interaction_constraints: ]
[verbosity: -1]
[saved_feature_importance_type: 0]
[use_quantized_grad: 0]
[num_grad_quant_bins: 4]
[quant_train_renew_leaf: 0]
[stochastic_rounding: 1]
[linear_tree: 0]
[max_bin: 255]
[max_bin_by_feature: ]
[min_data_in_bin: 3]
[bin_construct_sample_cnt: 200000]
[data_random_seed: 1]
[is_enable_sparse: 1]
[enable_bundle: 1]
[use_missing: 1]
[zero_as_missing: 0]
[feature_pre_filter: 1]
[pre_partition: 0]
[two_round: 0]
[header: 0]
[label_column: ]
[weight_column: ]
[group_column: ]
[ignore_column: ]
[categorical_feature: ]
[forcedbins_filename: ]
[precise_float_parser: 0]
[parser_config_file: ]
[objective_seed: 5]
[num_class: 1]
[is_unbalance: 0]
[scale_pos_weight: 1]
[sigmoid: 1]
[boost_from_average: 1]
[reg_sqrt: 0]
[alpha: 0.9]
[fair_c: 1]
[poisson_max_delta_step: 0.7]
[tweedie_variance_power: 1.5]
[lambdarank_truncation_level: 30]
[lambdarank_norm: 1]
[label_gain: ]
[lambdarank_position_bias_regularization: 0]
[eval_at: ]
[multi_error_top_k: 1]
[auc_mu_weights: ]
[num_machines: 1]
[local_listen_port: 12400]
[time_out: 120]
[machine_list_filename: ]
[machines: ]
[gpu_platform_id: -1]
[gpu_device_id: -1]
[gpu_device_id_list: ]
[gpu_use_dp: 0]
[num_gpu: 1]

end of parameters

pandas_categorical:null
