tree
version=v4
num_class=1
num_tree_per_iteration=1
label_index=0
max_feature_idx=15
objective=binary sigmoid:1
feature_names=Column_0 Column_1 Column_2 Column_3 Column_4 Column_5 Column_6 Column_7 Column_8 Column_9 Column_10 Column_11 Column_12 Column_13 Column_14 Column_15
feature_infos=[0:100] [0:100] [0:100] [0:100] [0:100] [0:1] [0:9] [0:94.206497192382812] [0:100] [0:100] [-1:1] [-1:1] [0:1] [0:3] [0:1] [0:1]
tree_sizes=3430 3408 3412 3408 3423 3412 3413 3414 3429 3415 3441 3425 3433 3440 3436 3435 3444 3444 3482 3448 3433 3452 3465 3439 3459 3442 3441 3462 3441 3456 3471 3455 3465 3457 3450 3445 3470 3482 3458 3452 3479 3452 3429 3453 3470 3472 3459 3485 3442 3467 3459 3452 3459 3463 3445 3487 3461 3467 3463 3475 3454 3471 3476 3473 3458 3458 3464 3459 3449 3477 3461 3453 3475 3455 3461 3442 3472 3434 3462 3468 3453 3441 3455 3456 3433 3451 3475 3461 3469 3426 3441 3458 3447 3467 3448 3433 3475 3423 3436 3432 3472 3430 3485 3445 3471 3454 3461 3462 3464 3445 3442 3487 3466 3429 3427 3446 3457 3438 3458 3461 3482 3452 3456 3451 3417 3425 3450 3454 3429 3460 3436 3482 3435 3431 3448 3437 3419 3466 3477 3449 3445 3447 3478 3462 3437 3420 3459 3450 3427 3405

Tree=0
num_leaves=31
num_cat=0
split_feature=9 9 2 14 14 9 1 5 13 2 14 9 5 10 14 10 2 2 2 13 9 5 5 0 5 0 5 2 4 9
split_gain=152143 7560.23 3090.81 2847.42 1772.78 1507.53 512.52 433.636 355.033 213.91 157.879 201.423 131.72 127.198 126.231 214.836 86.0646 78.1221 75.5547 73.4889 121.849 73.0916 68.8001 65.2355 61.0351 54.0422 49.313 36.6247 33.814 31.1612
threshold=65.142410278320327 1.0000000180025095e-35 74.862636566162124 0.41293056309223181 0.54167973995208751 86.855396270751967 69.00656890869142 0.64583334326744091 1.0000000180025095e-35 84.561214447021499 0.55730250477790844 78.886161804199233 0.11805555596947671 -1.0000000180025095e-35 0.48423986136913305 1.0000000180025095e-35 57.804552078247077 41.060766220092781 85.270011901855483 1.0000000180025095e-35 93.583862304687514 0.47222222387790685 0.64583334326744091 48.331480026245124 0.15476191043853763 21.680376052856449 0.15476191043853763 93.40579986572267 38.165266036987312 57.212205886840827
decision_type=2 2 2 2 2 2 2 2 2 2 2 2 2 2 2 2 2 2 2 2 2 2 2 2 2 2 2 2 2 2
left_child=1 2 7 5 14 6 8 21 12 22 11 16 -2 18 29 -16 -5 26 -6 -7 23 -1 -4 -21 -18 -10 -13 -11 -19 -3
right_child=3 4 9 10 13 19 -8 -9 25 27 -12 17 -14 -15 15 -17 24 28 -20 20 -22 -23 -24 -25 -26 -27 -28 -29 -30 -31
leaf_value=-0.22769391258572291 0.075142816029430848 -0.23924043291307304 -0.095969441405588524 -0.13196465240412852 -0.16725182233952812 0.080607602003394757 0.063074747003593917 -0.035471989719424626 -0.1260741172690944 0.032457894209995869 0.079667398931731553 -0.11976788370861489 -0.19794717157657932 0.067661727392072518 -0.20526495356988189 0.050234896800732259 0.057077269736296399 -0.054382198897327531 -0.0072493417318710007 -0.090764585176125803 0.039324762207386205 -0.15504135630860921 -0.0032771891477261367 0.065695937950408012 -0.071156079482624382 -0.21546754711207644 0.060878323410212265 0.067882334190404597 0.070189757043944367 -0.22139684235512375
leaf_weight=487.83412627875805 43.917547941207886 21361.894569039345 81.097744777798653 45.913800120353699 29.694251164793968 157.70392215251923 63.880069732666016 101.30979809165001 49.157709911465645 335.61989761888981 18889.536245167255 23.955026149749756 15.221422865986822 105.05277092754841 188.89536245167255 23.705494627356529 54.397871881723404 14.223296776413916 51.902556657791138 83.093996956944466 364.31602269411087 108.29668071866035 139.23858949542046 21.45971092581749 42.170827284455299 362.07023899257183 16.219548955559731 421.20920979976654 714.1592170894146 645.28851690888405
leaf_count=1955 176 85608 325 184 119 632 256 406 197 1345 75700 96 61 421 757 95 218 57 208 333 1460 434 558 86 169 1451 65 1688 2862 2586
internal_value=-0.086632 -0.223808 -0.0598433 0.0709594 -0.236062 -0.0508167 -0.149548 -0.188491 -0.178424 0.0319771 0.0780986 0.0455707 0.00485383 0.00945823 -0.238125 -0.176776 -0.0417934 0.0617671 -0.0654765 0.0333665 0.0174771 -0.214495 -0.0373938 -0.058651 0.00107873 -0.204782 -0.0468362 0.0521732 0.0677572 -0.238717
internal_weight=45042.4 24081 1674.61 20961.4 22406.4 1160.82 534.247 697.441 470.367 977.165 19800.6 911.04 59.139 186.65 22219.8 212.601 142.482 768.557 81.5968 626.574 468.87 596.131 220.336 104.554 96.5687 411.228 40.1746 756.829 728.383 22007.2
internal_count=180508 96505 6711 84003 89794 4652 2141 2795 1885 3916 79351 3651 237 748 89046 852 571 3080 327 2511 1879 2389 883 419 387 1648 161 3033 2919 88194
is_linear=0
shrinkage=1


Tree=1
num_leaves=31
num_cat=0
split_feature=9 8 2 14 14 9 1 5 13 2 14 9 5 8 14 10 10 2 4 9 13 2 5 9 13 8 5 5 2 9
split_gain=129500 6519.1 2622.14 2398.96 1523.83 1278.68 409.6 372.031 287.847 180.777 133.77 170.948 121.714 120.775 111.548 246.843 107.437 83.8624 69.7589 68.5301 64.7245 64.0028 63.81 62.3522 78.5192 58.176 58.055 52.167 31.4884 31.1357
threshold=65.142410278320327 1.0000000180025095e-35 74.862636566162124 0.41293056309223181 0.54167973995208751 85.201290130615249 74.543037414550795 0.64583334326744091 1.0000000180025095e-35 84.561214447021499 0.55730250477790844 77.232856750488295 0.11805555596947671 43.763412475585945 0.4615586400032044 1.0000000180025095e-35 -1.0000000180025095e-35 57.804552078247077 53.001201629638679 88.687450408935561 1.0000000180025095e-35 85.270011901855483 0.47222222387790685 92.759792327880874 1.0000000180025095e-35 72.298423767089858 0.64583334326744091 0.15476191043853763 92.031745910644545 56.268712997436531
decision_type=2 2 2 2 2 2 2 2 2 2 2 2 2 2 2 2 2 2 2 2 2 2 2 2 2 2 2 2 2 2
left_child=1 2 7 5 14 6 8 22 12 26 11 17 -2 20 -3 29 21 -5 19 -13 -7 -6 -1 24 -15 -10 -4 -19 -11 -16
right_child=3 4 9 10 16 13 -8 -9 25 28 -12 18 -14 23 15 -17 -18 27 -20 -21 -22 -23 -24 -25 -26 -27 -28 -29 -30 -31
leaf_value=-0.1312734221168752 0.14859637780982568 -0.14191615052726672 -0.0085942454794325895 -0.067028006811662086 -0.074564945802877938 0.15396080724907427 0.15044503552559496 0.046990171967440042 -0.12471950883082017 0.10606993932806091 0.15293394929597498 0.0022853093045307614 -0.10828922600585791 0.15401888740212102 -0.12876060384345983 0.12149418292135897 0.14182971423596585 0.13256861198226585 0.15046546274171441 0.11819591328710471 -0.092336582789148663 0.07288859652274414 -0.063207174985407275 0.12886774160996908 0.02858943745062327 -0.033073592737124687 0.076534788363780581 0.0096529091960844936 0.13992958921809417 -0.06798677183526633
leaf_weight=482.46959820389748 42.440894693136215 21569.902772709727 81.063205376267433 36.59046582877636 29.542915925383568 8.9860781729221326 51.448810696601868 101.46808087825775 339.08065670728683 277.17699083685875 18895.002619922161 39.674190253019333 16.352527141571045 47.173408433794975 281.50829926133156 30.150465413928032 105.1296324878931 48.710316494107246 561.78604647517204 184.25074133276939 28.441024079918861 51.99931812286377 107.85057988762856 473.91633574664593 98.924113735556602 50.997102826833725 139.49962583184242 40.448777586221695 480.49868035316467 66.743249654769897
leaf_count=1955 170 87515 325 147 119 36 206 406 1371 1109 75700 159 66 189 1140 121 421 195 2250 738 114 208 434 1897 397 206 558 162 1924 270
internal_value=-4.03487e-05 -0.127726 0.0246892 0.144947 -0.139225 0.0330146 -0.0633608 -0.094515 -0.0878668 0.108988 0.15149 0.121556 0.0771474 0.106357 -0.141161 -0.0981013 0.0883786 0.034953 0.135416 0.0976593 -0.0332017 0.0194659 -0.118838 0.114782 0.0690893 -0.112738 0.0452474 0.0768055 0.127543 -0.117113
internal_weight=44769.2 23805 1670.03 20964.2 22135 1157.76 500.32 691.788 448.871 978.239 19806.5 911.461 58.7934 657.441 21948.3 378.402 186.672 125.75 785.711 223.925 37.4271 81.5422 590.32 620.014 146.098 390.078 220.563 89.1591 757.676 348.252
internal_count=180508 96505 6711 84003 89794 4652 2019 2795 1813 3916 79351 3651 236 2633 89046 1531 748 504 3147 897 150 327 2389 2483 586 1577 883 357 3033 1410
is_linear=0
shrinkage=0.08


Tree=2
num_leaves=31
num_cat=0
split_feature=9 8 2 14 14 9 1 5 10 7 14 9 0 8 14 10 7 5 10 10 8 2 4 5 2 1 3 15 5 7
split_gain=111508 5688.72 2241.36 2063.72 1324.1 1092.45 376.702 322.084 164.615 160.566 118.217 148.094 117.076 103.932 100.172 212.27 97.0689 96.2899 92.434 83.7989 65.0867 63.6627 59.1477 57.1564 54.4055 41.3555 101.028 40.4705 37.4315 33.3707
threshold=65.142410278320327 1.0000000180025095e-35 74.862636566162124 0.41293056309223181 0.54167973995208751 86.576263427734389 74.543037414550795 0.64583334326744091 1.0000000180025095e-35 16.013139724731449 0.55730250477790844 80.151515960693374 86.70682525634767 43.763412475585945 0.4615586400032044 1.0000000180025095e-35 7.7057902812957773 0.11805555596947671 -1.0000000180025095e-35 -1.0000000180025095e-35 75.274856567382827 41.444372177124031 51.787994384765632 0.47222222387790685 88.762622833251967 56.562757492065437 27.475490570068363 1.0000000180025095e-35 0.15476191043853763 16.225119590759281
decision_type=2 2 2 2 2 2 2 2 2 2 2 2 2 2 2 2 2 2 2 2 2 2 2 2 2 2 2 2 2 2
left_child=1 2 7 5 14 6 8 23 17 12 11 16 -4 27 -3 -16 22 -2 24 -18 -10 28 -5 -1 -6 26 -15 -7 -13 -9
right_child=3 4 9 10 18 13 -8 29 20 -11 -12 21 -14 25 15 -17 19 -19 -20 -21 -22 -23 -24 -25 -26 -27 -28 -29 -30 -31
leaf_value=-0.12319581908076771 0.13677048475666681 -0.13355544495268409 0.012986649724847211 -0.081175791611315454 -0.053968155676011646 0.11756949128726948 0.14062739835505356 0.012268930627794399 -0.105570491092654 0.1285680193462688 0.14244635595377911 -0.022235285006359202 0.099612668565641466 0.1271233028514353 -0.10959735596548731 0.1121317886142135 -0.10568436997422845 -0.10119270683364338 0.1318158181003348 0.09153025905517348 0.0026798735897527598 0.13363027112975076 0.11449765766066369 -0.058507686773485806 0.077530826476277445 0.14329708101888242 0.047131521644372718 -0.085118733229711335 0.12828381836371575 0.11120822958848031
leaf_weight=473.33728350698948 33.331556975841522 21104.931748270988 173.99626292288303 11.170351058244703 36.811220303177834 8.388113319873808 56.125266760587692 69.747688472270966 374.7557177990675 563.99226328730583 18671.314413845539 27.683554291725159 234.31724482774734 262.28835129737854 342.59848141670227 30.056904554367065 39.544807121157646 16.158630415797234 104.10362601280212 21.171831518411636 39.273174196481705 701.05792686343193 86.038765087723732 107.21816179156303 44.452102839946747 166.68933689594269 164.37546096742153 25.383034750819206 17.108586445450783 31.74894779920578
leaf_count=1955 135 87515 698 45 149 34 227 279 1538 2273 75700 111 945 1057 1410 121 159 66 421 85 159 2835 347 434 178 672 662 102 69 127
internal_value=-6.75691e-05 -0.120072 0.0229166 0.134968 -0.130992 0.0306604 -0.0551175 -0.0882627 -0.0788193 0.100906 0.141079 0.112821 0.0626984 0.101737 -0.132829 -0.0917136 0.0424444 0.0590751 0.0819039 -0.0369158 -0.0953023 0.127722 0.0920127 -0.111249 0.0179635 0.109507 0.0963059 -0.0347748 0.0352563 0.0432179
internal_weight=44039.2 23317.3 1654.36 20721.9 21663 1146.77 519.644 682.052 463.519 972.306 19575.1 903.776 408.314 627.124 21477.6 372.655 157.926 49.4902 185.367 60.7166 414.029 745.85 97.2091 580.555 81.2633 593.353 426.664 33.7711 44.7921 101.497
internal_count=180508 96505 6711 84003 89794 4652 2125 2795 1898 3916 79351 3651 1643 2527 89046 1531 636 201 748 244 1697 3015 392 2389 327 2391 1719 136 180 406
is_linear=0
shrinkage=0.08


Tree=3
num_leaves=31
num_cat=0
split_feature=9 8 4 4 9 9 1 5 13 8 9 4 4 9 1 7 3 9 13 5 8 10 7 7 13 4 9 4 10 3
split_gain=96896.2 4945.3 1818.2 1482.69 951.238 848.633 947.885 401.591 199.867 124.658 115.661 358.029 108.382 74.3493 158.255 63.8323 62.2381 61.9534 72.018 59.7112 56.9931 46.1976 45.6863 43.3219 42.468 40.5571 89.9659 40.0801 38.539 29.7894
threshold=66.846843719482436 1.0000000180025095e-35 76.253131866455092 45.308176040649421 86.576263427734389 61.348484039306648 77.694858551025405 0.64583334326744091 1.0000000180025095e-35 45.009225845336921 56.268712997436531 76.833633422851577 87.939392089843764 71.465583801269545 80.810150146484389 16.460883140563968 64.89996719360353 92.759792327880874 1.0000000180025095e-35 0.47222222387790685 79.373264312744155 1.0000000180025095e-35 16.225119590759281 8.3003315925598162 1.0000000180025095e-35 53.001201629638679 84.756988525390639 61.938297271728523 -1.0000000180025095e-35 71.010189056396499
decision_type=2 2 2 2 2 2 2 2 2 2 2 2 2 2 2 2 2 2 2 2 2 2 2 2 2 2 2 2 2 2
left_child=1 2 7 4 8 10 16 19 23 24 -3 -12 15 14 29 -4 -7 18 -11 -1 -10 -18 -9 -2 -6 26 -15 -8 -13 -5
right_child=3 5 12 13 9 6 27 22 20 17 11 28 -14 25 -16 -17 21 -19 -20 -21 -22 -23 -24 -25 -26 -27 -28 -29 -30 -31
leaf_value=-0.11441296432334008 0.13525452013683301 -0.12673936418853859 0.01944309346256164 -0.058155155763321996 0.13710856867378612 -0.12054846334167323 -0.087933632783019008 0.01474917483562813 -0.1040628457724504 0.1378091556278416 -0.1156539709235852 0.012951974492925008 0.11497418370929725 0.012099139905412884 0.12647683179825786 0.09846599988763205 -0.069307942315469287 0.11039748186036864 -0.001341829481789851 -0.051034984539230333 0.033995035013237987 0.10566923557878466 0.11013296156708609 -0.040581078555018149 -0.090618154017639688 0.13404986835836616 0.12316867052416497 0.12634531141390434 0.12263836523953296 0.048734137971194046
leaf_weight=469.82241947948933 32.161079525947571 20091.224339470267 148.89848285913467 40.034462153911591 6.3128664195537558 270.45863249897957 5.7606438547372809 86.409238904714584 289.08115726709366 35.267358094453812 524.78324101865292 44.356703564524651 638.5441876500845 53.726359590888023 208.05449053645134 116.6900065690279 36.63736318051815 515.54792414605618 73.233058780431747 119.29671886563301 20.493962273001671 13.113284826278685 51.168846920132637 12.434782728552817 30.867275282740593 18426.547317132354 355.52944068610668 184.93646256625652 38.118939459323883 28.613116756081581
leaf_count=1987 132 85784 600 165 26 1145 24 346 1206 145 2229 181 2613 221 861 473 152 2110 294 485 83 54 207 51 125 76310 1464 761 157 117
internal_value=-8.65781e-05 -0.112863 0.0213811 0.127887 0.0336862 -0.123186 -0.0213301 -0.0728395 -0.0721138 0.0903553 -0.1257 -0.0913019 0.0971109 0.132892 0.0917243 0.0541629 -0.105422 0.0988338 0.0438883 -0.101579 -0.0949234 -0.0231874 0.0502249 0.0862258 -0.0519521 0.133497 0.108588 0.119872 0.0636473 -0.0136024
internal_weight=42968.1 22840.2 1630.83 20127.9 1015.4 21209.4 510.906 726.697 354.171 661.228 20698.5 607.259 904.133 19112.5 276.702 265.588 320.209 624.048 108.5 589.119 309.575 49.7506 137.578 44.5959 37.1801 18835.8 409.256 190.697 82.4756 68.6476
internal_count=180508 97198 6711 83310 4172 90487 2136 3025 1472 2700 88351 2567 3686 79138 1143 1073 1351 2549 439 2472 1289 206 553 183 151 77995 1685 785 338 282
is_linear=0
shrinkage=0.08


Tree=4
num_leaves=31
num_cat=0
split_feature=9 9 2 14 1 9 13 5 2 14 10 14 9 10 13 9 7 1 2 7 6 2 3 5 7 14 6 1 9 9
split_gain=84805.5 4392.6 1680.24 1630.69 1300.49 744.104 229.311 191.487 174.937 115.025 207.59 81.1083 151.443 80.5813 74.0723 91.3073 67.3236 66.6549 53.1134 48.9113 49.0902 43.0061 43.3347 42.2491 38.5243 37.3731 33.2839 31.6665 35.0696 29.6973
threshold=66.846843719482436 1.0000000180025095e-35 72.377109527587905 0.54167973995208751 56.562757492065437 86.855396270751967 1.0000000180025095e-35 0.64583334326744091 83.047893524169936 0.4615586400032044 1.0000000180025095e-35 0.55730250477790844 77.232856750488295 -1.0000000180025095e-35 1.0000000180025095e-35 92.60501861572267 16.013139724731449 84.273937225341811 85.270011901855483 16.080695152282718 1.5000000000000002 22.401432991027836 59.611795425415046 0.47222222387790685 7.7057902812957773 0.21410977840423587 2.5000000000000004 69.00656890869142 90.440322875976577 56.268712997436531
decision_type=2 2 2 2 2 2 2 2 2 2 2 2 2 2 2 2 2 2 2 2 2 2 2 2 2 2 2 2 2 2
left_child=1 2 7 9 5 6 -2 23 16 -3 29 12 17 18 -7 25 -4 24 -5 20 -10 -8 -23 -1 -6 -16 -18 28 -14 -11
right_child=4 3 8 13 11 14 21 -9 19 10 -12 -13 27 -15 15 -17 26 -19 -20 -21 -22 22 -24 -25 -26 -27 -28 -29 -30 -31
leaf_value=-0.11205442700133045 0.10513454025345478 -0.12088978357325486 -0.008551936686609066 -0.051773619947922386 0.034507566816329063 0.13071474203226183 -0.013914636563771102 0.033768864946087558 0.11523446070218832 -0.10799914213608564 0.10771277104709837 0.12714252728110878 0.052854757483157495 0.1206954486573404 0.092284885076268766 0.084940835126676911 0.12178667473246348 0.12687585189622189 0.071158388105322171 0.11871402359194225 0.048745491579104683 -0.10241127530107702 0.12884539955530952 -0.053611171578593943 -0.062164798888322333 -0.03432460089219725 0.015419986818744673 0.12800509275392705 0.11410309334381971 -0.050237991518694083
leaf_weight=436.49029947817326 46.454536139965057 19856.591909438372 149.66089841723442 34.613469809293747 74.52761247754097 161.90555433928967 45.889485403895378 76.657165437936783 123.53170475363731 261.79761320352554 35.621994063258171 17611.738994553685 87.251222416758537 153.74487152695656 19.169538646936417 373.87791383266449 50.536986649036407 34.605789259076118 64.237966701388359 470.52807368338108 167.33886966109276 259.83158886432648 5.2915500104427329 96.702562287449837 40.838639631867409 67.329977199435234 30.007402241230011 549.25409290194511 190.37664704024792 72.811021894216537
leaf_count=1905 194 87843 605 143 310 680 192 308 510 1140 145 75103 364 649 77 1554 206 145 262 1967 691 1107 22 397 166 273 122 2323 800 305
internal_value=-0.000100227 -0.107565 0.0200328 -0.117543 0.121163 0.0313309 -0.0606558 -0.0844575 0.0842957 -0.120066 -0.0758847 0.125898 0.10346 0.0844641 0.0841722 0.0678041 0.0231861 0.0294967 0.028113 0.102772 0.0769831 -0.0854191 -0.0977957 -0.101455 0.000286399 -0.00626612 0.082159 0.116875 0.0948543 -0.0954303
internal_weight=41649.2 22080.9 1601.45 20479.4 19568.3 979.75 357.467 609.85 991.604 20226.8 370.231 18588.6 976.854 252.596 622.283 460.377 230.205 149.972 98.8514 761.399 290.871 311.013 265.123 533.193 115.366 86.4995 80.5444 826.882 277.628 334.609
internal_count=180508 97198 6711 90487 83310 4099 1515 2610 4101 89433 1590 79211 4108 1054 2584 1904 933 621 405 3168 1201 1321 1129 2302 476 350 328 3487 1164 1445
is_linear=0
shrinkage=0.08


Tree=5
num_leaves=31
num_cat=0
split_feature=9 8 4 2 9 14 13 5 2 8 9 9 1 8 7 14 13 7 7 9 13 13 6 5 2 2 2 2 6 7
split_gain=74689.3 3984.51 1460.99 1456.79 999.389 920.241 187.285 169.255 155.627 113.745 90.6617 72.3765 146.28 67.5353 59.5443 56.5768 55.9019 51.5292 47.875 46.1508 54.9095 44.9132 40.3379 39.8252 39.3697 39.2466 35.2893 34.9731 29.7906 26.6584
threshold=65.142410278320327 1.0000000180025095e-35 49.018096923828132 72.377109527587905 86.855396270751967 0.52628514170646679 1.0000000180025095e-35 0.64583334326744091 82.637680053710952 45.009225845336921 56.268712997436531 71.465583801269545 79.743591308593764 72.298423767089858 8.3003315925598162 0.4615586400032044 1.0000000180025095e-35 16.013139724731449 16.080695152282718 92.759792327880874 1.0000000180025095e-35 1.0000000180025095e-35 1.5000000000000002 0.47222222387790685 88.273490905761733 26.158231735229496 81.872947692871108 76.689495086669936 2.5000000000000004 7.7057902812957773
decision_type=2 2 2 2 2 2 2 2 2 2 2 2 2 2 2 2 2 2 2 2 2 2 2 2 2 2 2 2 2 2
left_child=1 3 4 7 6 15 14 23 17 16 24 12 27 -8 -2 -3 -6 -5 22 20 -11 -17 -10 -1 -7 -15 -12 29 -19 -4
right_child=2 5 11 8 9 10 13 -9 18 19 26 -13 -14 25 -16 21 -18 28 -20 -21 -22 -23 -24 -25 -26 -27 -28 -29 -30 -31
leaf_value=-0.10694138808240444 0.1215033905059047 -0.11612271895142057 0.013825556009190667 -0.0077717802042785583 0.11772449029535388 -0.11248848112123731 -0.10251746336515688 0.031130482386176311 0.10559647220831102 0.12271702541627801 -0.00024264617064984162 0.12110599666001144 0.1123868784157971 0.072761809993963214 -0.045365898069276246 -0.08806135469197475 -0.089555573015701564 0.1142117797763794 0.11224279535271325 0.10123970165864396 0.00921568521133387 0.063054338591290476 0.045263161812859352 -0.049800393576688674 0.035584516611802799 -0.058087564908419473 0.096102004997960538 0.10850771698047845 0.0087886928940895948 -0.087316943558974625
leaf_weight=421.39046196639538 39.805147007107735 18991.036045745015 35.271600514650345 145.88976342976093 11.025622263550757 26.053390577435493 315.50466194748878 76.507890209555626 123.07277417182922 41.081866800785065 29.57444179058075 17503.07396119833 273.71762725710869 22.408061906695366 20.856580793857574 296.4114453047514 34.022042199969292 45.571725785732269 464.1222411096096 604.83210720121861 81.189411535859108 13.145589619874952 167.37010514736176 95.811622813344002 20.561169400811195 42.484271436929703 137.24734944105148 13.195016443729399 27.511075541377068 31.638036116957664
leaf_count=1905 170 87515 147 590 48 113 1385 308 519 179 125 77272 1199 92 87 1318 139 189 1994 2591 329 54 697 397 87 178 582 56 112 131
internal_value=-0.000110264 -0.103886 0.11461 0.0188388 0.0296585 -0.113743 -0.0664125 -0.0799276 0.0790713 0.084535 0.0514604 0.120382 0.0845598 -0.0872302 0.0641308 -0.11557 -0.0388228 0.0196956 0.096302 0.0921777 0.0473509 -0.0816441 0.0708289 -0.096356 -0.0471751 -0.0129038 0.0790219 -0.0105253 0.0745266 -0.0339994
internal_weight=40151.4 21081.3 19070.1 1567.25 1213.21 19514 441.059 593.71 973.538 772.151 213.436 17856.9 353.822 380.397 60.6617 19300.6 45.0477 218.973 754.565 727.103 122.271 309.557 290.443 517.202 46.6146 64.8923 166.822 80.1047 73.0828 66.9096
internal_count=180508 96505 84003 6711 5198 89794 1912 2610 4101 3286 907 78805 1533 1655 257 88887 187 891 3210 3099 508 1372 1216 2302 200 270 707 334 301 278
is_linear=0
shrinkage=0.08


Tree=6
num_leaves=31
num_cat=0
split_feature=9 8 4 1 14 9 4 13 5 5 9 1 8 9 14 8 0 3 15 9 8 7 5 7 4 9 6 13 13 14
split_gain=66095.6 3584.19 1325.44 1235.05 825.738 744.255 171.208 139.19 112.042 104.02 103.311 185.593 91.6643 78.26 55.6648 50.5787 48.7784 46.2823 100.178 39.8538 42.5376 38.4573 36.4726 35.819 35.783 71.4214 30.8269 30.013 29.3877 25.9282
threshold=65.142410278320327 1.0000000180025095e-35 45.308176040649421 81.754161834716811 0.52628514170646679 86.576263427734389 83.910789489746108 1.0000000180025095e-35 0.64583334326744091 0.77500000596046459 71.465583801269545 79.743591308593764 45.009225845336921 56.268712997436531 0.4615586400032044 72.298423767089858 25.176055908203129 25.19841289520264 1.0000000180025095e-35 52.467130661010749 36.854232788085945 8.3003315925598162 0.31666667759418493 16.080695152282718 53.001201629638679 87.540847778320327 1.5000000000000002 1.0000000180025095e-35 1.0000000180025095e-35 0.49870374798774725
decision_type=2 2 2 2 2 2 2 2 2 2 2 2 2 2 2 2 2 2 2 2 2 2 2 2 2 2 2 2 2 2
left_child=1 3 5 9 14 7 8 21 -5 22 11 29 27 -6 -3 -9 -17 -14 -19 -16 -21 -2 -1 26 25 28 -8 -7 -12 -4
right_child=2 4 10 6 13 12 23 15 -10 -11 24 -13 17 -15 19 16 -18 18 -20 20 -22 -23 -24 -25 -26 -27 -28 -29 -30 -31
leaf_value=-0.11025994003953395 0.11538655842949126 -0.11196902754444656 -0.051819248086647673 -0.038762925580650649 -0.044157088878607829 0.11887416793973758 0.10274912049579139 -0.099392278329814371 0.060915180944059108 0.063540241293323266 0.081962062192825272 0.10708937750307782 0.10834785699757964 0.074029156513871 -0.098755545444913329 0.088483908123665425 -0.068689982075223727 0.10211448642407804 0.014781232052616975 0.10987730632939745 -0.055204492492301943 -0.046016315847267564 -0.067567746351138436 0.10793507143997333 0.11646091315500141 0.10796086039380381 0.046867133659476805 -0.080935340998861668 -0.024766837070339318 0.03728811580028351
leaf_weight=236.90651145577431 30.604622885584831 18154.142065063119 64.60448457300663 120.15465058386326 45.894424319267273 5.7147880941629401 108.41182903945446 278.90532533824444 180.72145311534405 31.071287617087364 27.496937736868858 264.92181837558746 246.05793358385563 163.97054167091846 195.07762584090233 18.871799424290657 38.25106406211853 186.65747286379337 152.93438614904881 11.1643740683794 94.949487492442131 13.667042642831801 278.77553561329842 422.24038937687874 16596.478385046124 310.06651990115643 151.41859491169453 30.430196344852448 41.327538132667542 30.892471298575401
leaf_count=1111 136 87515 275 520 200 26 471 1269 743 131 118 1202 1074 707 903 77 162 829 646 49 420 57 1224 1873 76310 1393 638 125 174 130
internal_value=-0.000118068 -0.0999605 0.109835 0.017767 -0.109609 0.0203784 0.0713787 -0.0677786 0.0211088 -0.0786154 0.115006 0.0726224 0.0742967 0.0481835 -0.111403 -0.085346 -0.0167641 0.0819275 0.0627842 -0.0772928 -0.037836 0.0655601 -0.0871807 0.0935538 0.115906 0.0915968 0.0701834 -0.049344 0.0178738 -0.0229938
internal_weight=38532.8 20194.9 18337.9 1529.7 18665.2 1002.09 982.947 380.3 300.876 546.753 17335.8 360.419 621.795 209.865 18455.3 336.028 57.1229 585.65 339.592 301.191 106.114 44.2717 515.682 682.071 16975.4 378.891 259.83 36.145 68.8245 95.497
internal_count=180508 96505 84003 6711 89794 4401 4245 1701 1263 2466 79602 1607 2700 907 88887 1508 239 2549 1475 1372 469 193 2335 2982 77995 1685 1109 151 292 405
is_linear=0
shrinkage=0.08


Tree=7
num_leaves=31
num_cat=0
split_feature=9 8 4 2 9 14 5 7 8 9 2 9 4 2 1 14 0 5 9 15 3 5 9 2 14 7 7 9 6 9
split_gain=58731.9 3243.4 1209.64 1121.23 760.345 745.927 176.089 99.1009 89.7859 81.0815 76.1457 64.4586 120.28 62.2338 59.2728 55.5737 49.0911 45.3239 43.5051 41.6371 83.8795 39.0869 37.8852 46.0651 33.0433 30.0486 29.4333 27.8058 25.1017 23.7569
threshold=65.142410278320327 1.0000000180025095e-35 49.018096923828132 74.862636566162124 86.855396270751967 0.52628514170646679 0.47222222387790685 15.946934223175051 46.82197570800782 78.072010040283217 84.660633087158217 71.465583801269545 74.543037414550795 91.331184387207045 94.804317474365249 0.4615586400032044 25.176055908203129 0.31666667759418493 61.348484039306648 1.0000000180025095e-35 27.475490570068363 0.47222222387790685 56.268712997436531 73.20508193969728 0.58827227354049694 16.561747550964359 7.7057902812957773 54.953443527221687 1.5000000000000002 54.434123992919929
decision_type=2 2 2 2 2 2 2 2 2 2 2 2 2 2 2 2 2 2 2 2 2 2 2 2 2 2 2 2 2 2
left_child=1 3 4 6 9 15 -1 13 -6 21 18 12 24 28 25 29 -11 -18 -7 -10 -21 -2 -17 -24 26 -8 -4 -12 -5 -3
right_child=2 5 11 7 8 10 14 -9 19 16 27 -13 -14 -15 -16 22 17 -19 -20 20 -22 -23 23 -25 -26 -27 -28 -29 -30 -31
leaf_value=-0.097836635212730963 -0.089833965536861488 -0.10906061032123238 0.023933104834492222 0.046435854772477268 -0.02852242334540871 -0.080850590230653177 -0.051205926345071776 0.097357727044895995 0.10313036474873745 0.062347657987980289 -0.017223984779317608 0.11200291252405306 0.10724235899534021 0.083597500084431703 0.059664813488926258 -0.088608123296831334 -0.058189178721677587 0.12089355043101531 0.061726318184657382 0.096173649042202908 0.0162034798560899 0.11989943245399609 -0.080866995467032229 0.05436035581130666 0.095691394592493206 0.047538371260529434 -0.074747448518739143 0.089061762001802672 -0.0062869014527173498 -0.095458724068371151
leaf_weight=402.31070299446583 267.26890896260738 16425.163764834404 41.786485075950623 105.45174778997898 49.510746404528618 39.034430027008057 118.18395882844925 503.92124888300896 335.92228052020073 41.373757883906364 17.947978794574738 16076.214682906866 236.14758861064911 149.92768947780132 60.834831178188324 227.852479159832 93.14456707239151 10.017575815320013 21.101084813475609 206.34864403307438 141.50654284656048 5.8105485886335364 35.454690411686897 29.567008227109909 19.096091195940971 23.674196481704712 36.018800646066666 128.81437303125858 127.88313792645931 865.09195999801159
leaf_count=1955 1247 83174 176 439 213 171 493 2290 1553 181 78 77272 1116 662 249 1088 418 42 90 918 602 24 157 127 89 98 152 568 525 4341
internal_value=-0.000123733 -0.0965153 0.105721 0.0167738 0.0264377 -0.106018 -0.0672018 0.0740399 0.0755089 -0.0597261 0.0449972 0.111281 0.0764456 0.0433811 -0.0063968 -0.107795 -0.0112732 -0.0407993 -0.0308215 0.0830416 0.063642 -0.0853713 -0.0732377 -0.0193757 0.00139419 -0.0347268 -0.0217496 0.0760638 0.0175403 -0.10838
internal_weight=36842.4 19282.2 17560.2 1492.19 1150.9 17790 605.004 887.184 733.288 417.615 206.898 16409.3 333.049 383.263 202.693 17583.1 144.536 103.162 60.1355 683.777 347.855 273.079 292.874 65.0217 96.9014 141.858 77.8053 146.762 233.335 17290.3
internal_count=180508 96505 84003 6711 5198 89794 2795 3916 3286 1912 907 78805 1533 1626 840 88887 641 460 261 3073 1520 1271 1372 284 417 591 328 646 964 87515
is_linear=0
shrinkage=0.08


Tree=8
num_leaves=31
num_cat=0
split_feature=9 8 14 1 4 9 13 4 10 5 5 8 14 10 14 9 4 8 9 5 5 8 7 3 4 8 13 7 4 7
split_gain=52372.1 2903.49 1053.19 954.72 925.501 469.69 171.18 142.258 120.259 82.6577 82.4232 72.345 68.846 192.784 67.8764 126.007 66.2037 65.7847 57.5771 49.8004 33.9993 33.9236 31.7242 27.8668 27.6763 27.0373 44.3409 26.9175 26.5333 26.4776
threshold=66.846843719482436 1.0000000180025095e-35 0.52628514170646679 81.754161834716811 45.308176040649421 90.271633148193374 1.0000000180025095e-35 86.319076538085952 -1.0000000180025095e-35 0.77500000596046459 0.64583334326744091 75.766986846923842 0.42627130448818212 1.0000000180025095e-35 0.58827227354049694 77.232856750488295 65.345367431640639 45.74815750122071 60.248685836791999 0.13392857462167743 0.31666667759418493 37.182706832885749 6.9449577331542978 28.759398460388187 78.629974365234389 89.239040374755874 1.0000000180025095e-35 16.225119590759281 65.166835784912124 8.3003315925598162
decision_type=2 2 2 2 2 2 2 2 2 2 2 2 2 2 2 2 2 2 2 2 2 2 2 2 2 2 2 2 2 2
left_child=1 3 12 9 5 6 29 10 18 20 28 -8 -3 19 15 16 -6 -7 21 -14 -1 -4 -18 -13 -20 26 -19 -12 -5 -2
right_child=4 2 8 7 14 17 11 -9 -10 -11 27 23 13 -15 -16 -17 22 25 24 -21 -22 -23 -24 -25 -26 -27 -28 -29 -30 -31
leaf_value=-0.10315776697543461 0.11286308103935143 -0.10547316958321386 0.0913803532252426 -0.086146890048246091 -0.024084291551068598 -0.042744699220352685 -0.085605724522241231 0.087780298843095586 0.10478017821174163 0.056840091917720742 0.027092814801393993 0.066844784040954425 0.059851263665833515 0.089459508531369455 0.10890876856846943 0.099814266945591118 0.11347989200322717 0.11341696160286129 -0.037705438387170283 -0.09393160598956922 -0.060556875986132068 -0.078857695779719864 0.0058581744970030783 -0.041305768120497285 0.086583522801794918 0.096828570272181835 0.036226809652782931 0.083912475573460696 -0.0049620260508465323 -0.013496957731852582
leaf_weight=216.9781209230423 44.016093745827675 16174.318285748363 8.6740792542695981 35.182025656104088 87.243276625871658 29.693394631147385 257.3591033667326 591.51808425784111 144.95352414250374 30.177739560604095 113.61272956430912 29.672013506293297 13.815452083945273 41.020403280854225 14649.534692406654 895.33107517659664 51.99709714949131 68.080068096518517 15.547531902790068 550.32409259676933 267.97804863750935 54.948701724410057 26.444791942834854 31.366591304540634 43.680967822670937 272.01030793786049 158.54034760594368 100.6166630834341 96.249938502907753 13.985069632530211
leaf_count=1111 207 86205 37 166 378 126 1222 2757 686 131 460 121 66 182 73996 4397 249 328 65 2811 1224 242 118 132 193 1264 712 447 415 60
internal_value=-0.000128585 -0.0927192 -0.10197 0.0158648 0.102963 0.024283 -0.044008 0.0639539 0.0554269 -0.0716233 0.0231807 -0.0670344 -0.104482 -0.0779898 0.107494 0.0879545 0.0238667 0.0729362 -0.00280552 -0.0901656 -0.0796173 -0.0556481 0.0771978 0.0112682 0.0539576 0.079825 0.0594159 0.0537792 -0.0266938 0.0823955
internal_weight=35114.9 18499.6 17047.3 1452.31 16615.3 904.723 376.399 937.179 267.805 515.134 345.661 318.398 16779.5 605.16 15710.6 1061.02 165.685 528.324 122.851 564.14 484.956 63.6228 78.4419 61.0386 59.2285 498.631 226.62 214.229 131.432 58.0012
internal_count=180508 97198 90487 6711 83310 4172 1742 4245 1223 2466 1488 1475 89264 3059 79138 5142 745 2430 537 2877 2335 279 367 253 258 2304 1040 907 581 267
is_linear=0
shrinkage=0.08


Tree=9
num_leaves=31
num_cat=0
split_feature=9 8 4 2 14 9 1 13 8 13 6 2 7 7 9 4 14 9 2 7 8 2 6 6 9 0 2 13 2 9
split_gain=46850.4 2689.83 1037.51 874.025 612.72 584.837 172.775 113.511 76.8078 113.187 72.716 61.9818 60.6074 60.5717 59.9103 129.368 56.7419 72.6962 51.486 47.6195 40.443 40.1944 38.3529 36.9615 34.212 32.0661 27.8547 23.7691 23.5281 22.0459
threshold=65.142410278320327 1.0000000180025095e-35 49.018096923828132 79.388423919677749 0.52628514170646679 85.201290130615249 95.69842910766603 1.0000000180025095e-35 89.239040374755874 1.0000000180025095e-35 1.0000000180025095e-35 84.660633087158217 16.080695152282718 16.561747550964359 76.23956680297853 72.04651260375978 0.41936402022838598 56.268712997436531 73.20508193969728 8.3003315925598162 72.298423767089858 57.804552078247077 2.5000000000000004 1.5000000000000002 61.348484039306648 25.176055908203129 91.458969116210952 1.0000000180025095e-35 66.312053680419936 54.953443527221687
decision_type=2 2 2 2 2 2 2 2 2 2 2 2 2 2 2 2 2 2 2 2 2 2 2 2 2 2 2 2 2 2
left_child=1 3 5 6 16 7 13 19 9 -7 -11 24 23 28 15 21 -3 27 -19 -2 -9 -4 -15 -5 -6 -22 -25 -18 -1 -13
right_child=2 4 14 12 11 8 -8 20 -10 10 -12 29 -14 22 -16 -17 17 18 -20 -21 25 -23 -24 26 -26 -27 -28 -29 -30 -31
leaf_value=-0.086373012609713348 0.10870985848843452 -0.10287511525073356 -0.038726622022031948 0.079676736094178413 -0.074866204911804263 0.10916494531600623 0.050672116759388611 -0.088925948430457799 0.094383165882089504 -0.0022441495092079241 0.11313519254069233 -0.014919924552812602 0.09398649414983816 0.081205660444571073 0.10555350426211753 0.10010751023849418 -0.09258577944297007 -0.058979853788448118 0.060996395741720513 -0.050106280119325421 0.085042748869725265 0.047669619082411283 -0.06217789804803573 -0.0040452682378475067 0.053584950121465261 -0.05294062688730751 0.058456617211448382 0.020385163036381222 -0.048612667749680892 0.080891412361417989
leaf_weight=379.04609537124634 33.214549362659454 15165.105487108231 56.421374604105949 135.31391897797585 37.602045610547066 113.74650396406651 91.025563910603523 265.50199368596077 324.5105721950531 239.88617087900639 40.922170653939247 17.588323399424553 428.83431097865105 26.951011851429939 14224.956236034632 488.30043601989746 541.14189226925373 63.563600301742554 35.776104047894478 18.992124125361443 15.454117044806479 88.553226292133331 21.435076788067818 99.61978942155838 20.50792969763279 35.629423454403877 84.209779724478722 12.188011512160299 146.39522098004818 121.86520180106163
leaf_count=1944 155 85406 246 616 171 572 384 1335 1574 1057 202 78 2105 120 75591 2556 2947 316 162 82 63 412 93 417 90 158 382 56 650 568
internal_value=-0.000132091 -0.0907976 0.0989601 0.015018 -0.100132 0.0235453 -0.0517224 -0.0583604 0.065553 0.0418409 0.0145701 0.039882 0.0743413 -0.0679651 0.104482 0.0804056 -0.101881 -0.0787847 -0.0157717 0.0509346 -0.0763838 0.0140458 0.0176866 0.047944 -0.0295338 -0.011197 0.024586 -0.0900974 -0.0758525 0.0688074
internal_weight=33374.3 17428.2 15946.1 1412.83 16015.3 1087.86 664.853 368.792 719.065 394.555 280.808 197.564 747.978 573.827 14858.2 633.275 15817.8 652.67 99.3397 52.2067 316.586 144.975 48.3861 319.143 58.11 51.0835 183.83 553.33 525.441 139.454
internal_count=180508 96505 84003 6711 89794 5198 3191 1793 3405 1831 1259 907 3520 2807 78805 3214 88887 3481 478 237 1556 658 213 1415 261 221 799 3003 2594 646
is_linear=0
shrinkage=0.08


Tree=10
num_leaves=31
num_cat=0
split_feature=14 8 14 2 14 3 5 10 14 5 8 10 7 4 1 8 1 1 3 8 5 6 14 10 5 8 8 2 7 10
split_gain=40262.9 2570.67 2457.97 762.406 346.217 295.428 186.497 128.032 94.0998 206.219 89.4006 82.5025 57.5421 51.7213 51.7188 49.7283 80.5405 38.6208 45.7891 39.4814 38.2999 32.772 31.8347 47.3541 59.8914 27.5697 24.8942 23.8708 23.7634 27.2694
threshold=0.48423986136913305 66.501647949218764 1.0000000180025095e-35 79.388423919677749 0.55730250477790844 76.533164978027358 0.64583334326744091 1.0000000180025095e-35 0.41936402022838598 0.11805555596947671 75.274856567382827 1.0000000180025095e-35 16.080695152282718 52.419982910156257 78.08689117431642 52.352506637573249 86.72955703735353 61.651582717895515 27.475490570068363 89.485702514648452 0.47222222387790685 1.5000000000000002 0.61794880032539379 -1.0000000180025095e-35 0.15476191043853763 36.402156829833991 33.809621810913093 46.049896240234382 8.3003315925598162 -1.0000000180025095e-35
decision_type=2 2 2 2 2 2 2 2 2 2 2 2 2 2 2 2 2 2 2 2 2 2 2 2 2 2 2 2 2 2
left_child=1 2 3 6 5 27 20 26 15 13 14 -11 21 -10 -3 -4 -17 18 -12 -20 -1 -5 23 24 -6 -26 -7 -2 -29 -30
right_child=4 10 8 12 22 7 -8 -9 9 11 17 -13 -14 -15 -16 16 -18 -19 19 -21 -22 -23 -24 -25 25 -27 -28 28 29 -31
leaf_value=-0.084436038439900274 0.012903842148265185 -0.0093557035086169194 -0.099604289401270432 0.075188435658774921 0.1045130974394531 0.061244575878453729 0.029462627896749721 0.10692864426141867 -0.045596915261085426 -0.0932469339313865 0.088389531665753363 0.068693451279419421 0.09031220062687853 0.084502602910532118 0.10317608049344665 -0.081197593610530708 0.11400891616956688 0.10337136595665693 -0.005628313271486508 0.070115160193762502 -0.032919475325363913 0.022847167979249485 0.10316646306048259 0.098530689546909314 0.11878121112859912 -0.021151910882384294 -0.068400883451302449 0.09589807985318341 -0.05279013645649256 0.091009154320530222
leaf_weight=380.57529358565807 28.657503098249435 140.38495956361294 14059.034983634949 132.05625739693642 57.330344676971436 10.031537607312201 150.96978266537189 34.445381939411163 28.292872548103333 472.62349532544613 189.6002179980278 21.030233934521675 411.3032810986042 63.337083861231804 32.118481382727623 643.74910050630569 13.817475691437719 222.50751176476479 89.264783397316933 86.939995497465134 121.95724056661129 182.17055068910122 13161.910276174545 319.00480039417744 10.367843851447104 68.852841958403587 172.09850507974625 308.84396715462208 15.511091187596319 18.513839408755302
leaf_count=2062 138 688 83665 616 320 48 631 152 130 2695 922 100 2105 325 171 3636 75 1195 403 416 529 799 73885 1747 47 332 856 1661 70 89
internal_value=-0.000134759 -0.0815693 -0.0881285 0.0141663 0.0998514 0.0397539 -0.0485095 -0.0345104 -0.0973475 -0.0658894 0.0622403 -0.0863481 0.0706199 0.0443314 0.0115966 -0.0985986 -0.0770957 0.0770899 0.0611038 0.0317438 -0.0719337 0.044844 0.102447 0.0816556 0.0422326 -0.00283845 -0.0612601 0.0830451 0.0889076 0.0254548
internal_weight=31647.3 17441.7 16680.9 1379.03 14205.6 588.102 653.502 216.575 15301.9 585.284 760.816 493.654 725.53 91.63 172.503 14716.6 657.567 588.313 365.805 176.205 502.533 314.227 13617.5 455.556 136.551 79.2207 182.13 371.526 342.869 34.0249
internal_count=180508 101163 97368 6742 79345 3014 3222 1056 90626 3250 3795 2795 3520 455 859 87376 3711 2936 1741 819 2591 1415 76331 2446 699 379 904 1958 1820 159
is_linear=0
shrinkage=0.08


Tree=11
num_leaves=31
num_cat=0
split_feature=9 8 4 2 9 9 4 5 2 13 10 9 13 8 9 4 8 7 7 10 5 8 6 2 5 1 5 0 7 5
split_gain=37846 2289.05 999.233 672.266 517.569 187.436 317.186 109.936 97.3647 90.0651 86.7582 74.5309 88.9037 66.053 65.9401 134.356 52.9091 49.4252 40.2941 37.7896 72.5197 35.682 32.75 32.4229 31.9352 30.0803 25.9869 24.8061 22.6276 22.6228
threshold=63.847667694091804 1.0000000180025095e-35 49.018096923828132 72.377109527587905 83.377899169921889 56.268712997436531 63.702239990234382 0.47222222387790685 87.20676422119142 1.0000000180025095e-35 -1.0000000180025095e-35 95.256843566894545 1.0000000180025095e-35 80.079364776611342 76.23956680297853 72.04651260375978 37.529342651367195 6.870572805404664 16.013139724731449 -1.0000000180025095e-35 0.11805555596947671 41.961164474487312 2.5000000000000004 57.321428298950202 0.31666667759418493 94.804317474365249 0.47222222387790685 21.680376052856449 15.632611751556398 0.64583334326744091
decision_type=2 2 2 2 2 2 2 2 2 2 2 2 2 2 2 2 2 2 2 2 2 2 2 2 2 2 2 2 2 2
left_child=1 3 4 7 9 -3 -7 -1 18 17 16 12 -6 -14 15 19 -8 -2 -5 20 -4 -13 -20 -21 27 -9 -19 -11 29 -10
right_child=2 5 14 8 11 6 10 25 28 24 -12 21 13 -15 -16 -17 -18 26 22 23 -22 -23 -24 -25 -26 -27 -28 -29 -30 -31
leaf_value=-0.087149149322965372 0.11407444947612469 -0.098097599181512882 0.12900118473184999 -0.00032359625987952485 0.10545447786681514 -0.089154280571624958 0.11998523311042655 -0.027919814409924956 0.098049790222460062 -0.017730558746884506 0.10151659210668063 -0.062927858244516743 -0.044278648258243875 0.047134990230536578 0.10037400651606511 0.095080293605363422 -0.038258557150193877 -0.10031410735338943 0.092064383759935531 -0.012265231715118584 -0.072971621750454907 0.082334857061124173 0.0052936307968737125 0.087772871314336809 0.1270820609897208 0.049185547342981362 0.099655184294797958 -0.087649169262577653 0.090517452641500379 0.037648811461177427
leaf_weight=330.36250877380371 26.799773871898651 13595.708168849349 14.179808795452116 196.78463673591614 66.4556904733181 440.20638287067413 16.218784481287003 119.05525659024715 56.858725935220718 36.977052450180054 77.295171529054642 11.104650363326071 107.22744372487068 95.772407129406929 12730.567476987839 475.85730347037315 81.340694755315781 16.035274147987369 72.689222186803818 35.748686373233795 57.572966039180756 425.67111411690712 45.117331057786942 49.370567068457603 4.8833652287721625 44.478705003857613 5.6157904714345923 266.75158435106277 336.98266226053238 131.40195065736771
leaf_count=1905 129 85784 65 820 353 2677 73 519 279 183 398 48 476 441 75591 2733 384 75 355 163 271 2205 209 247 21 186 24 1456 1815 623
internal_value=-0.000133638 -0.0867385 0.0931822 0.0134698 0.0185422 -0.0961434 -0.0529468 -0.0605939 0.0570257 -0.059954 0.0382076 0.058229 0.0251411 -0.00115101 0.0991212 0.0739141 -0.0119513 0.0414492 0.0218291 0.00970823 -0.0330577 0.0786417 0.0588331 0.0457585 -0.0758739 -0.00694835 -0.0484467 -0.079137 0.0781065 0.0558912
internal_weight=29971.1 15544.5 14426.6 1333.73 1063.29 14210.8 615.061 493.896 839.835 357.063 174.855 706.231 269.456 203 13363.3 632.729 97.5595 48.4508 314.591 156.872 71.7528 436.776 117.807 85.1193 308.612 163.534 21.6511 303.729 525.243 188.261
internal_count=180508 96027 84481 6711 5411 89316 3532 2610 4101 1888 855 3523 1270 917 79070 3479 457 228 1384 746 336 2253 564 410 1660 705 99 1639 2717 902
is_linear=0
shrinkage=0.08


Tree=12
num_leaves=31
num_cat=0
split_feature=9 8 4 1 9 1 9 13 2 9 2 0 2 10 9 2 2 5 1 5 7 8 8 5 2 7 4 4 10 7
split_gain=34079.1 2053.31 696.59 594.817 441.02 401.898 301.474 159.875 106.178 64.8877 180.325 62.2028 60.2471 56.1585 50.5448 100.669 48.8231 45.3265 45.047 45.0001 44.4304 40.6983 30.9705 28.1075 27.9074 27.3749 27.1535 21.8741 20.0269 19.4042
threshold=66.846843719482436 1.0000000180025095e-35 46.543485641479499 81.302967071533217 60.248685836791999 77.694858551025405 92.759792327880874 1.0000000180025095e-35 82.637680053710952 53.368236541748054 73.746868133544936 25.176055908203129 77.836257934570327 1.0000000180025095e-35 77.232856750488295 73.499401092529311 55.338146209716804 0.64583334326744091 86.526824951171889 0.15476191043853763 6.7635083198547372 43.085422515869148 71.03314590454103 0.47222222387790685 93.40579986572267 7.2975258827209482 73.20508193969728 79.784946441650405 1.0000000180025095e-35 8.3003315925598162
decision_type=2 2 2 2 2 2 2 2 2 2 2 2 2 2 2 2 2 2 2 2 2 2 2 2 2 2 2 2 2 2
left_child=1 3 6 12 9 16 7 29 17 -3 27 22 23 -12 15 18 -6 -5 25 -18 -13 -8 -9 -1 -10 -4 28 -11 -7 -2
right_child=2 4 14 8 5 26 21 11 24 10 13 20 -14 -15 -16 -17 19 -19 -20 -21 -22 -23 -24 -25 -26 -27 -28 -29 -30 -31
leaf_value=-0.086005886527347378 0.10410032240443766 -0.096701956840476055 0.02860864547017989 -0.02833873862500226 -0.087981644568085854 -0.049993306812996484 -0.051034208185625013 -0.033406958052532659 0.053455264855071648 -0.090439934558589494 -0.012362019438536724 -0.075785660782867414 0.013960426544292109 0.11676416310740258 0.098115164013700198 0.094220233215546068 0.13501270510991972 0.038313128933905399 0.094199344931056042 -0.041835841497537024 0.11014220140724978 0.07260175985681025 0.067401645107344491 -0.037226658990918253 0.088653536545438921 -0.050342983853891979 0.097953527469240381 0.074209917858988478 0.11039428042802817 0.0077293949241944871
leaf_weight=286.69523745775223 54.701941326260567 12407.345400348306 61.362757384777069 111.34227310121059 232.38649180531502 15.002042323350908 17.740701869130135 43.707272455096245 279.84509389102459 615.62029945850372 82.856921419501305 248.25692629814148 58.450633928179741 29.135895490646362 12018.829431936145 402.72687862813473 11.712234824895857 157.90772877633572 36.925804376602173 43.077438771724701 8.5075462162494642 431.35179197788239 35.222593635320663 102.67824158072472 297.34204635024071 51.861490711569786 141.59534472227097 5.2076885253190985 7.4603171348571768 17.697750970721245
leaf_count=1735 297 83297 291 527 1459 72 77 225 1420 3996 405 1284 256 146 75636 2487 60 682 217 220 39 2283 148 450 1641 242 765 29 38 84
internal_value=-0.000135018 -0.0834965 0.0922695 0.0127875 -0.0926652 -0.0148998 0.0224916 -0.0272782 0.0522357 -0.0953357 -0.0722038 -0.0505321 -0.0617739 0.0212313 0.0970272 0.0733763 -0.071965 0.0107508 0.0174694 -0.00403142 -0.0696252 0.0677177 0.0115791 -0.0731427 0.0715879 -0.00755454 0.0849905 -0.0890588 0.00327546 0.0805429
internal_weight=28314.6 14885.7 13428.9 1294.26 13591.4 451.234 857.187 408.094 846.437 13140.2 732.821 335.694 447.824 111.993 12571.7 552.877 287.176 269.25 150.15 54.7897 256.764 449.092 78.9299 389.373 577.187 113.224 164.058 620.828 22.4624 72.3997
internal_count=180508 97198 83310 6711 90487 2614 4437 2077 4270 87873 4576 1696 2441 551 78873 3237 1739 1209 750 280 1323 2360 373 2185 3061 533 875 4025 110 381
is_linear=0
shrinkage=0.08


Tree=13
num_leaves=31
num_cat=0
split_feature=9 8 14 1 1 9 2 10 13 8 9 0 5 0 13 14 9 2 0 5 2 13 8 5 8 0 2 5 7 7
split_gain=30740.3 1874.61 827.904 580.724 520.774 186.283 96.7226 89.1084 81.2177 81.8792 78.9002 153.563 141.646 74.8491 59.4191 57.4483 72.0723 54.329 46.9899 42.5907 38.5252 30.2059 29.8092 27.6473 27.2325 37.8419 23.278 22.7684 19.3157 18.7225
threshold=68.588039398193374 1.0000000180025095e-35 0.52628514170646679 56.562757492065437 81.302967071533217 82.167320251464858 84.561214447021499 -1.0000000180025095e-35 1.0000000180025095e-35 89.239040374755874 54.434123992919929 65.345367431640639 0.15476191043853763 26.766168594360355 1.0000000180025095e-35 0.61794880032539379 80.151515960693374 77.836257934570327 67.006801605224624 0.64583334326744091 88.762622833251967 1.0000000180025095e-35 38.11738586425782 0.47222222387790685 43.085422515869148 59.611795425415046 93.40579986572267 0.47222222387790685 7.9240460395812997 8.3003315925598162
decision_type=2 2 2 2 2 2 2 2 2 2 2 2 2 2 2 2 2 2 2 2 2 2 2 2 2 2 2 2 2 2
left_child=1 4 10 5 17 14 19 20 -7 13 -3 21 -13 -10 29 16 18 23 27 -6 22 -12 -4 -1 25 -18 -8 -5 -25 -2
right_child=3 2 7 15 6 8 26 -9 9 -11 11 12 -14 -15 -16 -17 24 -19 -20 -21 -22 -23 -24 28 -26 -27 -28 -29 -30 -31
leaf_value=-0.083429375705414782 0.10817040005746373 -0.094889541230303603 0.090571232583222819 -0.031548937457533469 -0.02426074232445774 0.10170932896382065 0.051870372351103811 0.090998843995803005 0.060375397754723024 0.071706173718783808 -0.052685484366211822 0.15525804283930117 -0.038116110676414149 -0.03086747840816511 -0.064072388332830077 0.09674542251188388 -0.083373485075483547 0.012874855135609896 0.071132164729602099 0.037501823422981161 0.043773736034916147 -0.092835499850258574 -0.067683850438386262 0.050459111535681452 0.090168789968443547 0.094745294234053243 0.085680997622410562 0.062361267065490791 -0.048849247999409685 -0.055818263596176712
leaf_weight=272.49130308628082 18.772891744971279 11774.83296328783 8.8703522235155088 69.772243604063988 117.97817979753017 126.8542393296957 241.11842255294323 145.34510211646557 87.252277791500092 170.83914297819138 153.76082874834538 32.659291580319405 94.074316501617432 168.96920755505562 163.54059305787086 10887.840944260359 14.058512479066851 58.314571514725685 94.529553472995758 181.21457909047604 61.42399288713932 544.91981212794781 53.934563547372818 14.64092433452606 737.22370213270187 16.703655064105988 283.61230404675007 21.649843335151672 87.138941034674644 5.842369779944419
leaf_count=1735 98 84166 40 334 559 746 1268 866 410 939 986 165 520 805 919 72994 72 256 557 802 305 3680 263 66 4692 107 1641 107 384 26
internal_value=-0.000137293 -0.0811396 -0.0902456 0.090794 0.0121287 0.0221419 0.0494472 0.0484761 0.0455029 0.0288073 -0.0932134 -0.0693034 0.0117165 0.000203877 -0.0466309 0.0950961 0.0762713 -0.0589499 0.0315833 0.0131475 -0.0012746 -0.0839996 -0.0453324 -0.0701408 0.0870915 0.0133438 0.0701447 -0.00930988 -0.0345638 0.0692481
internal_weight=26710.2 14126.3 12869.8 12583.8 1256.51 742.071 823.923 269.574 553.915 427.061 12600.2 825.414 126.734 256.221 188.156 11841.8 953.938 432.586 185.952 299.193 124.229 698.681 62.8049 374.271 767.986 30.7622 524.731 91.4221 101.78 24.6153
internal_count=180508 97702 90991 82806 6711 3943 4270 1474 2900 2154 89517 5351 685 1215 1043 78863 5869 2441 998 1361 608 4666 303 2185 4871 179 2909 441 450 124
is_linear=0
shrinkage=0.08


Tree=14
num_leaves=31
num_cat=0
split_feature=14 8 14 2 14 10 5 5 14 5 10 8 7 4 4 13 8 4 0 6 8 8 2 7 7 4 2 8 2 7
split_gain=26640.1 1725.41 1781.04 454.885 276.395 196.795 185.937 127.019 80.783 135.82 81.3182 64.4077 55.1731 49.5433 47.9826 46.9344 41.0472 40.837 36.8929 32.4707 27.0961 27.0813 26.405 37.0177 25.5616 23.5302 40.6164 21.148 19.1808 17.5989
threshold=0.48423986136913305 65.78064346313478 1.0000000180025095e-35 79.388423919677749 0.58827227354049694 -1.0000000180025095e-35 0.15476191043853763 0.47222222387790685 0.41293056309223181 0.15476191043853763 1.0000000180025095e-35 79.373264312744155 16.080695152282718 55.036231994628913 60.49571609497071 1.0000000180025095e-35 50.990196228027351 82.426471710205092 22.903981208801273 1.5000000000000002 37.688747406005866 75.766986846923842 45.512083053588874 6.7419090270996103 16.561747550964359 47.413022994995124 25.19841289520264 89.485702514648452 68.042552947998061 6.986377716064454
decision_type=2 2 2 2 2 2 2 2 2 2 2 2 2 2 2 2 2 2 2 2 2 2 2 2 2 2 2 2 2 2
left_child=1 2 3 7 5 6 -2 28 16 14 -11 13 19 15 -10 29 -4 -18 -17 -5 -8 -22 23 -7 -9 26 -13 -28 -1 -3
right_child=4 11 8 12 -6 22 20 24 9 10 -12 25 -14 -15 -16 18 17 -19 -20 -21 21 -23 -24 -25 -26 -27 27 -29 -30 -31
leaf_value=-0.082093323583324815 0.094635104419547353 0.10274544973435693 -0.092394531562337665 0.064234855120633066 0.094686095731705611 -0.09164838512316674 0.026969692272506209 -0.012822078666971465 -0.0304565261579108 -0.084750310786030736 0.074357341562321488 0.084990512252706166 0.079440462236553086 0.081827515136118731 0.086230615966109758 0.055805203419805285 -0.073697070334618434 0.13375918819902252 -0.046874289095627318 0.0099675098340134567 -0.067847780385038733 0.063319636903562668 0.083475820192098857 0.099986994475233154 0.04494546283776843 0.094967800081281931 -0.0095067536939673833 0.052426147856756193 -0.028204695479438231 -0.050250059998016045
leaf_weight=268.69106459617615 80.521530598402023 29.471720010042191 10820.851593628526 119.92386747896671 10548.077907249331 13.49778798222542 26.311328202486038 200.51890014111996 43.687804087996483 445.01645174622536 21.553932026028633 149.86810138821602 349.57654997706413 56.308505013585091 46.622259050607681 28.190797433257103 647.60414665937424 6.1301754117012015 108.93397907912731 171.45209574699402 168.04079712927341 10.716350525617598 382.58569419384003 12.357187315821646 64.886699870228767 148.22119025886059 62.525873854756355 80.996719539165497 50.163972988724709 5.7507345229387274
leaf_count=1797 536 178 82254 616 75098 69 141 866 226 3181 113 858 2105 357 274 133 4480 38 572 799 912 65 2450 74 294 997 292 441 265 27
internal_value=-0.000138412 -0.0740853 -0.0804169 0.0114718 0.0914685 0.0425663 -0.00837868 -0.0395839 -0.0897743 -0.0600181 -0.0774001 0.0511426 0.0580117 0.0166787 0.0297828 -0.00460639 -0.0912185 -0.0717517 -0.0257649 0.0323027 -0.0488277 -0.0599844 0.078188 -5.7724e-05 0.001301 0.0689871 0.0558617 0.025445 -0.0736153 0.077766
internal_weight=25169.1 13926.9 13256.7 1225.21 11242.1 694.031 285.59 584.261 12031.5 556.88 466.57 670.268 640.953 228.656 90.3101 172.347 11474.6 653.734 137.125 291.376 205.068 178.757 408.441 25.855 265.406 441.612 293.391 143.523 318.855 35.2225
internal_count=180508 101163 97308 6742 79345 4247 1654 3222 90566 3794 3294 3855 3520 1267 500 910 86772 4518 705 1415 1118 977 2593 143 1160 2588 1591 733 2062 205
is_linear=0
shrinkage=0.08


Tree=15
num_leaves=31
num_cat=0
split_feature=9 9 4 2 9 14 10 5 2 13 13 5 3 5 9 4 2 5 9 0 5 5 10 5 2 4 5 3 5 3
split_gain=25183.4 1680.07 771.193 400.951 385.522 272.625 101.012 83.4233 81.2852 73.1316 64.0211 85.288 90.7395 55.6595 46.1363 66.2627 38.9457 37.2166 36.794 82.2597 119.802 28.8035 25.63 38.0779 22.267 16.0904 17.0495 16.082 15.986 13.3787
threshold=63.847667694091804 1.0000000180025095e-35 53.001201629638679 72.377109527587905 83.377899169921889 0.49870374798774725 1.0000000180025095e-35 0.47222222387790685 92.031745910644545 1.0000000180025095e-35 1.0000000180025095e-35 0.13392857462167743 25.19841289520264 0.11805555596947671 71.465583801269545 76.028167724609389 90.521114349365249 0.47222222387790685 53.368236541748054 63.224515914916999 0.15476191043853763 0.47222222387790685 -1.0000000180025095e-35 0.13392857462167743 17.467581748962406 86.391696929931655 0.77500000596046459 99.523811340332045 0.47222222387790685 92.718276977539077
decision_type=2 2 2 2 2 2 2 2 2 2 2 2 2 2 2 2 2 2 2 2 2 2 2 2 2 2 2 2 2 2
left_child=1 3 4 7 9 18 16 -1 25 13 -6 12 -12 -2 15 22 -7 24 -3 -20 -21 -15 23 -4 -11 26 -5 -18 -24 -9
right_child=2 5 14 8 10 6 -8 29 -10 17 11 -13 -14 21 -16 -17 27 -19 19 20 -22 -23 28 -25 -26 -27 -28 -29 -30 -31
leaf_value=-0.077528144838046556 0.11674883566868091 -0.092261469764579052 0.13042100023648737 -0.0029833734735478052 0.096818216424496575 -0.060056901479984409 0.10463711115384949 -0.020235741904060908 0.077556040892000022 0.026563903299773553 0.07187408371733349 0.096604149544776613 -0.0032775721510887343 -0.091540029887270932 0.092985328013968194 0.088009670751843988 0.10577009536911718 0.14534078909553741 -0.08514093125855117 0.1562123045183158 -0.051839345277762239 0.076730562228465193 0.010344794670031137 -0.068658878849830962 -0.074528946090602829 0.043378262497270094 0.038591566590355904 0.0014232383829549855 0.10757067490694652 0.029819512503102719
leaf_weight=272.21920341253281 27.164103433489799 10199.075549140573 7.2958465218543997 174.02099178731441 169.90702451765537 97.629402622580528 47.169196963310242 109.7425539791584 309.47506126761436 14.715917780995367 161.56881123781204 135.23310892283916 282.810491964221 21.41515821218491 10062.086665153503 178.71111948788166 11.679471701383589 5.2705718427896491 583.80840458720922 22.234530791640282 87.111832335591316 9.3541676551103574 28.847309142351151 39.114228159189224 265.99140325188637 171.25204832851887 99.067037045955658 49.582881405949593 17.322315394878387 49.627931103110313
leaf_count=1905 145 82963 34 770 1108 541 281 493 1924 75 901 934 1447 109 76310 1247 58 25 4519 116 569 46 140 196 1662 944 463 269 102 212
internal_value=-0.000135769 -0.0796554 0.085347 0.0108729 0.0214568 -0.0893247 0.00183555 -0.0506163 0.046078 -0.0486705 0.0536342 0.0409752 0.0240463 0.0332931 0.0921076 0.0595527 -0.0286825 -0.0652747 -0.0910493 -0.0732138 -0.00953404 -0.0403842 0.00462072 -0.0373627 -0.0692292 0.024154 0.0120986 0.0213166 0.0468228 -0.00464855
internal_weight=23710.5 12283.7 11426.8 1185.4 1093.43 11098.3 206.061 431.59 753.815 343.911 749.519 579.612 444.379 57.9334 10333.4 271.291 158.892 285.978 10892.2 693.155 109.346 30.7693 92.5797 46.4101 280.707 444.34 273.088 61.2624 46.1696 159.37
internal_count=180508 96027 84481 6711 6452 89316 1149 2610 4101 2062 4390 3282 2348 300 78029 1719 868 1762 88167 5204 685 155 472 230 1737 2177 1233 327 242 705
is_linear=0
shrinkage=0.08


Tree=16
num_leaves=31
num_cat=0
split_feature=9 8 4 1 9 14 10 7 13 13 8 7 9 4 10 6 2 9 6 9 4 6 2 2 7 10 2 6 3 8
split_gain=22791.7 1564.38 733.038 368.521 338.719 258.245 89.9988 83.911 64.5892 61.5352 97.4758 51.3407 48.0024 80.7337 40.5058 49.6715 39.8212 38.5795 38.154 37.7906 76.591 90.1575 33.7784 32.32 30.7535 24.3651 20.51 20.2386 46.519 18.4667
threshold=63.847667694091804 1.0000000180025095e-35 53.001201629638679 80.810150146484389 83.377899169921889 0.49870374798774725 1.0000000180025095e-35 16.225119590759281 1.0000000180025095e-35 1.0000000180025095e-35 63.661756515502937 6.870572805404664 77.232856750488295 75.809822082519545 -1.0000000180025095e-35 1.0000000180025095e-35 91.331184387207045 92.759792327880874 1.0000000180025095e-35 53.368236541748054 59.885057449340827 1.0000000180025095e-35 90.521114349365249 77.836257934570327 6.828921079635621 -1.0000000180025095e-35 17.467581748962406 2.5000000000000004 95.488464355468764 37.688747406005866
decision_type=2 2 2 2 2 2 2 2 2 2 2 2 2 2 2 2 2 2 2 2 2 2 2 2 2 2 2 2 2 2
left_child=1 3 4 23 8 19 22 16 11 -6 18 -2 13 14 15 -4 -5 -12 -11 -3 -21 -22 29 -1 26 -13 -10 -9 -29 -7
right_child=2 5 12 7 9 6 -8 27 24 10 17 25 -14 -15 -16 -17 -18 -19 -20 20 21 -23 -24 -25 -26 -27 -28 28 -30 -31
leaf_value=-0.063806940761888836 0.10843233547421541 -0.090997622044393836 0.10818418077039463 0.0014053292748370822 0.094862221490735352 0.031175191311774632 0.10199916904900556 0.089753659187325946 0.024209210534446562 -0.046375747154849586 0.0095732174708748549 -0.082994758873423502 0.091976463164343339 0.087517785843426829 0.056600051026284848 -0.057704582392246968 0.056200442501615371 0.066827273092735548 0.10062536265488436 -0.084075872180678052 0.12267237205084813 -0.048714432438665405 0.019634525125810702 0.0045767268717071723 0.091081585136994991 0.10173548556855763 -0.072537049041524734 -0.044045951996862391 0.068335694754701859 -0.070587624237629557
leaf_weight=326.17320315539837 27.969549283385277 9540.34743591398 14.421598687767981 293.74315179884434 159.94521687924862 13.249177470803259 44.622410327196121 173.17454622685909 14.849587649106978 96.566641002893448 95.127639293670654 22.166967689991001 9157.5907533094287 373.76310487091541 85.500636965036392 58.05385547876358 119.37652802467346 361.7838571369648 12.797558337450026 537.66841661930084 24.738193534314632 95.391389228403568 61.201928436756134 51.172677546739578 8.0984955504536611 5.7561067044734946 252.31213393807411 27.61923411488533 160.91842204332352 82.339988738298416
leaf_count=2143 156 82963 78 1372 1108 69 281 1079 75 457 450 115 74262 2882 501 306 689 2288 87 4428 127 649 327 229 41 29 1646 146 1053 472
internal_value=-0.000137151 -0.078148 0.0837175 0.0102996 0.0204693 -0.0879472 0.00175748 0.0418734 -0.0465833 0.0510449 0.0386686 0.0318228 0.0906196 0.0672519 0.0193039 -0.024695 0.0172391 0.0549071 -0.029174 -0.0897189 -0.0711726 -0.0134209 -0.0267711 -0.0545333 -0.062504 -0.0449142 -0.0671596 0.0700087 0.0518727 -0.0564827
internal_weight=22298.4 11551.7 10746.7 1152.18 1057.37 10399.6 201.414 774.832 331.153 726.221 566.276 55.8926 9689.33 531.739 157.976 72.4755 413.12 456.911 109.364 10198.1 657.798 120.13 156.791 377.346 275.26 27.9231 267.162 361.712 188.538 95.5892
internal_count=180508 96027 84481 6711 6452 89316 1149 4339 2062 4390 3282 300 78029 3767 885 384 2061 2738 544 88167 5204 776 868 2372 1762 144 1721 2278 1199 541
is_linear=0
shrinkage=0.08


Tree=17
num_leaves=31
num_cat=0
split_feature=9 8 4 9 1 1 9 13 2 9 2 7 0 0 5 8 7 10 15 2 5 10 2 9 1 10 7 8 7 5
split_gain=20652.6 1400.19 485.187 415.989 321.989 286.645 190.36 111.819 71.8273 63.0631 131.501 58.1755 52.6437 42.3998 41.7928 40.1518 37.3636 34.3993 25.2481 33.6472 24.3215 23.6913 31.5728 22.8123 42.2447 26.3739 27.8474 20.3247 18.8493 27.0314
threshold=68.588039398193374 1.0000000180025095e-35 53.001201629638679 60.248685836791999 81.302967071533217 77.303031921386733 92.759792327880874 1.0000000180025095e-35 92.031745910644545 53.368236541748054 73.746868133544936 6.7010979652404794 26.766168594360355 48.050632476806648 0.31666667759418493 41.797163009643562 16.225119590759281 1.0000000180025095e-35 1.0000000180025095e-35 26.158231735229496 0.77500000596046459 -1.0000000180025095e-35 76.689495086669936 78.072010040283217 83.75235748291017 -1.0000000180025095e-35 7.2975258827209482 42.674797058105476 6.9152948856353769 0.31666667759418493
decision_type=2 2 2 2 2 2 2 2 2 2 2 2 2 2 2 2 2 2 2 2 2 2 2 2 2 2 2 2 2 2
left_child=1 4 6 9 14 13 7 28 16 -3 -11 12 -9 -5 -1 -8 -6 -12 -17 -20 -16 22 -7 24 25 26 -4 -15 -2 -30
right_child=2 3 23 5 8 21 15 11 -10 10 17 -13 -14 27 20 18 -18 -19 19 -21 -22 -23 -24 -25 -26 -27 -28 -29 29 -31
leaf_value=-0.084989017315943924 0.096431564565151506 -0.089650820493727648 0.08097915995297536 -0.08598622291296637 0.003840015918300532 -0.047459518245799956 -0.063953352998209909 0.014147353817719822 0.072975434328577657 -0.080093974748179683 -0.0058735484731721726 0.09863794984064661 -0.061251884813038844 0.050024984180384681 -0.038880003219107152 0.082748303675128657 0.050465724917398605 0.10329828087903188 0.07532297638412179 0.014488655329248439 0.042509937992200798 0.095467025276123621 0.071511405942319903 0.090755414628997985 0.086963299820224341 0.061762781845936962 -0.057595638984936345 -0.038299209688233388 -0.10263938399443817 0.063741988048813411
leaf_weight=139.49711632728577 56.386917293071747 8964.4756887182593 13.028156653046606 162.17301447689533 292.19399121403694 20.694641016423702 15.770677700638769 80.317381650209427 273.6565135717392 472.99449532479048 77.86045178771019 20.212823323905468 226.09217035770416 20.930812306702137 213.84819966554642 262.18975582718849 176.40338343381882 24.217082887887955 123.13538610935211 110.31924700737 26.398583069443703 105.96505560725927 46.029516011476517 8516.2924238964915 302.21321051567793 65.066394068300724 32.268665067851543 81.99182666093111 8.5054073184728605 23.561109825968742
leaf_count=1109 376 83297 84 1329 1370 104 74 416 1868 4025 405 124 1282 129 1204 1938 1032 146 777 574 128 780 264 73820 2539 426 184 512 44 148
internal_value=-0.000137123 -0.0749755 0.0841476 -0.084504 0.00975636 -0.00825099 0.0290432 -0.0112081 0.0404101 -0.0880034 -0.0623222 -0.0328163 -0.0414879 -0.0604982 -0.05016 0.061712 0.0213923 0.0200266 0.0657105 0.0465757 -0.0299368 0.0719538 0.0346123 0.0898654 0.0714937 0.0291325 -0.0177391 -0.0203372 0.0685821 0.0196106
internal_weight=20954.7 11099.3 9855.36 9977.33 1122 437.785 926.491 415.076 742.254 9539.55 575.072 326.622 306.41 265.096 379.744 511.415 468.597 102.078 495.644 233.455 240.247 172.689 66.7242 8928.87 412.576 110.363 45.2968 102.923 88.4534 32.0665
internal_count=180508 97702 82806 90991 6711 3118 5753 2390 4270 87873 4576 1822 1698 1970 2441 3363 2402 551 3289 1351 1332 1148 368 77053 3233 694 268 641 568 192
is_linear=0
shrinkage=0.08


Tree=18
num_leaves=31
num_cat=0
split_feature=14 14 5 14 2 0 14 10 5 10 5 4 3 13 5 13 13 7 0 2 6 2 14 7 6 6 2 5 10 14
split_gain=17949 1154.15 435.116 645.465 266.812 200.231 178.148 115.035 127.955 109.855 100.236 99.6162 107.519 84.7697 83.1514 73.6134 67.4855 43.1306 42.8291 31.0095 30.4913 23.535 19.4956 18.3867 37.1566 28.1523 16.0758 28.5892 16.0616 19.9158
threshold=0.49870374798774725 1.0000000180025095e-35 1.0000000180025095e-35 0.33685700595378881 80.229885101318374 21.680376052856449 0.58827227354049694 1.0000000180025095e-35 0.47222222387790685 -1.0000000180025095e-35 0.13392857462167743 56.69154357910157 80.901721954345717 1.0000000180025095e-35 0.47222222387790685 1.0000000180025095e-35 1.0000000180025095e-35 16.080695152282718 18.350168228149418 91.945945739746108 1.5000000000000002 68.042552947998061 0.38807004690170294 16.561747550964359 2.5000000000000004 1.5000000000000002 46.841754913330085 0.15476191043853763 -1.0000000180025095e-35 0.65519759058952343
decision_type=2 2 2 2 2 2 2 2 2 2 2 2 2 2 2 2 2 2 2 2 2 2 2 2 2 2 2 2 2 2
left_child=1 4 3 5 14 16 9 -4 22 10 -2 15 -13 -7 18 -5 -3 20 -1 -10 -6 -20 -9 25 -25 -16 27 -11 29 -8
right_child=6 2 7 11 17 13 28 8 19 26 -12 12 -14 -15 23 -17 -18 -19 21 -21 -22 -23 -24 24 -26 -27 -28 -29 -30 -31
leaf_value=0.079911433950334745 0.08885220555258487 0.10376410214762202 -0.088839251634625166 0.08125267723488605 0.059617476227448743 -0.029789906118696533 0.047124138530884742 -0.07900936852100808 0.123253889129149 -0.093046968350318698 -0.03825245336217694 0.087146896876884872 -0.081090469292734099 -0.080029170648197534 0.027068016764986748 -0.02536497332689323 -0.017687555736914436 0.070839471948325766 -0.077743885146432753 0.38676190659815685 0.0032789296616641938 -0.017774319586474439 0.0091000990756652383 0.089774527789835329 -0.030259288216068627 -0.033049221526906647 0.076521511846323359 0.091949553058536596 0.090858730491461148 0.084109414208266814
leaf_weight=13.470658317208288 53.823863677680492 33.250769719481468 6719.4686552584171 52.289174593985081 102.38749280571938 239.27304828166962 100.2069708481431 53.712784767150879 20.262830540537838 10.128397718071939 151.41226164251566 217.76328980177641 27.367353722453117 2114.3646496683359 82.210797891020775 199.85669907927513 245.24537109583616 289.77259561419487 218.47973521798849 3.3275309875607482 153.88861086964607 51.815560020506382 22.934639438986778 38.744259163737297 28.753478810191154 126.66344495117664 273.63396476209164 11.323484309017656 6695.521184168756 1328.6722515672445
leaf_count=91 463 256 66498 380 583 2216 771 525 128 58 875 1756 242 19694 370 1175 1931 2072 1763 22 763 284 142 197 129 547 2166 84 62020 12307
internal_value=-0.000136588 -0.0676181 -0.0762371 -0.0515397 0.00990191 -0.0673318 0.0863623 -0.0875702 -0.00250076 0.0400305 -0.00491883 0.0320495 0.0683642 -0.0749218 -0.0288905 -0.00325496 -0.00318696 0.0496952 -0.0593094 0.160423 0.0257873 -0.0662477 -0.052645 0.00234229 0.0386411 -0.00938768 0.0712933 0.00460438 0.0892155 0.0815156
internal_weight=19680 11055.3 9949.12 3129.41 1106.19 2632.13 8624.72 6819.71 100.238 500.322 205.236 497.277 245.131 2353.64 560.138 252.146 278.496 546.049 283.766 23.5904 256.276 270.295 76.6474 276.372 67.4977 208.874 295.086 21.4519 8124.4 1428.88
internal_count=180508 101764 94965 27650 6799 24097 78744 67315 817 3646 1338 3553 1998 21910 3381 1555 2187 3418 2138 150 1346 2047 667 1243 326 917 2308 142 75098 13078
is_linear=0
shrinkage=0.08


Tree=19
num_leaves=31
num_cat=0
split_feature=9 8 14 0 1 9 10 13 9 0 6 7 3 14 14 9 8 1 8 7 10 0 7 0 13 1 3 6 3 9
split_gain=17084.6 1227.06 515.827 416.936 254.047 130.479 104.351 80.2964 64.8415 100.485 76.4866 64.5773 45.7133 44.966 43.4771 58.6687 36.7957 29.2497 28.5887 28.3674 44.6746 27.3042 26.051 25.863 22.7407 21.2766 34.2552 20.082 41.8804 16.9695
threshold=68.588039398193374 1.0000000180025095e-35 0.49870374798774725 49.719100952148445 80.810150146484389 92.759792327880874 1.0000000180025095e-35 1.0000000180025095e-35 54.434123992919929 57.804552078247077 1.0000000180025095e-35 16.225119590759281 25.19841289520264 0.6038089692592622 0.61794880032539379 81.605800628662124 37.688747406005866 59.850746154785163 39.443080902099616 7.7057902812957773 1.0000000180025095e-35 91.331184387207045 15.882828235626222 60.49571609497071 1.0000000180025095e-35 64.747306823730483 27.953488349914554 2.5000000000000004 95.488464355468764 76.23956680297853
decision_type=2 2 2 2 2 2 2 2 2 2 2 2 2 2 2 2 2 2 2 2 2 2 2 2 2 2 2 2 2 2
left_child=1 4 8 5 22 7 13 -2 -3 24 -11 21 29 16 15 19 -4 -14 -7 23 -21 -6 -1 -5 -10 26 -20 -13 -29 -9
right_child=3 2 6 14 11 18 -8 12 9 10 -12 27 17 -15 -16 -17 -18 -19 25 20 -22 -23 -24 -25 -26 -27 -28 28 -30 -31
leaf_value=-0.054955238799712099 0.072590391661068634 -0.087736446966144105 0.064288670308514137 -0.0026691034488913424 0.0014982947623800511 -0.07641745794416839 0.093971999883556173 -0.048136323764828022 -0.038900293101842336 0.080603480605149699 -0.043796667026327042 0.083639714655327005 -0.063420338489416889 0.060839251345815366 0.088594667892438819 0.080614593797037934 -0.046863525543385041 0.05133411566726432 0.073872538536489826 -0.069926257979230313 0.081356521186463693 0.048384268507744244 0.021310827679662095 0.078777828958081525 -0.086880759783533448 0.091854711587152582 0.018171358634714484 -0.048003405151353595 0.060880813486812596 0.042642809037260331
leaf_weight=311.31553357839584 54.894669994711876 7886.4993073642254 22.360203817486763 38.63681748509407 291.00176454335451 10.474566876888273 91.027428887784481 17.388265430927277 76.180932447314262 48.132151320576668 92.270806364715099 151.54439238458872 176.21913743764162 44.708647578954697 7290.5212203860283 534.08656525611877 129.1750175729394 15.462892048060892 145.89199086278677 37.798729054629803 18.660249598324299 109.3676827698946 31.571285918354988 70.449834108352661 371.5882190912962 88.41486194729805 137.02873585373163 26.899071961641312 141.71901955455542 54.438888430595398
leaf_count=2202 387 83879 120 204 1375 49 749 112 666 277 686 1079 1094 314 72506 4727 754 84 949 205 135 686 170 552 3546 716 828 146 1053 258
internal_value=-0.000131062 -0.0724025 -0.0822517 0.0815793 0.00874907 0.0223866 0.0231766 -0.0154296 -0.0858254 -0.0602015 -0.00115051 0.035723 -0.0337661 -0.00966169 0.0867666 0.0677169 -0.0304622 -0.0541632 0.0539229 0.0261062 -0.0199258 0.014306 -0.047933 0.0499306 -0.0787176 0.0575995 0.0468944 0.0625053 0.0435109 0.0206666
internal_weight=18515.7 9825.36 8761.94 8690.37 1063.42 700.214 287.271 318.404 8474.67 588.172 140.403 720.532 263.509 196.244 7990.15 699.632 151.535 191.682 381.81 165.546 56.459 400.369 342.887 109.087 447.769 371.336 282.921 320.162 168.618 71.8272
internal_count=180508 97702 90991 82806 6711 4477 1937 1935 89054 5175 963 4339 1548 1188 78329 5823 874 1178 2542 1096 340 2061 2372 756 4212 2493 1777 2278 1199 370
is_linear=0
shrinkage=0.08


Tree=20
num_leaves=31
num_cat=0
split_feature=9 8 0 9 1 2 9 2 13 2 5 5 0 10 9 1 1 2 10 9 13 8 9 8 7 1 0 13 1 9
split_gain=15499 1151.65 403.231 357.437 259.801 227.06 115.021 74.3711 70.2675 47.1962 47.3405 42.0472 41.1163 39.0867 37.4435 68.4339 35.9516 35.2911 122.439 39.2706 28.7361 28.7051 27.3468 27.2118 26.372 25.294 33.4341 31.8757 22.8971 19.1079
threshold=68.588039398193374 1.0000000180025095e-35 49.719100952148445 57.212205886840827 77.836257934570327 66.312053680419936 92.759792327880874 92.031745910644545 1.0000000180025095e-35 57.321428298950202 0.15476191043853763 0.47222222387790685 26.766168594360355 -1.0000000180025095e-35 80.151515960693374 76.123405456542983 96.225070953369155 91.945945739746108 1.0000000180025095e-35 49.324199676513679 1.0000000180025095e-35 80.079364776611342 49.677366256713874 38.763105392456062 7.8764176368713388 64.747306823730483 25.176055908203129 1.0000000180025095e-35 52.704679489135749 76.23956680297853
decision_type=2 2 2 2 2 2 2 2 2 2 2 2 2 2 2 2 2 2 2 2 2 2 2 2 2 2 2 2 2 2
left_child=1 5 6 17 9 11 8 16 -2 20 -11 -1 29 23 15 28 -7 -3 19 -19 -5 -14 -20 -6 -13 26 -8 -28 -4 -10
right_child=2 3 14 4 13 7 25 -9 12 10 -12 24 21 -15 -16 -17 -18 18 22 -21 -22 -23 -24 -25 -26 -27 27 -29 -30 -31
leaf_value=-0.074520118934637419 0.069443104616278811 -0.086723138402826763 0.21232160729751789 -0.017156807251862843 0.10759267699672156 -0.003766923012473008 0.073231920991703892 0.066656213107986098 -0.052533957184605011 0.12392384218995794 -0.035897354060430424 0.11041690772770762 -0.068451303053525495 0.087464534713872111 0.087176893139444794 0.0791489072653912 0.039865969896200643 -0.079694555902926262 0.37507651646725054 0.018592407152088219 -0.085301240152667074 0.01321986887557809 0.11248105300280274 -0.0051952004704342138 -0.02399131467338116 0.090425281068352042 0.095339550807426079 0.0020400257144161859 -0.0023553889875495902 0.038939721038786006
leaf_weight=190.32986029982567 52.876585491001606 7358.7092544287443 3.2894805893301955 47.441895939409733 16.840372011065483 307.16980854421854 116.36403677612543 251.00305277109146 19.392962470650673 15.306255109608172 52.707358486950397 10.5808028280735 145.21689458936453 106.78709744662046 6965.3588724657893 404.04532440006733 199.25261873006821 240.74101797491312 3.6111044287681571 29.169239528477192 239.74422539770603 33.988757014274597 8.5419285297393781 73.188800342381001 79.840455949306488 82.854698859155178 28.100633800029755 141.17793632298708 95.295603834092617 59.321290194988251
leaf_count=1691 387 83436 20 387 98 1548 798 1924 128 82 341 50 977 897 73661 4062 1126 2735 23 178 2350 155 51 413 372 716 217 811 586 288
internal_value=-0.000130899 -0.0711085 0.0802875 -0.0811673 -0.0189993 0.00827089 0.0212764 0.0310489 -0.0145686 -0.0598527 6.99159e-05 -0.0531808 -0.031792 0.05473 0.0856552 0.0645678 0.0134005 -0.0856587 -0.0578883 -0.0690727 -0.0740441 -0.0529613 0.190508 0.0159023 -0.0082633 0.0515087 0.0402204 0.017528 0.00480772 0.0164032
internal_weight=17378.2 9230.97 8147.28 8192.79 552.016 1038.18 679.294 757.425 310.796 355.2 68.0136 280.751 257.92 196.816 7467.99 502.63 506.422 7640.77 282.063 269.91 287.186 179.206 12.153 90.0292 90.4213 368.497 285.643 169.279 98.5851 78.7143
internal_count=180508 97702 82806 90991 4568 6711 4477 4598 1935 3160 423 2113 1548 1408 78329 4668 2674 86423 2987 2913 2737 1132 74 511 422 2542 1826 1028 606 416
is_linear=0
shrinkage=0.08


Tree=21
num_leaves=31
num_cat=0
split_feature=9 8 14 4 4 9 9 0 7 13 14 5 7 0 5 8 8 13 6 7 13 6 3 15 3 7 9 4 7 5
split_gain=14064.2 1064.83 537.923 373.344 193.378 109.319 73.2666 96.2796 69.717 69.6308 68.7238 67.4038 38.4836 43.288 35.6368 32.6701 28.5117 33.1728 26.8521 41.9759 24.8837 22.122 41.6271 21.5837 29.0516 19.7513 16.8949 26.7665 13.3156 17.5225
threshold=70.051548004150405 1.0000000180025095e-35 0.49870374798774725 53.001201629638679 65.64831924438478 92.759792327880874 54.434123992919929 57.804552078247077 16.013139724731449 1.0000000180025095e-35 0.6038089692592622 0.15476191043853763 6.7010979652404794 26.766168594360355 0.47222222387790685 43.085422515869148 37.688747406005866 1.0000000180025095e-35 1.5000000000000002 10.540135383605959 1.0000000180025095e-35 2.5000000000000004 95.488464355468764 1.0000000180025095e-35 27.953488349914554 7.3471546173095712 78.072010040283217 78.319625854492202 6.9152948856353769 0.31666667759418493
decision_type=2 2 2 2 2 2 2 2 2 2 2 2 2 2 2 2 2 2 2 2 2 2 2 2 2 2 2 2 2 2
left_child=1 4 6 5 14 9 -3 20 18 28 16 -9 13 -11 -1 -7 -4 -18 19 -6 -8 -10 -23 -17 -25 -16 27 -5 -2 -30
right_child=3 2 10 26 8 15 7 11 21 12 -12 -13 -14 -15 25 23 17 -19 -20 -21 -22 22 -24 24 -26 -27 -28 -29 29 -31
leaf_value=-0.069731696919785188 0.091751912862514745 -0.085986836695429836 0.069408779932488965 0.032008450313200681 0.0082123201879293201 -0.048621711935892334 -0.033833754105769331 0.074887005647836985 0.079194207631449354 0.022000237208729973 0.073986518437055449 -0.040334729977687785 0.094168470476476487 -0.050236478810199152 0.12105003499381796 0.076954713813553094 -0.03081002184761375 0.079192869390210294 -0.010070432854843473 0.096876809883603573 -0.084288730135832365 -0.041941230991782236 0.057415524545386488 0.066307098496195774 0.0069137374166203724 -0.019642154475709675 0.086613634805879761 0.083803483304618759 -0.098188603519618001 0.056056554214382243
leaf_weight=182.28784566372633 45.166598536074162 6855.6065582260489 28.427454009652138 94.821945063769817 132.64073551446199 18.888124763965607 76.492724679410458 50.923503674566746 154.17624418437481 73.235318295657635 113.39135520160198 89.781389251351357 16.88757761567831 193.03139087557793 6.8755458295345298 212.89524699747562 143.76972310990095 19.983760058879852 235.57835211604834 46.032325558364391 343.42483599483967 33.92171423137188 132.01916997134686 123.92611696571112 91.715730458498001 89.707577303051949 6480.6737636402249 195.52676749229431 6.1366808637976673 20.326322011649609
leaf_count=1690 365 83879 169 715 766 93 693 296 1161 380 1062 699 121 1182 31 1931 885 157 1133 268 3686 177 1061 852 487 424 73820 2147 33 145
internal_value=-0.000133642 -0.069309 -0.0794269 0.0796539 0.00779921 0.0280494 -0.083713 -0.0559069 0.0293361 -0.00511509 0.0245951 0.00136598 -0.0229407 -0.0303681 -0.0489151 0.054347 -0.00454708 -0.0173857 0.00766775 0.0310553 -0.0750978 0.0573762 0.037105 0.0588854 0.0410462 -0.00962658 0.0857678 0.0668883 0.06535 0.0202876
internal_weight=16308.3 8735.04 7721.8 7573.23 1013.24 802.209 7416.23 560.622 734.369 354.784 305.572 140.705 283.154 266.267 278.871 447.425 192.181 163.753 414.251 178.673 419.918 320.117 165.941 428.537 215.642 96.5831 6771.02 290.349 71.6296 26.463
internal_count=180508 98237 91526 82271 6711 5589 89253 5374 4566 2226 2273 995 1683 1562 2145 3363 1211 1042 2167 1034 4379 2399 1238 3270 1339 455 76682 2862 543 178
is_linear=0
shrinkage=0.08


Tree=22
num_leaves=31
num_cat=0
split_feature=9 8 14 14 2 9 10 5 4 13 8 4 8 7 9 0 5 6 5 7 13 7 5 10 9 2 5 7 13 7
split_gain=12765.2 1068.23 558.976 207.049 177.464 163.683 77.4915 72.2614 71.3887 65.282 68.3537 56.9767 34.2603 31.7331 31.2217 66.7642 55.1371 29.2677 28.198 27.2135 27.1844 106.458 39.6526 19.7907 23.5314 40.1671 22.2208 17.9983 17.912 17.8373
threshold=63.847667694091804 1.0000000180025095e-35 0.55730250477790844 0.4615586400032044 81.769306182861342 80.151515960693374 1.0000000180025095e-35 0.64583334326744091 53.001201629638679 1.0000000180025095e-35 63.661756515502937 72.281322479248061 33.809621810913093 16.080695152282718 53.368236541748054 67.006801605224624 0.15476191043853763 1.5000000000000002 0.31666667759418493 16.561747550964359 1.0000000180025095e-35 7.7057902812957773 0.38750000298023229 -1.0000000180025095e-35 78.072010040283217 85.270011901855483 0.58571431040763866 6.7635083198547372 1.0000000180025095e-35 11.964374065399172
decision_type=2 2 2 2 2 2 2 2 2 2 2 2 2 2 2 2 2 2 2 2 2 2 2 2 2 2 2 2 2 2
left_child=1 4 5 14 7 11 12 18 9 -7 -11 20 -5 17 -3 28 -17 -6 -1 -14 21 -2 -22 24 25 26 -4 -8 -16 -20
right_child=2 3 23 6 13 8 27 -9 -10 10 -12 -13 19 -15 15 16 -18 -19 29 -21 22 -23 -24 -25 -26 -27 -28 -29 -30 -31
leaf_value=-0.075582603754843061 0.093450641541253182 -0.085681549375434138 -0.082021942089013145 0.075922986286818941 0.058247486384919354 0.089135237636145864 -0.055887136610823306 0.018926558031286504 0.080914295212836829 -0.041284014683391074 0.03294389235313102 0.07577137695243133 -0.058016054644041921 0.063822465449432791 -0.043634215904786063 0.1524134545581417 -0.039937560669790088 -0.00078570986496514009 -0.012285455875136889 0.0059579231241148421 -0.055023981877438878 -0.074549570531166759 0.11758420249991401 0.087276203329592142 0.079124596052498664 0.078241234889113748 0.042083464521322701 0.10379307982446898 -0.083148239540366542 -0.05857544339054397
leaf_weight=123.98022699356079 44.763815246522427 6248.7693603187799 20.861335270106792 17.48409166932106 87.512573063373566 92.020503379404545 5.1246984601020804 167.46908403933048 236.43865789473057 104.85836619883776 326.99437620490789 34.610130593180656 155.79060125350952 237.63577350229025 97.106431156396866 15.586776509881018 24.574674442410469 139.31765589118004 152.88708634674549 58.548853278160095 209.61482251435518 52.396263219416142 8.8786127567291242 5129.0586294978857 1011.8352778628469 60.823179602622986 16.565145224332809 38.135522611439228 301.01533185690641 81.771421477198601
leaf_count=1216 277 82302 143 118 554 822 32 769 2641 557 2022 285 1219 2029 1040 70 234 721 991 413 1685 287 46 62613 12311 653 139 295 3593 431
internal_value=-0.000133557 -0.0703762 0.0758719 -0.0814357 0.00735453 0.0235794 -0.0134151 -0.0244612 0.0444252 0.0279567 0.0149206 -0.0216703 -0.0317573 0.0433927 -0.0842338 -0.0635933 0.0347144 0.0219897 -0.0447214 -0.040541 -0.0323544 0.00285187 -0.0480099 0.0851801 0.0754951 0.0381163 -0.0270923 0.084877 -0.0735103 -0.0284161
internal_weight=15302.4 7952.71 7349.72 6962.14 990.574 1110.58 275.084 526.108 760.312 523.873 431.853 350.264 231.824 464.466 6687.05 438.283 40.1615 226.83 358.639 214.339 315.654 97.1601 218.493 6239.14 1110.08 98.2497 37.4265 43.2602 398.122 234.659
internal_count=180508 96027 84481 89316 6711 8622 2077 3407 6042 3401 2579 2580 1750 3304 87239 4937 304 1275 2638 1632 2295 564 1731 75859 13246 935 282 327 4633 1422
is_linear=0
shrinkage=0.08


Tree=23
num_leaves=31
num_cat=0
split_feature=9 8 9 0 2 2 8 13 2 0 7 0 8 2 10 9 5 0 9 7 6 6 10 3 2 9 7 8 10 9
split_gain=11597.2 941.49 374.356 337.574 217.822 159.365 75.4597 84.564 64.4269 63.5394 60.5457 51.6174 40.2235 38.4072 106.515 48.0542 35.9534 34.8436 51.2463 23.8758 44.1535 25.086 22.9096 22.6895 35.6908 20.4775 19.5697 19.4918 16.2473 22.9444
threshold=70.051548004150405 1.0000000180025095e-35 57.212205886840827 49.719100952148445 73.20508193969728 66.312053680419936 89.239040374755874 1.0000000180025095e-35 93.40579986572267 26.766168594360355 6.0029246807098398 49.719100952148445 37.182706832885749 90.521114349365249 1.0000000180025095e-35 46.437034606933601 0.47222222387790685 60.49571609497071 88.949935913085952 16.561747550964359 2.5000000000000004 1.5000000000000002 -1.0000000180025095e-35 47.124916076660163 47.690120697021491 48.82805252075196 7.8764176368713388 38.903903961181648 -1.0000000180025095e-35 78.072010040283217
decision_type=2 2 2 2 2 2 2 2 2 2 2 2 2 2 2 2 2 2 2 2 2 2 2 2 2 2 2 2 2 2
left_child=1 5 13 6 11 16 7 -2 19 -9 -11 -4 -13 -3 15 -15 -1 18 23 21 -21 -7 27 -5 -25 -16 -18 -6 29 -19
right_child=3 2 4 17 22 8 -8 9 -10 10 -12 12 -14 14 25 -17 26 28 -20 20 -22 -23 -24 24 -26 -27 -28 -29 -30 -31
leaf_value=-0.069701382849909885 0.078360777467838677 -0.084442011183179982 -0.076655700211554101 0.11330795691620002 0.10446208262486291 0.025004179585061809 0.063188866272497993 0.033929331664812004 0.065728564225737238 -0.052014514978044248 0.08964348951493252 0.10625573722852549 -0.029063620451072171 -0.080223592188851334 0.33609170973428876 0.007617276617542819 0.092968351405663507 0.032303067847226703 0.077432368481554645 0.079407753461488484 -0.0031463570720129995 -0.018181037558797228 0.082998275320300352 -0.10887910390299979 0.020662582271683869 0.10941712038496799 -0.020730198890796012 0.006864631365612407 0.086564816554648372 0.078759028233689785
leaf_weight=164.3997054323554 75.619788624346256 5913.0805849209428 202.74102100729942 11.802485555410383 16.311756253242493 148.08550688624382 183.47539231181145 113.83090141415596 193.44691790640354 210.83278842270374 21.256830081343651 15.56205143034458 145.51327981054783 223.7419246211648 3.7009476721286765 48.497779406607151 11.053835675120352 73.297467641532421 257.34392663836479 80.094592228531837 85.96768245100975 205.62562180310488 100.05692401528358 16.975876048207283 68.689582794904709 8.2064799368381482 78.434432804584503 66.442133575677872 4661.6100066304207 948.86004197597504
leaf_count=1691 675 82804 2351 76 107 796 1513 643 1688 1311 192 102 1085 3155 22 388 50 747 2961 592 573 949 1049 92 580 54 372 409 61160 12321
internal_value=-0.000132711 -0.0668777 -0.0774635 0.0773356 -0.013999 0.00693998 0.0203641 0.00172463 0.0263157 -0.0150284 -0.0390402 -0.0497967 -0.0159899 -0.0830614 -0.0543316 -0.0645753 -0.0474902 0.0830436 0.0587214 0.0116472 0.0366709 -0.000101016 0.0572429 0.00931898 -0.00500802 0.17987 -0.00668584 0.0261022 0.0845619 0.0754277
internal_weight=14354.6 7710.96 6743.85 6643.6 546.627 967.108 605.016 421.54 713.22 345.921 232.09 363.816 161.075 6197.23 284.147 272.24 253.888 6038.58 354.812 519.773 166.062 353.711 182.811 97.4679 85.6655 11.9074 89.4883 82.7539 5683.77 1022.16
internal_count=180508 98237 91526 82271 5103 6711 4334 2821 4598 2146 1503 3538 1187 86423 3619 3543 2113 77937 3709 2910 1165 1745 1565 748 672 76 422 516 74228 13068
is_linear=0
shrinkage=0.08


Tree=24
num_leaves=31
num_cat=0
split_feature=9 8 14 14 1 1 10 9 1 9 13 7 2 13 2 2 9 5 10 1 2 9 7 6 8 5 0 2 5 14
split_gain=10526.4 886.341 442.635 344.216 146.34 107.063 89.007 71.473 81.5791 71.1405 63.4596 49.5609 48.2647 45.5787 44.2422 43.0744 35.5722 30.9814 17.6476 17.6286 17.3054 27.1318 15.2055 14.8658 14.8645 14.3358 13.021 11.7736 11.7263 11.4915
threshold=70.051548004150405 1.0000000180025095e-35 0.48423986136913305 0.55730250477790844 81.302967071533217 74.322341918945327 1.0000000180025095e-35 54.434123992919929 88.493064880371108 96.315685272216811 1.0000000180025095e-35 7.7057902812957773 93.40579986572267 1.0000000180025095e-35 75.582656860351577 26.158231735229496 54.953443527221687 0.31666667759418493 -1.0000000180025095e-35 97.915760040283217 88.047618865966811 78.072010040283217 20.743985176086429 2.5000000000000004 41.280080795288093 0.31666667759418493 64.051280975341811 68.457099914550795 0.10555555671453477 0.41293056309223181
decision_type=2 2 2 2 2 2 2 2 2 2 2 2 2 2 2 2 2 2 2 2 2 2 2 2 2 2 2 2 2 2
left_child=1 4 7 5 17 9 14 29 13 10 11 -2 19 -9 -4 -12 -16 28 20 26 21 27 -19 -23 -11 -7 -6 -5 -1 -3
right_child=3 2 6 18 12 25 -8 8 -10 24 15 -13 -14 -15 16 -17 -18 22 -20 -21 -22 23 -24 -25 -26 -27 -28 -29 -30 -31
leaf_value=0.048042913038303582 0.08420824868678238 -0.084620812402961043 -0.068803878337267907 -0.094711597950070919 -0.070309355797829987 0.088289040553669471 0.082519720075511227 -0.01995919705376261 0.14063018523488682 -0.056448757805242965 0.027492025510315678 -0.048702621279564408 0.063982638845848649 -0.074355728019157089 -0.044837404475016669 -0.034950362100127558 0.036417560018824083 -0.026674826476347037 0.086017275943473775 0.031100177473677579 0.083172648871986027 0.071854560707926396 0.06429063328007345 0.013682379107302889 0.055047346854641452 -0.0090348113277019266 0.0046852899436483804 0.018918579372614257 -0.082137058219675985 -0.065180032278164296
leaf_weight=4.6519194021821013 77.584165297448635 5315.3712206929922 61.664261572062969 8.2637664228677767 15.887737683951853 181.55354303121567 91.580595403909683 143.99128664284945 13.741864718496798 7.9177840724587432 96.425357565283775 23.362340949475765 177.71390879154205 312.60451332479715 50.231475092470646 265.05052949488163 109.9754741564393 202.76478084921837 4383.4317903891206 220.46757826209068 550.56707199662924 339.46520180255175 12.48466484993696 30.653752960264683 228.52950634807348 10.23234862834215 219.88861860334873 19.862745806574821 92.191097639501095 201.98850063979626
leaf_count=39 767 80878 425 54 107 2222 979 1321 83 40 558 133 1641 3870 416 1766 740 1261 61885 1341 7634 4668 71 427 1846 69 1181 202 1070 2814
internal_value=-0.000132826 -0.0656653 -0.0765058 0.0761864 0.00653822 0.0301491 0.016166 -0.0813572 -0.0514213 0.0156191 -0.00263236 0.0534483 0.0286145 -0.0572013 -0.0112225 -0.0182936 0.0109408 -0.0383056 0.0838761 0.014838 0.0739838 0.0612804 -0.0213987 0.0670367 0.0513137 0.0830965 -0.000368208 -0.0144668 -0.0758838 -0.0839091
internal_weight=13470.1 7247.2 6301.15 6222.9 946.05 890.656 313.452 5987.7 470.338 698.87 462.422 100.947 633.958 456.596 221.871 361.476 160.207 312.092 5332.24 456.244 948.813 398.245 215.249 370.119 236.447 191.786 235.776 28.1265 96.843 5517.36
internal_count=180508 98237 91526 82271 6711 7401 2560 88966 5274 5110 3224 900 4270 5191 1581 2324 1156 2441 74870 2629 12985 5351 1332 5095 1886 2291 1288 256 1109 83692
is_linear=0
shrinkage=0.08


Tree=25
num_leaves=31
num_cat=0
split_feature=9 8 14 14 1 1 9 10 2 13 7 7 13 8 9 1 2 8 5 2 10 9 2 7 4 5 7 7 7 1
split_gain=9556.81 896.862 511.295 188.139 127.114 123.913 100.058 57.6477 45.4379 38.9157 98.3423 40.7903 35.2331 37.0166 35.2031 61.9287 39.1413 29.1186 27.7103 23.4539 22.6219 22.3426 34.3879 20.115 18.2428 17.367 16.4129 12.9096 12.4035 11.8358
threshold=63.847667694091804 1.0000000180025095e-35 0.55730250477790844 0.4615586400032044 80.810150146484389 79.743591308593764 90.440322875976577 1.0000000180025095e-35 93.40579986572267 1.0000000180025095e-35 7.7057902812957773 6.622230291366578 1.0000000180025095e-35 52.352506637573249 53.368236541748054 88.067794799804702 63.224515914916999 33.809621810913093 0.31666667759418493 75.123764038085952 -1.0000000180025095e-35 78.072010040283217 85.270011901855483 6.9449577331542978 65.166835784912124 0.58571431040763866 6.7635083198547372 15.946934223175051 20.743985176086429 97.915760040283217
decision_type=2 2 2 2 2 2 2 2 2 2 2 2 2 2 2 2 2 2 2 2 2 2 2 2 2 2 2 2 2 2
left_child=1 4 5 14 18 6 9 17 24 10 -2 -11 -8 -14 -3 16 -16 -5 -1 -19 21 22 25 -7 -6 -4 -9 -10 -20 -26
right_child=2 3 20 7 8 23 12 26 27 11 -12 -13 13 -15 15 -17 -18 19 28 -21 -22 -23 -24 -25 29 -27 -28 -29 -30 -31
leaf_value=-0.074373993053366116 0.08432225591761125 -0.083694916461503954 -0.071690464830624509 0.073276644682205086 -0.035968005419408519 0.088514311593288236 0.087279436672481656 -0.05498896951000002 0.034015322204947469 -0.039377552447113447 -0.062428769469272199 0.093394800962616223 -0.050984255637426187 0.035384812165583798 -0.071666769662463145 0.16529852631981476 0.015988996222745504 -0.078381767307301758 -0.025721803202198856 -0.018157619409188541 0.085305269080110283 0.075553239572721018 0.075069792535096116 -0.012695233416582557 0.0057920955095695434 0.038750628494253973 0.10036903687270787 0.079169708650023388 0.063574101695534943 0.03268041541798649
leaf_weight=90.480854861438274 67.202144227921963 5033.182420630008 21.605013854801655 16.946543984115124 43.65084757655859 164.75242342054844 72.724099509418011 5.0186245888471595 66.421850599348545 308.50478381663561 51.715578854084015 15.555540785193442 35.890706680715084 275.84469977021217 328.55592261999846 7.768508404493331 36.194304451346397 58.767274163663387 190.18500196933746 139.92914828658104 4127.980424284935 832.02341116964817 53.088921613991261 13.605599984526632 224.05824322998524 15.75991504639387 32.768521882593632 103.92237665504217 10.505368441343306 196.80121318995953
leaf_count=1103 597 82302 143 118 256 2139 821 32 511 2360 306 96 188 2029 4566 43 328 538 1209 1094 62613 12311 653 86 1192 139 295 1137 60 1243
internal_value=-0.000131015 -0.0668374 0.072401 -0.0787803 0.00614744 0.0203134 0.00727657 -0.0114126 0.0262204 -0.0186403 0.0205024 -0.0330042 0.0371383 0.025441 -0.0819386 -0.0582084 -0.0629687 -0.0273845 -0.0376186 -0.0359698 0.0827742 0.0714481 0.033688 0.0807938 0.0132597 -0.0251082 0.0797355 0.0615628 -0.0210475 0.0183655
internal_weight=12641.4 6585.16 6056.25 5659.13 926.026 1005.8 827.438 253.43 634.855 442.978 118.918 324.06 384.46 311.735 5405.7 372.519 364.75 215.643 291.171 198.696 5050.46 922.477 90.4539 178.358 464.51 37.3649 37.7871 170.344 200.69 420.859
internal_count=180508 96027 84481 89316 6711 8622 6397 2077 4339 3359 903 2456 3038 2217 87239 4937 4894 1750 2372 1632 75859 13246 935 2225 2691 282 327 1648 1269 2435
is_linear=0
shrinkage=0.08


Tree=26
num_leaves=31
num_cat=0
split_feature=9 8 14 4 1 10 8 9 0 7 2 2 9 9 5 0 5 10 9 2 7 14 3 1 7 4 5 5 3 7
split_gain=8681.96 787.821 394.217 340.6 110.527 96.4271 69.0026 60.3889 73.0085 49.6924 42.9421 41.0883 39.6824 33.6876 30.7355 28.4708 28.2106 22.4734 26.2457 27.7206 26.7822 18.1914 23.8288 21.5137 14.279 14.2371 13.3987 12.9071 25.5243 12.0934
threshold=70.051548004150405 1.0000000180025095e-35 0.4615586400032044 53.001201629638679 81.302967071533217 1.0000000180025095e-35 79.373264312744155 54.434123992919929 57.804552078247077 7.7057902812957773 75.582656860351577 93.40579986572267 54.953443527221687 96.315685272216811 0.47222222387790685 26.138715744018558 0.31666667759418493 -1.0000000180025095e-35 80.151515960693374 85.270011901855483 7.2975258827209482 0.51081699132919323 25.19841289520264 42.179391860961921 7.6097159385681161 65.166835784912124 0.47222222387790685 0.77500000596046459 90.366767883300795 15.946934223175051
decision_type=2 2 2 2 2 2 2 2 2 2 2 2 2 2 2 2 2 2 2 2 2 2 2 2 2 2 2 2 2 2
left_child=1 4 7 6 16 10 13 -3 26 -10 -4 25 -12 14 15 -2 -1 18 19 20 -5 22 -8 -24 -7 -6 -9 28 -18 -13
right_child=3 2 5 17 11 24 21 8 9 -11 12 29 -14 -15 -16 -17 27 -19 -20 -21 -22 -23 23 -25 -26 -27 -28 -29 -30 -31
leaf_value=-0.07295727558303694 0.02264517438652066 -0.082916350377510564 -0.063918426908639636 0.077314856980005814 -0.031522794021269049 0.0097273561608724069 0.067870363115500792 -0.071357311282055025 0.061268527316491857 -0.060247728177106968 -0.040611714876060245 0.033063200591588827 0.034353527639480533 0.042799102815388283 0.084409622471381396 -0.037685021045749369 -0.015397929143957859 0.084243880230364193 0.074894401852383274 0.07725529356995714 -0.047908628395358248 0.08148203256394089 -0.027675823192481536 0.037970013676005755 0.093572839391683885 0.017380303420947166 0.043189303812961946 0.036376202899355496 -0.11085695151528761 0.077729687260287922
leaf_weight=85.767399370670319 67.054321281611919 4733.5082241147757 87.161655306816101 15.776526652276514 42.039128631353378 15.837254047393797 99.086782030761242 305.86294751614332 54.111163713037968 35.778778374195099 75.877424858510494 64.699232928454876 111.74640260636806 81.986610192805529 18.4455258063972 197.55464056879282 166.54594412446022 3883.0836666040123 788.52386601269245 43.661626875400543 35.588654085993767 79.749372579157352 46.794171258807182 100.72514446824789 72.540763638913631 406.66108156740665 6.678166836500167 24.242342703044415 20.089059926569462 96.890351474285126
leaf_count=1109 419 83174 719 161 246 136 851 4264 376 370 774 510 767 675 168 1438 1114 63147 12445 644 285 1047 277 714 878 2383 68 128 90 1131
internal_value=-0.000128654 -0.0632979 -0.0746912 0.0740124 0.00578447 0.00585972 0.0215393 -0.080387 -0.0506358 0.0129016 -0.0175186 0.0252554 0.00403665 -0.00235716 -0.0154367 -0.0223968 -0.0342733 0.0816236 0.0701079 0.0303898 -0.00944694 0.0482684 0.0375276 0.0171467 0.0785478 0.0127985 -0.0689098 -0.0185398 -0.025673 0.0598456
internal_weight=11864.1 6406.04 5499.1 5458.03 906.935 363.164 691.397 5135.94 402.431 89.8899 274.785 610.29 187.624 365.041 283.054 264.609 296.645 4766.63 883.551 95.0268 51.3652 326.355 246.606 147.519 88.378 448.7 312.541 210.877 186.635 161.59
internal_count=180508 98237 91526 82271 6711 3274 5589 88252 5078 746 2260 4270 1541 2700 2025 1857 2441 76682 13535 1090 446 2889 1842 991 1014 2629 4332 1332 1204 1641
is_linear=0
shrinkage=0.08


Tree=27
num_leaves=31
num_cat=0
split_feature=14 8 14 14 14 2 8 1 5 5 13 0 1 3 2 7 5 8 5 7 8 2 6 2 2 13 1 8 13 2
split_gain=7568.82 664.284 769.683 131.031 109.722 97.3203 55.5476 50.5238 48.3176 43.293 148.821 41.9405 45.2506 37.2193 27.8218 25.2344 28.6389 21.7923 18.9263 23.0419 20.3975 16.9229 15.3905 14.8573 14.4335 13.6035 13.0436 11.5897 9.82901 9.83674
threshold=0.51081699132919323 63.661756515502937 1.0000000180025095e-35 0.61794880032539379 0.41293056309223181 81.28433990478517 66.501647949218764 77.303031921386733 0.47222222387790685 1.0000000180025095e-35 1.0000000180025095e-35 27.475490570068363 42.179391860961921 98.07621002197267 90.366767883300795 16.080695152282718 0.64583334326744091 88.53107070922853 0.13392857462167743 16.657057762146 37.688747406005866 51.471860885620124 2.5000000000000004 93.788581848144545 68.042552947998061 1.0000000180025095e-35 95.69842910766603 27.964509010314945 1.0000000180025095e-35 89.386734008789077
decision_type=2 2 2 2 2 2 2 2 2 2 2 2 2 2 2 2 2 2 2 2 2 2 2 2 2 2 2 2 2 2
left_child=1 2 5 6 9 8 18 11 24 10 -4 -3 25 14 -6 16 -7 -14 21 20 -20 -2 -21 -17 -1 -13 -10 -15 29 -5
right_child=3 7 4 28 13 15 -8 -9 26 -11 -12 12 17 27 -16 23 -18 -19 19 22 -22 -23 -24 -25 -26 -27 -28 -29 -30 -31
leaf_value=-0.061690647236001553 -0.10429859161919672 0.053032163674956792 0.0040835847813046108 0.068802252432162439 -0.018622486762210972 0.057798736498617942 0.068821320068975886 0.086701709299022892 -0.0093287964453274939 -0.083226529386634815 -0.076187710834031974 0.089217122050006009 0.0015589834070837585 0.12111557479746779 0.127990434944075 0.034249156228343403 -0.0047188274815364584 0.058944057685971045 0.060236966013050737 0.086611529947664773 -0.038520980324808503 0.062192764881065926 -0.0032651392285942883 0.078251085254987876 -0.012397680435729466 -0.068446834291187336 0.028031266910794193 -0.068262104191818745 0.084838848341435666 0.082432133036090594
leaf_weight=149.33392784744501 4.2511979378759852 157.98759385198355 168.32570382580161 590.03521504625678 219.68386717140675 68.405076637864113 160.60581558197737 89.767360165715218 190.30867645889521 3365.5057471506298 1213.1690287403762 3.7268628254532805 135.79844487830997 2.0995900556445113 8.6082250811159593 107.12721712887287 149.1391634196043 61.549010884016752 15.405958671122788 23.417429603636265 102.02412863820791 48.293979726731777 25.441634375602007 90.683167286217213 51.001313850283623 58.151552777737379 87.218558683991432 138.36900531500578 2859.7450829073787 796.13091131299734
leaf_count=1795 38 1282 2534 9899 2198 411 2316 1332 899 63579 20438 41 1011 25 100 917 887 545 107 176 755 682 184 1121 292 393 418 2147 50399 13587
internal_value=-0.000128493 -0.055683 -0.0631024 0.0781338 -0.0750662 0.00541831 0.0330917 0.0322562 -0.0192007 -0.0783317 -0.0664072 0.0205417 0.000740151 -0.0330305 -0.0130941 0.0337423 0.0149393 0.0194563 0.00686926 -0.00635587 -0.0255647 0.0487227 0.0398114 0.0544212 -0.0491417 -0.0589509 0.00241236 -0.0654315 0.082159 0.0766304
internal_weight=11141.3 6515.96 6008.98 4625.35 5115.76 893.217 379.44 506.981 477.862 4747 1381.49 417.213 259.226 368.761 228.292 415.355 217.544 197.347 218.834 166.289 117.43 52.5452 48.8591 197.81 200.335 61.8784 277.527 140.469 4245.91 1386.17
internal_count=180508 102365 97761 78143 91021 6740 4258 4604 3404 86551 22972 3272 1990 4470 2298 3336 1298 1556 1942 1222 862 720 360 2038 2087 434 1317 2172 73885 23486
is_linear=0
shrinkage=0.08


Tree=28
num_leaves=31
num_cat=0
split_feature=9 8 14 1 2 9 9 0 14 5 5 0 3 13 5 2 3 7 13 7 5 13 5 7 5 1 0 0 2 6
split_gain=7174.82 701.752 353.431 322.372 85.7266 73.8717 65.8108 72.2435 53.9958 53.2086 43.823 42.0153 33.7531 33.2666 32.8462 31.9081 34.751 31.5079 31.3792 28.3366 25.242 24.9199 20.6578 19.867 32.1722 20.524 15.6637 14.8008 14.1417 19.7629
threshold=70.051548004150405 1.0000000180025095e-35 0.4615586400032044 69.00656890869142 83.047893524169936 92.145847320556655 53.368236541748054 57.804552078247077 0.6038089692592622 0.15476191043853763 0.31666667759418493 49.719100952148445 27.953488349914554 1.0000000180025095e-35 0.23611111193895343 75.582656860351577 99.523811340332045 6.9152948856353769 2.5000000000000004 7.3471546173095712 0.47222222387790685 1.0000000180025095e-35 0.64583334326744091 16.080695152282718 0.64583334326744091 99.494949340820327 87.20676422119142 30.0684928894043 93.788581848144545 2.5000000000000004
decision_type=2 2 2 2 2 2 2 2 2 2 2 2 2 2 2 2 2 2 2 2 2 2 2 2 2 2 2 2 2 2
left_child=1 4 6 5 10 13 -3 21 15 -9 27 12 -7 17 -14 -4 -17 -2 19 -15 -19 -8 26 24 -6 -26 -12 -1 29 -25
right_child=3 2 8 -5 23 11 7 9 -10 -11 22 -13 14 18 -16 16 -18 20 -20 -21 -22 -23 -24 28 25 -27 -28 -29 -30 -31
leaf_value=0.18501825138063879 0.081775727859280015 -0.082016207046410022 -0.050037945726912628 0.081127759855755738 0.067399964474652865 0.056206697252394494 -0.022143944502266501 0.076216547475709689 0.063271162272100306 -0.04200745053526303 -0.024047951464676354 0.076675199230569313 -0.019492933121782633 -0.030975870772089735 0.088451209268941511 0.050190123851463105 -0.022599916315436092 -0.088330905478184812 0.072068827410750658 0.08820939432691409 0.049324414899295448 -0.078408506215659327 0.014966983944092896 0.072278586006825088 -0.053818664935476906 0.014918627772907474 0.13701330732408462 -0.070703665334674218 0.077007809928669485 -0.0014297227086123414
leaf_weight=1.4722254127264012 50.542961947619915 4054.2937511391938 92.098010942339897 4007.2552502304316 56.110995851457119 124.60748976096511 62.925356756895781 44.383720330893993 79.206060107797384 54.015542663633823 224.88425232470036 181.09187651053071 110.38739103451371 230.66779975220561 21.565918400883675 72.980937924236059 98.806431543081999 16.619668029248714 23.682967148721218 13.514827840030192 17.505071077495813 252.69473667815328 179.61786456406116 42.575027644634247 38.756538100540638 98.346728794276714 3.9320493489503852 90.038328446447849 85.008027851581573 51.371576473116875
leaf_count=21 619 82302 777 74460 368 1100 804 291 1062 621 1444 2849 687 1617 275 533 902 115 186 163 200 4234 864 408 190 643 17 1197 1121 438
internal_value=-0.000125213 -0.0609375 -0.0729055 0.0719189 0.00508967 0.0252183 -0.0789137 -0.0485318 0.00534251 0.0113184 -0.016551 0.0471716 0.0263467 -0.00203559 -0.00185098 -0.012045 0.00832369 0.0416757 -0.015852 -0.0243793 -0.0177174 -0.067191 -0.00533972 0.0341602 0.0163717 -0.00451212 -0.0212802 -0.0665896 0.053366 0.0319736
internal_weight=10481 5683.52 4811.4 4797.44 872.114 790.186 4468.31 414.019 343.091 98.3993 499.945 437.653 256.561 352.533 131.953 263.885 171.787 84.6677 267.866 244.183 34.1247 315.62 408.434 372.169 193.214 137.103 228.816 91.5106 178.955 93.9466
internal_count=180508 98237 91526 82271 6711 7811 88252 5950 3274 912 3543 4911 2062 2900 962 2212 1435 934 1966 1780 315 5038 2325 3168 1201 833 1461 1218 1967 846
is_linear=0
shrinkage=0.08


Tree=29
num_leaves=31
num_cat=0
split_feature=9 9 14 14 10 1 7 9 13 13 1 9 7 6 2 7 10 2 5 7 14 9 1 13 2 9 2 1 7 6
split_gain=6505.56 717.056 447.075 175.873 108.852 91.1471 76.4829 70.2773 56.2671 52.9917 42.8388 37.7041 34.5965 30.0421 36.0307 29.7649 23.8605 23.1371 21.6542 21.6516 27.2886 21.2544 39.839 28.2838 21.0076 22.2186 19.5724 19.179 16.7201 16.6827
threshold=63.847667694091804 1.0000000180025095e-35 0.58827227354049694 0.41293056309223181 1.0000000180025095e-35 77.459678649902358 16.225119590759281 78.072010040283217 1.0000000180025095e-35 2.5000000000000004 74.322341918945327 54.434123992919929 6.9449577331542978 2.5000000000000004 93.40579986572267 20.855947494506839 -1.0000000180025095e-35 73.746868133544936 0.47222222387790685 7.2975258827209482 0.44241937994956976 53.368236541748054 87.226108551025405 1.0000000180025095e-35 88.047618865966811 80.151515960693374 90.521114349365249 87.026645660400405 7.7057902812957773 1.5000000000000002
decision_type=2 2 2 2 2 2 2 2 2 2 2 2 2 2 2 2 2 2 2 2 2 2 2 2 2 2 2 2 2 2
left_child=1 6 5 21 11 7 10 18 -9 -10 -1 26 -7 -8 15 -15 24 -13 28 -6 -21 -3 23 -23 25 27 -5 -4 -2 -12
right_child=2 3 16 4 19 12 13 8 9 -11 29 17 -14 14 -16 -17 -18 -19 -20 20 -22 22 -24 -25 -26 -27 -28 -29 -30 -31
leaf_value=-0.044200319723272444 -0.0288065497152966 -0.082085444303345523 -0.07176608360161385 -0.077528665893119034 0.010710870036011452 0.086135602815659795 0.071292883802023851 0.074131968727927031 -0.005152313495944397 0.060100453517585056 0.020789482772564722 -0.050571013304062155 -0.0076385647370606196 -0.094652524689703518 0.07085562290357425 0.012490200153547348 0.083622309289168306 0.017274320191073746 0.045630480010730876 0.34866995225569269 0.10310130757370725 -0.017582252339215048 0.16672926093188564 -0.078317774391455056 0.078935454178908793 0.059008307014499606 -0.021813807795758668 0.045797270062701276 -0.093941554079560757 -0.011119581928519657
leaf_weight=174.29467775672674 174.57252286747098 3654.2366669327021 16.47570738568902 143.56165477633476 14.749974250793455 150.90351934358478 117.20374347269535 109.72067860141397 339.64589529857039 104.05214321985841 186.86670810729265 50.747262299060822 30.222234323620796 22.196489907801151 49.353537261486053 65.748619712889194 3040.6612150408328 87.877556763589382 21.820294559001923 3.2223951853811768 28.602656904608011 65.832213681191206 4.929535135626792 192.74606804922223 402.99909555539489 251.79163804277778 56.131495129317045 19.26605636999011 29.482164494693279 238.9526008144021
leaf_count=1794 1730 80084 157 2499 100 2536 1156 1476 2393 967 1256 462 224 133 672 479 61860 495 126 27 298 943 23 3582 7799 4783 803 241 189 1221
internal_value=-0.000124721 -0.0621389 0.0680443 -0.0754335 -0.023831 0.0193686 0.00479391 0.00748712 0.0228352 0.0101502 -0.0107914 -0.0396163 0.0704887 0.0415439 0.016149 -0.0145516 0.0805736 -0.00756225 -0.0301174 0.0908321 0.127966 -0.0805031 -0.05856 -0.0628549 0.0671491 0.0506297 -0.0618678 -0.00839534 -0.0382174 0.0028834
internal_weight=9848.87 5157.25 4691.61 4302.64 384.893 960.419 854.616 779.294 553.419 443.698 600.114 338.318 181.126 254.502 137.299 87.9451 3731.19 138.625 225.875 46.575 31.8251 3917.74 263.508 258.578 690.532 287.533 199.693 35.7418 204.055 425.819
internal_count=180508 96027 84481 89316 4684 9641 6711 6881 4836 3360 4271 4259 2760 2440 1284 612 74840 957 2045 425 325 84632 4548 4525 12980 5181 3302 398 1919 2477
is_linear=0
shrinkage=0.08


Tree=30
num_leaves=31
num_cat=0
split_feature=14 8 14 14 14 2 10 5 7 10 5 1 5 5 13 0 0 8 3 10 3 1 2 7 5 2 10 2 8 0
split_gain=5659.92 515.391 645.584 133.399 108.93 69.9453 61.5926 85.0583 72.4768 52.5113 45.9679 42.6814 37.4679 36.8878 111.001 35.9811 31.7457 25.4635 25.3312 22.2736 21.5902 18.8615 15.7914 14.9269 25.1893 14.7981 14.5325 14.0443 13.0364 19.2968
threshold=0.51081699132919323 63.661756515502937 1.0000000180025095e-35 0.61794880032539379 0.37501408159732824 87.20676422119142 1.0000000180025095e-35 0.11805555596947671 7.2555918693542489 -1.0000000180025095e-35 0.15476191043853763 77.303031921386733 0.31666667759418493 1.0000000180025095e-35 1.0000000180025095e-35 25.176055908203129 44.033897399902351 37.688747406005866 31.851119995117191 -1.0000000180025095e-35 48.912528991699226 96.051948547363295 89.386734008789077 15.388145923614504 0.64583334326744091 74.322341918945327 1.0000000180025095e-35 88.989898681640639 50.990196228027351 61.938297271728523
decision_type=2 2 2 2 2 2 2 2 2 2 2 2 2 2 2 2 2 2 2 2 2 2 2 2 2 2 2 2 2 2
left_child=1 2 5 9 13 12 7 -6 -8 10 -2 15 25 14 -4 -3 18 -12 -17 22 -18 -14 -5 24 -7 -1 -15 -19 29 -11
right_child=3 11 4 19 6 23 8 -9 -10 28 17 -13 21 26 -16 16 20 27 -20 -21 -22 -23 -24 -25 -26 -27 -28 -29 -30 -31
leaf_value=-0.069064348424639876 0.080140495391621547 0.053569466220997695 0.002606367266820626 0.052531910387520191 0.067360750251751131 0.073661612666953896 -0.015542621732253844 -0.06286976904441885 0.15450983972748628 -0.076283102649230203 0.061147136953068393 0.0847353700103224 -0.012689345999138161 -0.083146742494440609 -0.074486798259046139 0.009787121803966993 0.06427202376363618 -0.061256135894373717 -0.05582287892184639 0.083360501538757251 -0.0040854294775730261 0.023064727868530796 0.077942904925329265 0.053604327714841332 -0.0055804116907883861 0.048878917891369986 -0.022194290558831622 0.0019705276493380882 0.067864531506376974 0.049754485543831023
leaf_weight=82.063605356961489 31.551345139741898 125.15904407948256 136.19906360283494 279.56687762588263 34.851243447512388 35.684215292334557 93.277841575443745 406.22195309028029 19.371490459889174 10.59858078882098 17.661109201610088 72.935162555426359 342.3270017132163 2497.8875700011849 976.5909388102591 75.999526154249907 63.755575444549322 75.746438257396221 74.657668441534042 2784.0608181282878 55.150642614811659 130.39898236840963 355.59327373281121 155.4406801238656 91.515437789261341 7.4242834448814383 25.287920512259007 31.975991621613503 145.16754498332739 29.175061721354723
leaf_count=1221 556 1113 2373 5412 384 277 745 7554 126 97 107 1332 2038 59064 20234 550 587 553 540 61130 482 728 7343 1843 597 36 541 173 2402 370
internal_value=-0.00012274 -0.051824 -0.0592864 0.0755123 -0.0721507 0.00450858 -0.0390957 -0.0525797 0.0137001 0.027865 -0.00617108 0.0285112 -0.0118124 -0.0771846 -0.065051 0.0181224 0.00166416 -0.0278904 -0.0227257 0.0802764 0.0325667 -0.00282677 0.0667582 0.0369733 0.0166499 -0.0592793 -0.0825359 -0.0424881 0.0567468 0.0161689
internal_weight=9263.3 5502.2 5034.54 3761.1 4189.69 844.854 553.723 441.073 112.649 341.876 156.935 467.658 562.214 3635.97 1112.79 394.722 269.563 125.384 150.657 3419.22 118.906 472.726 635.16 282.64 127.2 89.4879 2523.18 107.722 184.941 39.7736
internal_count=180508 102365 97761 78143 91021 6740 8809 7938 871 4258 1389 4604 4023 82212 22607 3272 2159 833 1090 73885 1069 2766 12755 2717 874 1257 59605 726 2869 467
is_linear=0
shrinkage=0.08


Tree=31
num_leaves=31
num_cat=0
split_feature=9 8 14 1 10 9 13 6 2 14 13 3 13 2 2 4 9 6 10 9 3 2 6 14 2 2 1 3 4 8
split_gain=5369.12 580.839 332.068 284.987 86.5319 67.9327 68.3156 250.396 62.4385 53.5902 50.0931 53.1249 43.5539 34.7198 33.753 29.1681 27.512 23.163 22.7075 20.1899 19.7742 19.3596 16.3789 22.665 14.7085 13.4843 12.8252 21.1825 12.294 11.4999
threshold=71.465583801269545 1.0000000180025095e-35 0.44241937994956976 69.00656890869142 1.0000000180025095e-35 53.368236541748054 1.0000000180025095e-35 1.0000000180025095e-35 66.312053680419936 0.55730250477790844 1.0000000180025095e-35 25.19841289520264 2.5000000000000004 90.521114349365249 93.40579986572267 63.702239990234382 56.268712997436531 1.0000000180025095e-35 -1.0000000180025095e-35 79.557674407958999 99.523811340332045 89.386734008789077 1.0000000180025095e-35 0.66679489612579357 70.659969329833999 67.890834808349624 97.915760040283217 97.332859039306655 79.784946441650405 60.805404663085945
decision_type=2 2 2 2 2 2 2 2 2 2 2 2 2 2 2 2 2 2 2 2 2 2 2 2 2 2 2 2 2 2
left_child=1 8 5 9 13 -3 7 -7 28 10 17 -12 -13 16 26 -8 -4 -2 21 25 -15 22 -5 -24 29 -11 27 -10 -1 -6
right_child=3 2 4 18 24 6 15 -9 14 19 11 12 -14 20 -16 -17 -18 -19 -20 -21 -22 -23 23 -25 -26 -27 -28 -29 -30 -31
leaf_value=-0.036340909569257882 0.083748403053092085 -0.080702211681883074 -0.071902554748344075 0.084457472946997666 -0.047245919159683986 0.20960462054781226 -0.072041440970130627 -0.064220322203314084 0.0035665587197576051 -0.16074050758713346 0.042727879112045584 -0.030678051942754241 0.044137767472398781 0.09684987839552063 0.051497607089627237 0.086176978201196047 -0.01280586826668575 -0.015013471769658303 0.082758405260631301 0.073338878413650194 0.0029208135203101018 0.079298509214106125 -0.027659138600585054 0.049651210353336347 0.085018900298195796 0.0513574728317771 0.023665052786849886 -0.068677099489053692 0.15462941202989935 0.094447885352514152
leaf_weight=201.27192213013768 77.835874460637569 3234.1121093481779 87.793709803372622 69.341595459729433 10.753677524626257 29.13176828622818 241.12410489842296 80.246420871466398 275.92823927849531 4.0311017185449591 138.04689534008503 263.16828839853406 61.421755842864513 17.87423412501812 138.9830655567348 7.6951687373220912 118.42272508144379 18.886040449142456 2609.0817462392151 139.37452114373446 72.63376697152853 312.88732851296663 27.793374635279179 191.41475952416658 73.538219671696424 3.6603073067963123 180.75441372394562 28.674453809857368 2.1808243691921225 5.5618040747940531
leaf_count=2103 1088 81714 1357 1431 66 188 4525 1178 1533 27 1065 1837 526 156 1688 56 822 138 61307 2902 803 7067 303 3997 1153 43 1233 144 10 48
internal_value=-0.000119191 -0.0567749 -0.0694595 0.069406 0.000992144 -0.077041 -0.0439843 0.00871017 0.0041949 0.0234033 0.012105 0.00115853 -0.0165208 -0.019836 0.0167372 -0.0671483 -0.0379654 0.064464 0.0795281 0.0663756 0.0214707 0.065515 0.0505689 0.039849 0.0697731 -0.059804 0.00678346 -0.00323426 -0.0342939 0.00105625
internal_weight=8723.62 4806.68 3978.89 3916.94 386.578 3592.31 358.197 109.378 827.793 706.425 559.359 462.637 324.59 296.724 624.34 248.819 206.216 96.7219 3210.52 147.066 90.508 601.437 288.55 219.208 89.8537 7.69141 485.357 304.603 203.453 16.3155
internal_count=180508 98777 92066 81731 4405 87661 5947 1366 6711 7626 4654 3428 2363 3138 4598 4581 2179 1226 74105 2972 959 12798 5731 4300 1267 70 2910 1677 2113 114
is_linear=0
shrinkage=0.08


Tree=32
num_leaves=31
num_cat=0
split_feature=9 8 14 4 10 7 14 9 13 7 9 13 13 8 7 2 5 7 6 2 5 7 6 7 10 2 1 2 7 14
split_gain=4862.07 549.811 319.102 283.602 113.647 57.5746 54.7992 48.933 61.7243 183.916 43.1166 39.0981 45.6482 38.5916 38.1461 35.4575 33.9663 29.8943 29.2028 30.7289 27.013 26.7298 26.1485 47.4996 23.0721 19.1256 18.9991 18.2429 25.0974 24.2313
threshold=71.465583801269545 1.0000000180025095e-35 0.41293056309223181 59.885057449340827 1.0000000180025095e-35 16.225119590759281 0.64402773976326 54.953443527221687 1.0000000180025095e-35 6.0029246807098398 54.434123992919929 1.0000000180025095e-35 2.5000000000000004 37.688747406005866 7.7057902812957773 26.158231735229496 0.31666667759418493 8.6932015419006365 2.5000000000000004 93.40579986572267 0.47222222387790685 25.066986083984379 1.5000000000000002 10.699700832366945 -1.0000000180025095e-35 90.521114349365249 79.118217468261733 88.047618865966811 8.3003315925598162 0.69841983914375316
decision_type=2 2 2 2 2 2 2 2 2 2 2 2 2 2 2 2 2 2 2 2 2 2 2 2 2 2 2 2 2 2
left_child=1 5 7 6 10 16 11 -3 9 -9 25 14 15 -12 -2 -13 -1 -6 -7 21 -16 -20 23 -18 27 -4 -10 28 -5 -30
right_child=3 2 4 24 17 18 -8 8 26 -11 13 12 -14 -15 20 -17 22 -19 19 -21 -22 -23 -24 -25 -26 -27 -28 -29 29 -31
leaf_value=-0.057734043765597542 0.08267998659722578 -0.080447096571671095 -0.074817202604492414 0.080855567577543544 0.0089925319122558574 0.068026758596952827 0.077801083759622927 0.21630435499613523 -0.07069746815641785 -0.071270664134227155 0.088713893436852126 0.029017995501638506 0.053224511212834037 -0.015939176610413767 -0.10255138538819533 -0.023568896144927777 -0.00091049880881168498 0.10091431920164493 -0.052367989716094965 0.067102997185717161 0.056260708459167738 0.038962353478205237 -0.018706201419867036 0.087971604969079811 0.082530846478218498 -0.016785406574724153 0.095375645941583168 0.077719364498293114 -0.043276016318051377 0.042796183738707978
leaf_weight=80.810626849532127 84.876500524580479 2986.7068154849112 119.29271429032087 98.698318213224411 34.896140113472939 107.48359382897615 98.936589509248734 21.265818011015654 186.65022045746446 43.038086105138063 25.781136255711317 116.08634942024946 96.424871597439051 180.00050949305296 14.185541104525328 279.96378361061215 180.69865160435438 64.485002089291811 51.654045291244984 42.494334261864424 13.264018695801497 34.014285624027252 270.04687837511301 48.892372146248817 2398.6761923395097 52.273291982710361 4.5154024958610526 311.79617711156607 24.69283115491271 137.47708906233311
leaf_count=1231 1320 81268 2499 2133 297 1156 2243 138 3640 643 191 830 980 1488 108 2165 1273 1063 344 672 134 268 1419 348 60997 803 36 7539 282 3000
internal_value=-0.000117321 -0.0555379 -0.0685868 0.068271 -0.00747432 0.00392486 0.0226061 -0.0775727 -0.0439681 0.0238327 -0.0275197 0.013577 0.00386278 -0.00282783 0.0561676 -0.00815514 -0.00961405 0.0686374 0.0372742 0.0114835 -0.0258111 -0.0161056 -0.0018312 0.0180173 0.0790864 -0.0571359 -0.0667748 0.0646588 0.0490485 0.0296904
internal_weight=8210.08 4535 3718.91 3675.08 476.729 816.095 703.738 3242.18 255.47 64.3039 377.348 604.801 492.475 205.782 112.326 396.05 580.449 99.3811 235.646 128.163 27.4496 85.6683 499.638 229.591 2971.34 171.566 191.166 572.664 260.868 162.17
internal_count=180508 98777 92066 81731 6341 6711 7780 85725 4457 781 4981 5537 3975 1679 1562 2995 4271 1360 2440 1284 242 612 3040 1621 73951 3302 3676 12954 5415 3282
is_linear=0
shrinkage=0.08


Tree=33
num_leaves=31
num_cat=0
split_feature=9 8 14 1 10 7 9 0 14 9 0 0 8 5 3 5 7 3 6 3 10 6 7 9 0 1 0 7 14 0
split_gain=4398.96 520.894 306.861 280.385 100.35 50.3275 48.1124 55.3684 47.1103 39.5967 38.7338 45.3237 33.312 33.0367 31.3342 30.4379 28.7872 27.5324 26.5173 25.6657 24.9426 22.1051 41.2129 18.0197 16.4659 15.8629 14.5644 16.3934 31.116 14.2408
threshold=71.465583801269545 1.0000000180025095e-35 0.41293056309223181 69.00656890869142 1.0000000180025095e-35 16.225119590759281 53.368236541748054 57.804552078247077 0.55730250477790844 54.434123992919929 25.176055908203129 43.693181991577156 36.009479522705085 0.13392857462167743 31.851119995117191 0.31666667759418493 8.6932015419006365 44.033897399902351 2.5000000000000004 95.488464355468764 -1.0000000180025095e-35 1.5000000000000002 10.813905239105226 79.557674407958999 90.824913024902358 95.69842910766603 93.40579986572267 8.3524279594421404 0.66679489612579357 74.322341918945327
decision_type=2 2 2 2 2 2 2 2 2 2 2 2 2 2 2 2 2 2 2 2 2 2 2 2 2 2 2 2 2 2
left_child=1 5 6 8 9 15 -3 -8 10 24 -2 14 -11 -9 -12 29 -6 -13 -7 -20 26 22 -17 -10 -4 -23 27 -5 -29 -1
right_child=3 2 4 20 16 18 7 13 23 12 11 17 -14 -15 -16 21 -18 -19 19 -21 -22 25 -24 -25 -26 -27 -28 28 -30 -31
leaf_value=-0.068759868224156792 0.045077892465215576 -0.080317236599465519 -0.071681929875698394 0.082534071828011424 0.008289725525059119 0.065603789148063113 -0.061422360184827926 0.086345118791099143 -0.054990195322459981 0.098464046207491926 0.0039195618676727655 0.079988539577003359 -0.012888799817942664 -0.051435175720281674 -0.0595486732860602 0.0010639992599790799 0.09965539817565261 0.0082312106149185858 -0.047812543753375451 0.033079111986566156 0.082017507580294899 -0.034865557142541172 0.090637199655930464 0.071263181197720668 -0.015721649856554182 0.0040138211571324744 0.081942390979305404 -0.046325274254677508 0.051875424479659732 0.034031139496783297
leaf_weight=67.437298264354467 148.66260892897844 2723.2008059211075 115.73516266793013 93.456587124615908 34.829183753579855 102.73511155322194 243.71841916814446 28.962900850921869 7.6873978972434989 18.943760935217142 94.345652874559164 44.518085405230522 186.15479793772101 18.097335860133171 105.40015844255686 189.65420164167881 60.249154102057219 147.94712848216295 34.62547180429101 91.278941132128239 2244.835038471967 147.47689704596996 39.767526745796204 122.95114789158106 47.447549693286419 123.3249658420682 172.11113909631968 22.542729921638966 246.04477525129914 9.8910225890576822
leaf_count=1174 1337 80084 2560 2199 297 1156 5106 232 70 146 683 379 1533 303 781 1341 1063 1474 200 1084 61307 739 280 2902 742 680 4482 225 5892 57
internal_value=-0.000113262 -0.0542637 -0.0676963 0.0671103 -0.0070857 0.00367491 -0.0770144 -0.0460825 0.0207184 -0.0260022 0.0103046 -0.00287581 -0.00260379 0.0333608 -0.0295708 -0.00890141 0.0661862 0.024829 0.0354432 0.0108328 0.0783204 -0.00168055 0.0165904 0.0638338 -0.0554107 -0.0171596 0.0627831 0.053675 0.0436334 -0.0556119
internal_weight=7734.03 4283.53 3477.34 3450.5 463.36 806.191 3013.98 290.779 671.512 368.281 540.874 392.211 205.099 47.0602 199.746 577.552 95.0783 192.465 228.64 125.904 2778.99 500.224 229.422 130.639 163.183 270.802 534.155 362.044 268.588 77.3283
internal_count=180508 98777 92066 81731 6341 6711 85725 5641 7626 4981 4654 3317 1679 535 1464 4271 1360 1853 2440 1284 74105 3040 1621 2972 3302 1419 12798 8316 6117 1231
is_linear=0
shrinkage=0.08


Tree=34
num_leaves=31
num_cat=0
split_feature=9 8 9 4 0 9 2 8 1 5 2 2 10 5 10 0 4 2 9 8 1 13 5 1 11 5 1 1 5 2
split_gain=3974.88 491.49 296.419 280.109 119.669 49.6061 48.2009 45.0083 45.4258 36.1756 30.0106 29.699 78.5153 30.1669 25.3368 23.4675 31.9566 19.3258 18.5233 15.1423 15.3264 14.835 57.8779 12.7377 12.6769 12.5368 11.2039 11.662 11.116 10.5991
threshold=71.465583801269545 1.0000000180025095e-35 53.368236541748054 59.885057449340827 49.719100952148445 96.437637329101577 60.736890792846687 37.182706832885749 85.880397796630874 0.47222222387790685 92.031745910644545 90.366767883300795 1.0000000180025095e-35 0.38750000298023229 -1.0000000180025095e-35 27.475490570068363 29.459980010986332 93.40579986572267 82.679485321044936 41.280080795288093 56.562757492065437 1.0000000180025095e-35 0.095454547554254546 87.026645660400405 -1.0000000180025095e-35 0.47222222387790685 98.332870483398452 92.907444000244155 0.10555555671453477 27.36185455322266
decision_type=2 2 2 2 2 2 2 2 2 2 2 2 2 2 2 2 2 2 2 2 2 2 2 2 2 2 2 2 2 2
left_child=1 6 11 5 21 9 25 -6 -9 15 26 -3 13 -13 17 29 -17 18 23 -7 -21 22 -4 -5 -20 28 27 -8 -1 -2
right_child=3 2 4 14 7 19 10 8 -10 -11 -12 12 -14 -15 -16 16 -18 -19 24 20 -22 -23 -24 -25 -26 -27 -28 -29 -30 -31
leaf_value=0.11354090180904153 0.037128878186621354 -0.079903187709845114 0.19419088589528152 -0.030375476140850264 0.088155588222523243 -0.060632124323155755 -0.00077172910635902464 -0.022803689524934563 0.036594116146169364 0.066733323331551866 0.043492197151312972 0.23938916361478307 0.25668576935928239 -0.058959482623633618 0.08185429324309075 -0.10952538863989114 -0.0098544318090961411 0.083085902019786023 -0.10691779827187482 0.034643176353390939 0.07525762113910274 -0.07586029981244688 -0.075333007721967202 0.050042333999893718 0.06029276911127604 -0.0073350474289517143 0.019840320353905358 -0.053498165417245627 -0.061204653574643296 -0.03498070420863271
leaf_weight=2.3928456343710414 88.699389826506376 2537.7411066070199 6.6134819909930256 27.82908408716321 43.06175933778286 7.9772739075124255 299.59064976125956 202.53039348125458 138.92774741351604 50.16938167065382 154.18205469474196 2.2043234948068848 5.4040063619613639 135.40538746863604 2061.9402557648718 22.501004613935947 242.08723443746567 179.12579811736941 2.9325857125222674 144.44145983830094 101.07609260082245 161.78767764568329 22.269342105835676 23.04368719831109 276.35965658724308 51.982145339250565 169.08893483877182 29.48955824971199 88.419189691543579 15.295064229518173
leaf_count=34 665 79617 55 324 409 51 1760 2332 1739 958 1924 47 34 3599 60997 180 2178 5018 70 1429 2211 3873 361 497 7045 260 1146 156 1431 108
internal_value=-0.000111777 -0.0529529 -0.0667232 0.0658865 -0.0146125 0.0199081 0.00343382 0.011083 0.00136326 0.00299982 0.0126491 -0.0779043 -0.0424338 -0.0541803 0.0779075 -0.00567522 -0.0183306 0.0619285 0.0504499 0.0478392 0.0513636 -0.0664319 -0.0136184 0.00605114 0.058537 -0.0386659 0.00310324 -0.00549665 -0.0566002 0.0265233
internal_weight=7294.57 4051.09 3255.95 3243.48 575.19 672.247 795.145 384.52 341.458 418.752 652.351 2680.75 143.014 137.61 2571.23 368.583 264.588 509.291 330.165 253.495 245.518 190.671 28.8828 50.8728 279.292 142.794 498.169 329.08 90.812 103.994
internal_count=180508 98777 92066 81731 8769 7780 6711 4480 4071 4089 4986 83297 3680 3646 73951 3131 2358 12954 7936 3691 3640 4289 416 821 7115 1725 3062 1916 1465 773
is_linear=0
shrinkage=0.08


Tree=35
num_leaves=31
num_cat=0
split_feature=9 8 14 14 4 9 10 7 10 10 6 7 6 5 7 8 5 7 9 0 5 7 6 7 0 4 8 4 4 7
split_gain=3596.97 546.12 401.37 105.333 62.0499 51.3062 46.6484 41.933 29.1276 28.9512 28.1824 27.6419 51.2682 27.0638 27.6863 25.5973 25.2689 24.0784 21.0413 32.3298 30.2109 19.9358 19.742 35.3034 14.7408 15.2726 14.5066 14.502 13.7235 13.6596
threshold=61.348484039306648 1.0000000180025095e-35 0.61794880032539379 0.41293056309223181 74.543037414550795 82.167320251464858 1.0000000180025095e-35 16.561747550964359 1.0000000180025095e-35 -1.0000000180025095e-35 2.5000000000000004 16.460883140563968 2.5000000000000004 0.47222222387790685 7.7057902812957773 41.797163009643562 0.31666667759418493 20.743985176086429 53.368236541748054 57.307060241699226 0.13392857462167743 8.4716072082519549 1.5000000000000002 10.813905239105226 30.0684928894043 73.375530242919936 28.50589752197266 61.143791198730476 91.331184387207045 13.219119548797609
decision_type=2 2 2 2 2 2 2 2 2 2 2 2 2 2 2 2 2 2 2 2 2 2 2 2 2 2 2 2 2 2
left_child=1 7 4 18 5 13 11 16 -7 -4 -9 26 -13 14 -2 -10 24 28 -3 -20 -21 -8 23 -18 -1 -26 -5 -24 -12 -15
right_child=2 3 9 6 -6 8 21 10 15 -11 17 12 -14 29 -16 -17 22 -19 19 20 -22 -23 27 -25 25 -27 -28 -29 -30 -31
leaf_value=0.20848050937711474 -0.015456965433217163 -0.079470068236956057 0.059630167929547409 0.121011503854348 0.070641677106770009 0.070277080934265934 -0.012106303979770212 0.068244279274986094 -0.058972806782047124 0.081704457131598893 -0.0921496885741028 0.12340080952368274 -0.03768550777132567 0.07385163644140974 -0.083593939615670743 0.02083683978756681 0.0014161966647085751 0.027164174128782727 -0.067674140304204808 0.093653175700628574 -0.059512010261435516 0.12288547120006157 -0.07718654136096649 0.085014275892911204 -0.072790900462561203 0.035248841748194856 -0.054866044493527555 -0.010531101921698439 0.047550085339797987 -0.018189699561828285
leaf_weight=1.3573022671043862 229.97748041152954 2346.8414646815509 474.7294752523303 3.0507725663483134 113.53636805899441 73.230562578886747 11.547089103609325 88.155215587466955 27.530744161456823 1910.7067203484476 19.690966520458463 17.975071609020233 42.641235066577792 28.394637580960989 45.760407090187073 390.95169666036963 187.42992958426476 96.385751113295555 130.96176663413644 17.344988021999598 15.703853286802767 17.786615833640099 22.762174166738987 39.068870604038239 60.003207962960005 9.7320166714489442 185.49116494506598 253.96794459596276 5.8337228186428538 16.210808869451284
leaf_count=21 2798 80084 12755 34 2536 1450 84 1062 205 61130 113 189 623 199 364 3886 1341 1094 3484 149 297 189 148 280 1154 56 3218 1365 77 123
internal_value=-0.000113808 -0.0557727 0.0599611 -0.0723566 0.0152459 0.00750088 -0.0256772 0.00320108 0.0237315 0.0773114 0.0337857 -0.0369115 0.0100828 -0.0174123 -0.0267647 0.0155864 -0.00798563 0.00886812 -0.0775341 -0.0498314 0.0208735 0.0697465 -0.00167845 0.0158361 -0.052631 -0.0577132 -0.0520202 -0.0160138 -0.060221 0.0404014
internal_weight=6884.76 3573.73 3311.03 2789.34 925.593 812.056 278.492 784.387 491.713 2385.44 210.066 249.158 60.6163 320.343 275.738 418.482 574.321 121.91 2510.85 164.011 33.0488 29.3337 503.229 226.499 71.0925 69.7352 188.542 276.73 25.5247 44.6054
internal_count=180508 95062 85446 88351 11561 9025 4337 6711 5541 73885 2346 4064 812 3484 3162 4091 4365 1284 84014 3930 446 273 3134 1621 1231 1210 3252 1513 190 322
is_linear=0
shrinkage=0.08


Tree=36
num_leaves=31
num_cat=0
split_feature=9 8 9 1 2 10 2 13 13 3 3 13 5 2 10 10 7 5 5 5 5 5 2 7 14 2 2 1 3 7
split_gain=3244.58 437.664 275.528 273.178 96.9281 42.0553 40.1422 38.6094 46.5577 37.1896 32.6094 32.0599 131.283 30.9799 66.5037 28.6198 26.4571 26.3163 26.2896 25.0778 24.09 24.0065 22.0553 22.6082 24.1434 13.9643 12.7304 10.5654 16.6404 9.40964
threshold=71.465583801269545 1.0000000180025095e-35 53.368236541748054 69.00656890869142 57.321428298950202 1.0000000180025095e-35 92.031745910644545 1.0000000180025095e-35 2.5000000000000004 62.575302124023445 27.475490570068363 1.0000000180025095e-35 0.095454547554254546 90.366767883300795 1.0000000180025095e-35 -1.0000000180025095e-35 7.7057902812957773 0.5634920895099641 0.13392857462167743 0.31666667759418493 0.31666667759418493 0.47222222387790685 93.40579986572267 8.3524279594421404 0.69841983914375316 74.322341918945327 26.766168594360355 96.225070953369155 97.332859039306655 15.946934223175051
decision_type=2 2 2 2 2 2 2 2 2 2 2 2 2 2 2 2 2 2 2 2 2 2 2 2 2 2 2 2 2 2
left_child=1 6 13 7 11 18 19 16 9 10 -9 12 -4 -3 17 22 -2 -15 -6 25 -13 -18 23 -5 -25 26 -1 28 -21 -8
right_child=3 2 4 15 5 -7 29 8 -10 -11 -12 20 -14 14 -16 -17 21 -19 -20 27 -22 -23 -24 24 -26 -27 -28 -29 -30 -31
leaf_value=0.291156859855696 0.079063897867532429 -0.079053496414221172 0.18654495199907911 0.081648498364079475 0.092876496958798571 0.070551072444375806 0.020286794297449531 0.020292669898141158 0.054634454150193607 0.069412303848750689 -0.030635390374036706 -0.070247910698621213 -0.062262983851600458 0.1237035647402224 0.24341943488510379 0.081027234411055624 -0.081245459482096202 -0.05822089766847377 -0.0084000516057031148 -0.0029225373482879785 0.14117726340055467 0.051166024416842842 0.082675797864232389 -0.038128504923742854 0.042245366315763651 0.044401585351974568 -0.069159618559408928 0.015552526788951812 -0.064738030389401541 0.060826579366933448
leaf_weight=0.63430763408541579 91.574970787391067 2188.7682062666863 17.661508290097117 80.529970411211252 17.993332881480455 75.198017684742808 72.846255004405975 121.28701731190085 103.74669037014246 38.308755880221725 239.07273619063199 182.38974005356431 58.624120719730854 5.3179909251630297 5.135903298854827 1791.7353501617908 14.532537160441278 118.12537717074156 185.69666181877255 347.06530270725489 3.5155650898814192 22.0732810664922 157.04745866544545 27.455163788050413 185.72916607186198 8.4787525087594968 58.972249042242765 182.64918494969606 30.304345928132534 73.730762381106615
leaf_count=10 1844 79617 131 2261 115 1326 618 896 1499 976 1804 4469 943 123 34 61307 153 3523 1755 2164 30 454 5024 341 5172 43 1182 1232 156 1306
internal_value=-0.000115752 -0.0503548 -0.0648098 0.0634129 -0.0134085 0.0194221 0.00298157 0.0168941 0.00689548 -0.00552778 -0.0134944 -0.0483298 -0.00465943 -0.0768116 -0.038648 0.0764941 0.0560846 -0.0503835 0.0005464 -0.00581567 -0.0662498 -0.00140143 0.0584756 0.0455358 0.0318943 -0.0516609 -0.0653253 -0.000241954 -0.00788658 0.040679
internal_weight=6506.2 3633.11 2858.43 2873.09 541.079 278.888 774.681 630.596 502.415 398.669 360.36 262.191 76.2856 2317.35 128.579 2242.5 128.181 123.443 203.69 628.104 185.905 36.6058 450.762 293.714 213.184 68.0853 59.6066 560.019 377.37 146.577
internal_count=180508 98777 92066 81731 8769 3196 6711 7626 5175 3676 2700 5573 1074 83297 3680 74105 2451 3646 1870 4787 4499 607 12798 7774 5513 1235 1192 3552 2320 1924
is_linear=0
shrinkage=0.08


Tree=37
num_leaves=31
num_cat=0
split_feature=8 2 1 10 8 8 8 8 8 10 1 2 2 5 5 13 10 8 6 1 2 3 13 13 3 7 7 1 10 7
split_gain=2400.05 507.047 246.212 194.453 118.272 82.6406 56.0123 53.969 53.6567 35.7407 30.9286 30.682 29.5547 28.3245 21.7406 71.5007 34.6218 20.9648 18.6966 18.0262 17.9393 19.1494 14.4512 18.2435 14.4265 14.4121 12.7427 12.2141 15.8281 26.9811
threshold=56.804151535034187 76.689495086669936 73.375530242919936 1.0000000180025095e-35 1.0000000180025095e-35 23.345499038696293 41.435005187988288 74.095859527587905 44.783893585205085 -1.0000000180025095e-35 87.226108551025405 88.047618865966811 53.410852432250984 0.47222222387790685 1.0000000180025095e-35 1.0000000180025095e-35 1.0000000180025095e-35 70.415351867675795 2.5000000000000004 86.72955703735353 93.40579986572267 82.097072601318374 2.5000000000000004 1.0000000180025095e-35 74.601570129394545 16.384719848632816 15.946934223175051 47.165775299072273 -1.0000000180025095e-35 7.100433588027955
decision_type=2 2 2 2 2 2 2 2 2 2 2 2 2 2 2 2 2 2 2 2 2 2 2 2 2 2 2 2 2 2
left_child=1 4 7 5 13 20 -7 27 14 11 -10 17 22 -1 15 -6 -16 19 -19 -4 21 -3 23 -9 -12 -8 -22 -2 29 -29
right_child=2 3 9 -5 8 6 25 12 10 -11 24 -13 -14 -15 16 -17 -18 18 -20 -21 26 -23 -24 -25 -26 -27 -28 28 -30 -31
leaf_value=-0.043243246731363948 -0.035574893228018406 0.066939035608796549 -0.060261531591822799 0.090714812097107536 0.0078321859532417912 -0.05250280826142617 -0.014402380863185437 0.071860323321631323 -0.049235597378657653 0.081103636429819409 0.09955184044790466 0.074690986237342091 0.071062292234531241 0.003965640140611292 -0.07979354601020848 -0.072723159498922552 0.018072382476148379 0.056986647364444414 -0.048778692831880417 0.034739169361769212 0.017341036941561718 0.0008360212179318342 0.053473913333834028 0.00034406415153014931 -0.0058223404228660213 0.03138979368239813 0.070068647543721885 0.057073600428131449 0.019357188774762966 -0.081030385123807919
leaf_weight=138.1972066834569 94.286581803113222 31.092757768929005 26.34282611310482 148.17397296614945 86.214608881622553 296.02804060839117 111.24529288895428 26.450177630409598 456.43839593790472 1481.4665783978999 11.235028754919766 202.0107399802655 107.57654817029834 197.69493178278208 1293.7101808097214 387.33312194980681 23.556071097031236 110.92177935875952 11.838537663221357 24.833491509780288 58.197135416790843 286.35741353966296 66.092836746945977 166.72379408031702 31.995746683329344 72.754691308364272 59.145236035808921 13.0170964859426 97.977234236896038 29.735451772809029
leaf_count=1987 1245 163 391 4945 2186 10147 2460 555 12326 54439 258 6520 3186 983 50685 12927 584 3123 291 513 541 2048 779 1317 814 1741 1182 252 1541 379
internal_value=-0.000114259 -0.0409216 0.0611043 0.00569615 -0.0597895 -0.00807437 -0.0309581 0.0166363 -0.0662907 0.0755133 -0.0431102 0.0534841 0.0358108 -0.0154577 -0.0727584 -0.0580572 -0.0780435 0.0288543 0.046787 -0.0141621 0.0171901 0.0073105 0.0211841 0.0101364 0.0215628 0.00370412 0.0439179 -0.0132936 0.00163449 -0.0389811
internal_weight=6148.64 3689.37 2459.27 1062.99 2626.38 914.821 480.028 601.86 2290.48 1857.41 499.669 375.947 366.843 335.892 1790.81 473.548 1317.27 173.937 122.76 51.1763 434.793 317.45 259.267 193.174 43.2308 184 117.342 235.016 140.73 42.7525
internal_count=180508 105977 74531 23227 82750 18282 14348 9254 79780 65277 13398 10838 5837 2970 66382 15113 51269 4318 3414 904 3934 2211 2651 1872 1072 4201 1723 3417 2172 631
is_linear=0
shrinkage=0.08


Tree=38
num_leaves=31
num_cat=0
split_feature=9 9 14 14 1 9 10 2 10 7 13 7 7 2 9 13 7 2 2 7 9 6 13 0 9 9 7 0 7 2
split_gain=2677.63 467.375 355.753 103.704 58.1317 38.6847 32.9565 32.0426 29.9632 28.6809 27.6377 84.0132 32.3343 26.3699 22.2999 31.3416 119.03 20.8587 20.3508 18.0947 17.3357 14.3534 14.1087 13.3607 10.9333 10.5587 10.3342 23.0385 10.2603 11.3595
threshold=61.348484039306648 1.0000000180025095e-35 0.63164624571800243 0.41293056309223181 77.459678649902358 96.315685272216811 1.0000000180025095e-35 60.736890792846687 -1.0000000180025095e-35 6.9449577331542978 1.0000000180025095e-35 7.7057902812957773 7.3471546173095712 90.521114349365249 53.368236541748054 1.0000000180025095e-35 6.0029246807098398 93.40579986572267 93.40579986572267 8.4716072082519549 97.912307739257827 2.5000000000000004 1.0000000180025095e-35 57.307060241699226 53.866081237792976 44.255041122436531 8.1674318313598651 39.415279388427741 15.946934223175051 99.523811340332045
decision_type=2 2 2 2 2 2 2 2 2 2 2 2 2 2 2 2 2 2 2 2 2 2 2 2 2 2 2 2 2 2
left_child=1 7 4 14 5 10 13 26 17 -6 11 -2 -12 24 -3 16 -16 20 -9 -8 21 -4 -7 -11 -5 -15 27 -1 29 -20
right_child=2 3 8 6 9 22 19 18 -10 23 12 -13 -14 25 15 -17 -18 -19 28 -21 -22 -23 -24 -25 -26 -27 -28 -29 -30 -31
leaf_value=0.29288715332701054 0.082326776104233501 -0.078254050898726613 0.040145371205841808 -0.07050022851653788 0.082879249136509556 0.084826220084483914 -0.0155047037695161 0.0033532981501640646 0.081022538725506812 -0.13055380878162878 -0.021839355002141507 -0.043191265161465361 0.085045149706688292 -0.06705914828388021 0.23103411968146176 -0.071432932711191652 -0.065411201699638946 0.080375387753470112 0.084583071363317594 0.11782109969968041 0.078914836678139602 -0.019209679196393371 0.026217028520791157 0.022752036947379799 -0.028259124921371052 0.021223540007681344 -0.047986969105490371 -0.011698855908933816 0.065577165860496972 -0.0018586280880609884
leaf_weight=1.6629196479916561 74.540123045444489 1895.4096110332757 158.48104364424944 80.834269590675831 104.52754759788513 31.506802661344409 11.190899465233089 514.56605571880937 1510.9705536216497 3.9082886055111876 379.56089424155653 62.950192948803306 19.021787317469716 10.104728188365696 11.558038763701914 96.320087783038616 34.674961645156145 146.57200884446502 12.467511259019373 15.591559646651147 62.655892238020897 31.209525709971786 158.65635343641043 52.652437377721071 76.167439006268978 61.083395443856716 92.284234117716551 35.915209978818893 55.134411949664354 44.304749540984631
leaf_count=24 1222 80084 4543 2430 3055 718 84 3298 60664 33 3933 560 248 301 72 3042 816 5198 137 189 1971 890 1782 629 695 638 1191 510 1170 381
internal_value=-9.90781e-05 -0.0519531 0.0564275 -0.0699412 0.0145708 0.00492704 -0.0218415 0.00258045 0.0758739 0.0580481 -0.00606989 0.0248581 -0.0167384 -0.031695 -0.0759591 -0.0454445 0.00869877 0.0563725 0.0100774 0.0621117 0.0424307 0.0303798 0.0359276 0.0121588 -0.0500075 0.00869234 -0.033586 0.00177978 0.0409962 0.0171245
internal_weight=5846.48 3049.27 2797.21 2292.93 887.324 726.236 254.972 756.335 1909.89 161.088 536.073 137.49 398.583 228.19 2037.96 142.553 46.233 398.918 626.473 26.7825 252.346 189.691 190.163 56.5607 157.002 71.1881 129.862 37.5781 111.907 56.7723
internal_count=180508 95062 85446 88351 12180 8463 4337 6711 73266 3717 5963 1782 4181 4064 84014 3930 888 12602 4986 273 7404 5433 2500 662 3125 939 1725 534 1688 518
is_linear=0
shrinkage=0.08


Tree=39
num_leaves=31
num_cat=0
split_feature=9 8 4 9 0 8 5 10 10 14 9 1 0 4 8 0 0 7 14 10 13 1 13 8 7 1 5 7 4 0
split_gain=2413.34 368.547 251.547 247.823 84.8827 44.4767 36.6077 30.9337 29.7729 29.3794 29.2652 29.2172 20.1788 27.3686 18.4488 15.5825 15.5157 17.0048 22.9661 15.3376 13.5401 37.6386 11.6992 12.1642 10.7638 9.94341 9.63095 12.8818 18.1617 9.06902
threshold=71.465583801269545 1.0000000180025095e-35 59.885057449340827 53.368236541748054 49.719100952148445 43.341543197631843 0.43650794029235845 -1.0000000180025095e-35 -1.0000000180025095e-35 0.41293056309223181 96.315685272216811 74.322341918945327 27.475490570068363 29.459980010986332 31.437556266784672 93.40579986572267 93.40579986572267 8.3003315925598162 0.76345023512840282 1.0000000180025095e-35 1.0000000180025095e-35 38.165266036987312 1.0000000180025095e-35 41.797163009643562 15.32244396209717 65.058139801025405 0.47222222387790685 7.8764176368713388 54.433221817016609 30.0684928894043
decision_type=2 2 2 2 2 2 2 2 2 2 2 2 2 2 2 2 2 2 2 2 2 2 2 2 2 2 2 2 2 2
left_child=1 11 6 9 20 25 10 16 -7 -3 12 26 -2 -14 24 -13 17 -4 -19 -16 21 -5 -12 -24 -11 -6 29 28 -28 -1
right_child=2 3 7 4 5 8 -8 -9 -10 14 22 15 13 -15 19 -17 -18 18 -20 -21 -22 -23 23 -25 -26 -27 27 -29 -30 -31
leaf_value=0.13059409806791167 0.024887595915733807 -0.077812285747316412 0.078142661926697707 0.286290643871775 0.11675884347923898 -0.03016367345356331 0.069895538999878742 0.080423630099482113 0.024570139856401132 0.012595596131279989 0.081619589253299832 0.004523440718568957 -0.10661173281947502 -0.009879506181685458 -0.052933293993185526 0.038839542818603787 0.080014402886370295 -0.016331434900865041 0.047566877151522205 0.052763002764970618 -0.072616954678274906 -0.041108370131357916 -0.084117615659873787 0.029703579676077427 0.23371487909481578 0.047129418200527406 0.1977311763464282 -0.020445560724439826 -0.021035515290460115 -0.049980364564093549
leaf_weight=1.8179404921829689 98.918253811076283 1759.2199742998928 72.730689268559217 2.5062070600688484 16.171924019232392 145.35875890217721 69.523441500961781 1417.3029615078121 113.08929393813014 3.5203538723289958 27.642074160277843 494.05716188251972 20.406296540051699 226.43305621854961 107.11075277999043 102.20741316303611 113.1430620867759 46.490653475746512 159.51636515185237 9.5717507749795896 124.47811844013631 21.752696117386222 6.2522483989596358 154.60167077183723 2.3491067737340927 69.68857242166996 4.4746798425912839 56.330024018883705 5.3117113709449768 85.363622520118952
leaf_count=23 766 80084 2400 20 204 1577 1986 60997 1948 81 670 3260 180 2158 3016 1579 4482 894 5178 73 3873 396 37 1983 43 751 21 302 25 1501
internal_value=-9.61044e-05 -0.0465093 0.0600012 -0.0619456 -0.0114579 0.0103589 0.0152888 0.074923 -0.00621376 -0.075174 0.00818277 0.00239711 -0.00564199 -0.0178764 -0.0373011 0.0104057 0.0550292 0.0448874 0.0331466 -0.0442628 -0.0619613 -0.00728451 0.0335415 0.0252795 0.101093 0.0602442 -0.0287528 -0.00572702 0.0789923 -0.046215
internal_weight=5537.34 3124.38 2412.96 2374.82 493.046 344.309 603.777 1809.18 258.448 1881.77 534.254 749.563 345.758 246.839 122.552 596.265 391.881 278.738 206.007 116.683 148.737 24.2589 188.496 160.854 5.86946 85.8605 153.298 66.1164 9.78639 87.1816
internal_count=180508 98777 81731 92066 8769 4480 7780 73951 3525 83297 5794 6711 3104 2338 3213 4839 12954 8472 6072 3089 4289 416 2690 2020 124 955 1872 348 46 1524
is_linear=0
shrinkage=0.08


Tree=40
num_leaves=31
num_cat=0
split_feature=14 10 5 0 8 10 14 10 13 10 8 14 8 8 8 8 7 2 7 14 11 3 7 7 3 0 3 2 14 14
split_gain=2141.77 305.962 170.007 145.897 171.82 83.5528 78.5136 48.3553 44.7804 79.4162 43.6801 62.1664 41.2869 40.6344 40.3734 24.9249 24.4799 23.4134 20.1031 19.9839 19.3706 19.2415 18.9356 16.4721 17.2078 16.4217 15.4899 14.9315 14.5817 10.8855
threshold=0.58827227354049694 -1.0000000180025095e-35 1.0000000180025095e-35 62.258651733398445 63.661756515502937 1.0000000180025095e-35 0.43391168117523199 -1.0000000180025095e-35 1.0000000180025095e-35 1.0000000180025095e-35 34.192462921142585 0.40008068084716802 23.345499038696293 52.352506637573249 42.88975906372071 35.094879150390632 8.4716072082519549 89.386734008789077 7.2975258827209482 0.30805301666259771 -1.0000000180025095e-35 73.746868133544936 16.561747550964359 4.9153141975402841 28.759398460388187 65.142410278320327 96.449581146240249 90.824913024902358 0.7151908576488496 0.65519759058952343
decision_type=2 2 2 2 2 2 2 2 2 2 2 2 2 2 2 2 2 2 2 2 2 2 2 2 2 2 2 2 2 2
left_child=1 2 14 4 8 12 -4 17 9 -3 11 -7 22 -14 19 -8 -10 18 -2 -1 26 -21 -5 24 -6 -12 -20 -17 -22 -19
right_child=7 3 6 5 23 10 15 -9 16 -11 25 -13 13 -15 -16 27 -18 29 20 21 28 -23 -24 -25 -26 -27 -28 -29 -30 -31
leaf_value=-0.053370051196935116 0.078545913549978724 -0.037196317364037425 -0.079257616590039603 -0.0015343165664213516 0.03208416495682205 0.48048409356045102 0.058757998383202774 0.079876294662516098 -0.066335917445558515 0.13600188058548626 -0.011500338727802215 0.060773085900726768 -0.066417323125243385 0.057257737226820461 0.076063367743107207 -0.047433960856841643 0.10918699924203146 0.0018557460492990908 -0.49598389628944001 0.14070793779169793 -0.021327920064044409 -0.024887839804210055 0.029207529195953319 0.090101924490890578 -0.0055003515293150828 0.071465561816328946 -0.047598596030890186 0.0066194374985044779 0.033812562295795934 0.072986315513920305
leaf_weight=36.498204130679369 41.167609829455614 239.04147400334477 1172.1974859535694 420.1053707357496 135.73342352174222 3.9205205738544446 20.364902906119823 1339.4994682427496 593.2276904899627 18.236052811145782 18.308843374252319 5.3279787302017212 95.066248467192054 20.70552209764719 59.303072713315487 137.77093505114317 5.1293257791548958 14.893794313073156 0.82697564177215022 8.1384056881070155 41.972360573709011 10.019533144310115 184.57150174491107 17.551195601001382 183.17640343680978 91.950656803324819 1.2212937772274017 42.888558125123382 114.22013395652175 182.40198834985495
leaf_count=1286 1463 6174 56728 2703 1317 63 263 62020 20815 240 377 55 3937 411 1399 2002 48 138 20 101 603 309 2307 246 1821 2298 32 510 3566 7256
internal_value=-9.9569e-05 -0.0359709 -0.063544 -0.0157913 -0.0337849 0.00974586 -0.071336 0.0726107 -0.0528305 -0.0249199 0.0716964 0.238692 -0.000530491 -0.0442983 0.0303499 -0.0251438 -0.0648313 0.0480777 0.0287457 -0.0192501 0.0157898 0.0493323 0.00784932 0.0146488 0.0104963 0.0576889 -0.228631 -0.0346017 0.0189951 0.0676167
internal_weight=5255.44 3519.23 1487.18 2032.05 1192.1 839.957 1373.22 1736.2 855.635 257.278 119.508 9.2485 720.449 115.772 113.959 201.024 598.357 396.704 199.408 54.6561 158.241 18.1579 604.677 336.461 318.91 110.26 2.04827 180.659 156.192 197.296
internal_count=180508 105410 62598 42812 30661 12151 59503 75098 27277 6414 2793 118 9358 4348 3095 2775 20863 13078 5684 1696 4221 410 5010 3384 3138 2675 52 2512 4169 7394
is_linear=0
shrinkage=0.08


Tree=41
num_leaves=31
num_cat=0
split_feature=9 8 1 9 0 10 9 0 8 2 7 2 10 4 2 13 1 13 7 7 0 8 2 9 7 9 8 7 1 2
split_gain=1966.51 412.514 297.237 75.2054 55.3134 51.451 49.0212 38.2353 38.0707 30.0596 31.3654 25.9392 40.0228 24.1268 23.8724 19.107 18.7429 17.7184 58.7002 26.7367 20.7459 17.51 13.5796 13.5792 13.1402 13.0382 9.88261 9.61041 15.9855 8.05327
threshold=60.248685836791999 1.0000000180025095e-35 73.375530242919936 50.694578170776374 57.985507965087898 -1.0000000180025095e-35 90.440322875976577 49.719100952148445 37.529342651367195 78.08689117431642 7.2555918693542489 92.031745910644545 1.0000000180025095e-35 89.009658813476577 25.19841289520264 1.0000000180025095e-35 91.476997375488295 1.0000000180025095e-35 7.7057902812957773 7.3471546173095712 70.064933776855483 80.079364776611342 60.736890792846687 44.255041122436531 16.561747550964359 63.847667694091804 31.045191764831547 8.1674318313598651 48.52813911437989 90.824913024902358
decision_type=2 2 2 2 2 2 2 2 2 2 2 2 2 2 2 2 2 2 2 2 2 2 2 2 2 2 2 2 2 2
left_child=1 13 6 11 -5 9 17 14 -6 10 -4 -3 23 22 -8 -16 -12 18 25 21 -20 -19 27 -13 -10 -2 -9 28 -1 -24
right_child=2 3 5 4 8 -7 7 26 24 -11 16 12 -14 -15 15 -17 -18 19 20 -21 -22 -23 29 -25 -26 -27 -28 -29 -30 -31
leaf_value=0.25235648794750337 0.19650882355398083 -0.077884708578181236 0.080422429365679213 -0.06792382132601002 0.088515756079344268 0.07917154158672432 0.046091329296926928 -0.22178131719818261 -0.030662680533686579 0.059227401490609344 -0.044616080368950081 -0.064220413890999181 0.21313453706320282 0.026043758208697112 0.07983791964642363 -0.017299686990065309 0.041232827091405265 -0.034751080580232172 -0.017031573861032451 0.083013924386348331 -0.1512401010204536 0.024202901473400415 -0.0016234319191165262 0.018903139410032202 0.028937786936896838 0.066843185370986241 0.065008184800011456 -0.044649974614049633 -0.0069039768595570532 0.063116263998576949
leaf_weight=1.5917708575725544 5.5896225646138182 1480.9964884724468 28.753129521384835 145.39235080219805 26.156087202951312 1245.2723992057145 80.27704930305481 0.7731477078050365 103.27961546182632 295.5527706630528 51.973619773983955 50.01776778884232 4.1357674598693839 199.44701666757464 14.333515018224714 135.22200461104512 23.696772448718548 223.51167893782258 47.330057188868523 15.166140960529445 8.7312683165073377 37.678767330944538 402.10764520615339 16.803309204056859 30.715435644611716 44.273936254903674 143.27385997772217 85.583465784788132 34.759814266115427 12.685278229415415
leaf_count=18 35 77019 1003 5911 262 61041 1001 15 1670 10516 842 2360 25 2446 290 979 626 3069 566 305 82 259 2400 315 311 752 4543 1188 516 143
internal_value=-9.36331e-05 -0.0483931 0.0520728 -0.0684784 -0.0321996 0.0711537 0.0105566 0.0311535 0.000232485 0.0461913 0.00929505 -0.0756209 -0.0283701 0.00228562 0.0108998 -0.00798994 -0.0177318 -0.00958754 0.0182318 -0.0202504 -0.0379339 -0.0262465 -0.00654286 -0.0433176 -0.0170006 0.0813785 0.0634689 -0.0300126 0.00444857 0.00035645
internal_weight=4995.08 2593.67 2401.41 1857.5 305.543 1645.25 756.161 373.88 160.151 399.976 104.424 1551.95 70.9568 736.175 229.833 149.556 75.6704 382.281 105.925 276.357 56.0613 261.19 536.728 66.8211 133.995 49.8636 144.047 121.935 36.3516 414.793
internal_count=180508 94584 85924 87873 8154 74028 11896 6828 2243 12987 2471 79719 2700 6711 2270 1269 1468 5068 1435 3633 648 3328 4265 2675 1981 787 4558 1722 534 2543
is_linear=0
shrinkage=0.08


Tree=42
num_leaves=31
num_cat=0
split_feature=9 8 9 4 0 8 5 2 2 5 3 3 4 3 7 6 7 6 7 9 1 7 0 5 9 1 9 1 1 15
split_gain=1773.91 296.147 251.332 208.43 75.6275 35.8974 30.9165 30.1782 30.1346 31.5277 26.3307 21.408 33.8033 28.2269 18.427 31.1569 19.7795 19.6278 46.61 16.502 16.452 13.3595 14.5527 16.0286 12.8286 11.2184 10.7432 10.4672 9.89944 9.44274
threshold=74.037036895751967 21.833460807800297 53.368236541748054 59.885057449340827 49.719100952148445 43.341543197631843 0.43650794029235845 80.810150146484389 90.521114349365249 0.38750000298023229 65.485893249511733 29.459980010986332 38.165266036987312 44.033897399902351 16.561747550964359 2.5000000000000004 25.066986083984379 1.5000000000000002 10.540135383605959 44.255041122436531 59.850746154785163 7.9595112800598153 35.948717117309577 0.47222222387790685 78.072010040283217 83.75235748291017 46.437034606933601 83.225109100341811 67.041198730468764 1.0000000180025095e-35
decision_type=2 2 2 2 2 2 2 2 2 2 2 2 2 2 2 2 2 2 2 2 2 2 2 2 2 2 2 2 2 2
left_child=1 10 8 6 29 -6 11 -7 -3 19 21 -2 20 -14 17 -16 -17 18 -12 -10 -13 22 -1 -24 25 27 -11 -5 -19 -4
right_child=3 2 4 24 5 7 -8 -9 9 26 14 12 13 -15 15 16 -18 28 -20 -21 -22 -23 23 -25 -26 -27 -28 -29 -30 -31
leaf_value=0.2385552571223287 0.030945330027491835 -0.076580207901805461 -0.025691186900250466 0.001280846431271466 0.055690621429295803 -0.023490561833672641 0.071353076803660098 0.031803971853964795 0.027642847351218261 -0.054564664012864215 -0.0044050132305196036 -0.049733043116006882 0.064270957904607476 -0.0029555617860504029 0.066557827285418439 -0.029731007440702131 0.039141750929570743 -0.086363944865914727 0.082741952451306958 0.40561280844163933 0.077921345812058174 -0.068488556817471236 -0.053303974156415503 0.13302641441328564 0.074934335918619421 0.062259252431870048 0.0080952297645131895 -0.21512966301815303 -0.012795659768310295 -0.070610224389219226
leaf_weight=1.6472449302673364 177.91706629097462 1422.7516369149089 42.429974496364594 15.972967339679601 87.638420267030597 172.03598972968757 56.538998197764158 99.824025128036737 1.4015600960701697 66.512299774214625 166.81723804213107 96.501865547150373 54.45603596791625 150.29236393980682 77.562333505600691 61.457717416808009 47.169641429558396 12.260895330458878 51.37515839189291 1.5644649006426332 6.9250777848064891 48.149725301191211 12.908201768994333 3.8317300118505946 1393.0631343219429 30.358751602470875 23.770535074174404 1.5710731521248806 258.66195563599467 101.84140187501907
leaf_count=24 1770 79223 1021 264 1059 2313 1968 1907 37 3107 1478 735 535 2393 1069 630 666 101 405 12 118 1062 327 19 71549 1363 316 27 1543 3467
internal_value=-9.32307e-05 -0.0415479 -0.0574248 0.057621 -0.00846995 0.0111662 0.0153621 -0.00318701 -0.0736927 -0.0296356 0.00167933 0.0088496 -0.00390679 0.0149244 0.00641026 0.0278291 0.000175854 -0.00174315 0.0161144 0.227008 -0.0411858 -0.0463364 0.0116724 -0.0106534 0.0735346 0.0328287 -0.038067 -0.0180988 -0.0161251 -0.0573996
internal_weight=4745.21 2761.61 2019.77 1983.6 503.77 359.498 542.631 271.86 1516 93.2489 741.842 486.092 308.175 204.748 675.305 186.19 108.627 489.115 218.192 2.96602 103.427 66.5369 18.3872 16.7399 1440.97 47.9028 90.2828 17.544 270.923 144.271
internal_count=180508 99786 92462 80722 9767 5279 7519 4220 82695 3472 7324 5551 3781 2928 5892 2365 1296 3527 1883 49 853 1432 370 346 73203 1654 3423 291 1644 4488
is_linear=0
shrinkage=0.08


Tree=43
num_leaves=31
num_cat=0
split_feature=14 9 8 14 1 8 13 5 9 7 11 13 0 0 0 9 8 0 7 0 1 14 3 9 1 5 8 8 1 0
split_gain=1592.61 292.343 369.025 85.3519 43.1865 26.0662 25.1311 23.9175 23.3879 21.4444 16.6158 18.2436 15.8043 13.5456 18.3611 13.058 21.6226 19.8909 30.9009 12.4243 11.4554 11.1042 11.1027 10.9269 23.7361 10.603 8.71235 7.84266 7.09914 6.70821
threshold=0.61794880032539379 60.248685836791999 21.833460807800297 0.37933258712291723 86.425064086914077 29.740898132324222 1.0000000180025095e-35 0.31666667759418493 95.256843566894545 16.460883140563968 1.0000000180025095e-35 1.0000000180025095e-35 92.031745910644545 52.223320007324226 25.176055908203129 97.912307739257827 92.140716552734389 93.40579986572267 21.909686088562015 74.322341918945327 30.368906021118168 0.76927912235260021 80.982517242431655 50.917509078979499 77.694858551025405 0.58571431040763866 26.198685646057132 76.953601837158217 98.332870483398452 34.851621627807624
decision_type=2 2 2 2 2 2 2 2 2 2 2 2 2 2 2 2 2 2 2 2 2 2 2 2 2 2 2 2 2 2
left_child=1 2 7 23 8 26 15 19 10 -7 11 -3 28 14 -10 16 21 18 -18 20 -1 27 -21 -4 -25 -14 -5 -2 -9 -6
right_child=6 4 3 5 29 9 -8 12 13 -11 -12 -13 25 -15 -16 -17 17 -19 -20 22 -22 -23 -24 24 -26 -27 -28 -29 -30 -31
leaf_value=0.28319619568709464 0.025283887060894138 0.016605597214707266 -0.077625658958572666 0.28898791502874582 -0.17253193271159345 -0.042967840304493146 0.080347052516215267 -0.0060071363036344836 0.054443741131675057 0.010420926902102787 0.11028220886230607 -0.016070597889476602 0.090904731071097797 0.067688551114793785 -0.003271042251390628 0.079283206672888101 -0.0085459619905002768 0.081540481263343068 -0.24806229857815357 0.15845081919270931 -0.066100035463501475 0.066761121930612219 -0.023049629522307095 -0.059121809525307947 0.14868351258443421 0.022543148544074128 0.076597159564829972 0.078625269609709503 0.013517754665428346 0.07029069029692131
leaf_weight=0.60806778073310752 89.19383979216218 156.86023960635066 1209.4262024518102 1.5655494965612877 0.73527389951050182 206.38379879295826 861.18909648805857 378.50854685716331 54.173407737165689 62.801607124507427 7.9616199284791938 361.05217524245381 16.900278471410275 42.801707208156586 101.14325471408665 133.99876928515732 21.197523528710011 10.95345235057175 4.1168188638985148 3.2037214394658786 50.996830703690648 223.95774213597178 6.6020510476082563 129.50074015185237 3.6160651277750722 103.12433778867126 5.873347258195281 21.989773895591497 173.95464206114411 74.935380963608623
leaf_count=3 2869 2091 73817 25 17 6134 50399 2724 766 1344 85 4430 209 1274 896 6906 926 593 164 20 1448 11111 41 5736 68 1622 143 917 1250 2480
internal_value=-9.64102e-05 -0.0313633 -0.0455647 -0.0668938 0.0104251 -0.0264297 0.0720362 0.00149279 0.00441469 -0.0305121 -0.00441083 -0.00617395 0.00585704 0.0278407 0.0168595 0.0578749 0.050151 -0.00852632 -0.047498 -0.0462987 -0.0619842 0.0565009 0.0362498 -0.0752312 -0.0534769 0.0321689 0.121296 0.0358337 0.000140686 0.0679312
internal_weight=4519.33 3152.73 2353.07 1619.17 799.663 276.624 1366.6 733.898 723.992 269.185 525.874 517.912 672.488 198.118 155.317 505.408 371.409 36.2678 25.3143 61.4107 51.6049 335.141 9.80577 1342.54 133.117 120.025 7.4389 111.184 552.463 75.6707
internal_count=180508 106623 94584 87267 12039 7646 73885 7317 9542 7478 6606 6521 5805 2936 1662 23486 16580 1683 1090 1512 1451 14897 61 79621 5804 1831 168 3786 3974 2497
is_linear=0
shrinkage=0.08


Tree=44
num_leaves=31
num_cat=0
split_feature=9 2 4 8 9 9 8 8 5 13 5 13 13 7 7 13 0 4 9 13 13 2 7 11 8 7 2 3 7 4
split_gain=1432.55 262.873 185.134 93.9797 111.222 51.7964 118.672 24.1107 22.5448 21.6604 20.9022 18.5873 18.3019 37.7981 22.7675 21.3154 23.2848 16.6358 14.9453 14.8399 14.199 14.0882 17.0638 16.5294 13.9962 14.4245 12.8303 17.1277 13.1144 11.5454
threshold=77.232856750488295 73.499401092529311 59.885057449340827 1.0000000180025095e-35 53.368236541748054 50.694578170776374 23.345499038696293 43.341543197631843 0.43650794029235845 1.0000000180025095e-35 0.47222222387790685 1.0000000180025095e-35 1.0000000180025095e-35 8.6932015419006365 9.140940189361574 2.5000000000000004 31.400560379028324 83.910789489746108 44.255041122436531 1.0000000180025095e-35 1.0000000180025095e-35 93.40579986572267 9.0088648796081561 -1.0000000180025095e-35 37.182706832885749 16.755896568298343 93.40579986572267 82.097072601318374 15.946934223175051 87.570224761962905
decision_type=2 2 2 2 2 2 2 2 2 2 2 2 2 2 2 2 2 2 2 2 2 2 2 2 2 2 2 2 2 2
left_child=1 3 8 10 29 6 26 11 12 18 -1 -6 13 -2 -15 16 -14 -9 -8 21 24 22 -4 -24 -7 -26 27 -3 -28 -5
right_child=2 5 19 4 7 20 9 17 -10 -11 -12 -13 15 14 -16 -17 -18 -19 -20 -21 -22 -23 23 -25 25 -27 28 -29 -30 -31
leaf_value=-0.038988355526175633 0.079482111392468732 0.04988395345036449 0.080808829420318848 -0.077798341164063076 0.051505926095976894 0.077884053035632811 -0.070709918714906325 -0.039428622662189154 0.067516691511925631 0.14233311352507602 0.0068597618479082504 -0.027872353888849538 0.018612131559163712 -0.4219033153944689 -0.048879243831589092 0.041595168966298869 -0.025306058786788217 0.10854663317727122 -0.021211046753161166 0.080016327585051464 0.076397216082356056 0.08141625727831947 -0.16268516908959627 0.041032465106122892 -0.0073427870826089569 0.043544159637211845 0.0085748522428511307 -0.0030455920965376123 0.066758188621462419 0.38784722325013965
leaf_weight=109.43409627489746 48.817664921283722 44.665839675813913 87.133163591846824 1054.6002875268459 39.851353496313095 24.62174872122705 196.3014801479876 280.958297399804 47.894145214930177 3.404041150584816 152.07964319735765 35.875651247799397 139.4936423804611 1.2109839040786008 7.7417359612882137 75.713987436145544 173.18264524638653 4.9479656098410478 48.729441000148654 781.24590577650815 37.311109906062484 151.06174437049776 2.5822835359722367 198.07902201265097 90.161253394559026 58.966866703704 52.658389957621694 315.56142812781036 46.852557426318526 0.34089325927197833
leaf_count=1932 1299 247 4460 68806 443 319 12114 6019 1944 67 776 916 1072 12 119 1070 1691 105 1704 49366 1579 8895 63 9189 1218 1071 539 2270 1183 20
internal_value=-8.98492e-05 -0.0375521 0.0566736 -0.0563888 -0.0645233 -0.00316509 -0.0135323 -0.0262367 0.0153576 -0.0580818 -0.012326 0.0139005 0.00975846 0.0517705 -0.0993361 0.00350946 -0.00571292 -0.0368677 -0.060866 0.0734037 0.0316199 0.061632 0.0512473 0.0384109 0.0220044 0.0127785 0.0105416 0.00351733 0.0359692 -0.0776479
internal_weight=4311.48 2597.32 1714.16 1678.09 1416.57 919.234 708.173 361.633 494.055 248.435 261.514 75.727 446.161 57.7704 8.95272 388.39 312.676 285.906 245.031 1220.1 211.061 438.856 287.794 200.661 173.75 149.128 459.738 360.227 99.5109 1054.94
internal_count=180508 101328 79180 79017 76309 22311 18124 7483 7207 13885 2708 1359 5263 1430 131 3833 2763 6124 13818 71973 4187 22607 13712 9252 2608 2289 4239 2517 1722 68826
is_linear=0
shrinkage=0.08


Tree=45
num_leaves=31
num_cat=0
split_feature=14 10 5 1 8 14 10 10 8 14 14 14 8 2 8 6 8 0 14 13 8 8 13 13 14 13 1 3 7 1
split_gain=1305.67 238.78 152.571 108.603 107.16 75.8496 73.6031 45.3465 35.6077 32.0881 29.9499 27.326 24.2445 22.4058 21.2605 17.4564 21.704 18.2586 18.2195 17.4553 17.3222 33.4752 16.0406 17.3109 15.6001 14.6771 14.4378 13.0322 10.7023 12.3939
threshold=0.61794880032539379 -1.0000000180025095e-35 1.0000000180025095e-35 74.322341918945327 63.661756515502937 0.43391168117523199 1.0000000180025095e-35 -1.0000000180025095e-35 30.025906562805179 0.31482248008251196 0.080064103007316603 0.41293056309223181 42.88975906372071 89.386734008789077 38.763105392456062 2.5000000000000004 92.74777984619142 88.982257843017592 0.89843416213989269 1.0000000180025095e-35 23.345499038696293 48.022346496582038 2.5000000000000004 1.0000000180025095e-35 0.30805301666259771 1.0000000180025095e-35 43.557312011718757 71.346469879150405 8.3524279594421404 97.590011596679702
decision_type=2 2 2 2 2 2 2 2 2 2 2 2 2 2 2 2 2 2 2 2 2 2 2 2 2 2 2 2 2 2
left_child=1 2 12 4 9 -4 20 13 11 10 -3 -8 24 15 -7 28 17 -17 -18 -11 -5 -22 23 -6 26 -10 -1 -26 -2 -30
right_child=7 3 5 6 22 14 8 -9 25 19 -12 -13 -14 -15 -16 16 18 -19 -20 -21 21 -23 -24 -25 27 -27 -28 -29 29 -31
leaf_value=0.21201784044801994 0.070119716222074621 -0.022346437289709153 -0.077641719581310303 0.0076930254214870987 0.079896225262227047 0.029113933305311229 0.51888492510496376 0.079169646326603338 0.13287486572174032 0.038331917536739937 -0.06381013171365757 0.099402662290392851 0.076354628868414071 0.065387603315091067 -0.035997620516815293 0.011868536951100418 -0.55427800820704376 -0.36030453313594524 -0.12581794377268476 -0.026497989089169071 -0.063529017624684242 0.054177483730429986 0.045177839938229186 -0.0039244319591847793 0.14638235588510348 0.052070100252523552 -0.056330794754793294 -0.0043527281584515376 -0.0080645187682335338 0.050414861747023913
leaf_weight=1.3523057214915777 32.648201605305076 150.86249186005443 821.21535240486264 572.64398964121938 16.881545558571815 39.59819920361042 2.0167167242616411 908.66222829371691 17.825470621697605 34.852708692662418 427.20717450324446 1.9595798719674347 52.074866333976388 139.73804942145944 169.3803322352469 12.948193050920963 0.87787694670259897 0.90244090557098466 2.2975270338356495 111.98356283456087 58.139479045756161 21.066274144686759 68.526673538610339 239.21792436763644 6.364220179617404 74.561774642206728 25.09637806378305 8.6740331631153804 54.10636493191123 40.598164876922965
leaf_count=25 1580 2447 56728 4895 477 602 33 61130 363 946 23607 27 1539 7343 2349 409 24 30 68 1328 3272 483 1015 2221 92 2588 1261 325 1797 1504
internal_value=-8.39369e-05 -0.0288802 -0.0578079 -0.0107977 -0.0273997 -0.0666913 0.0124902 0.0704474 0.0777496 -0.0445061 -0.0529891 0.312158 0.0400059 0.0425518 -0.02366 0.0204501 -0.0556286 -0.0123805 -0.244271 -0.0111101 0.00284289 -0.0322227 0.0107997 0.00160085 -0.00561941 0.0676608 -0.0426103 0.0594387 0.0306212 0.0170046
internal_weight=4114.28 2921.5 1123.76 1797.75 1049.53 1030.19 748.213 1192.78 96.3635 724.906 578.07 3.9763 93.5618 284.117 208.979 144.379 17.026 13.8506 3.1754 146.836 651.85 79.2058 324.626 256.099 41.4869 92.3872 26.4487 15.0383 127.353 94.7045
internal_count=180508 106623 62921 43702 32041 59679 11661 73885 3011 28328 26054 60 3242 12755 2951 5412 531 439 92 2274 8650 3755 3713 2698 1703 2951 1286 417 4881 3301
is_linear=0
shrinkage=0.08


Tree=46
num_leaves=31
num_cat=0
split_feature=14 9 9 14 10 1 10 2 9 2 0 3 0 7 2 7 7 1 9 1 5 7 9 2 9 2 3 2 2 2
split_gain=1179.34 223.801 308.362 83.3875 46.5473 34.2398 27.672 22.0547 20.5559 18.0343 25.998 41.3426 34.2312 17.4129 17.025 16.8244 13.6446 12.5093 11.6483 30.313 11.4153 18.5799 11.2084 10.6238 10.6172 9.9314 6.94953 8.35603 7.33723 6.93441
threshold=0.61794880032539379 60.248685836791999 1.0000000180025095e-35 0.37933258712291723 -1.0000000180025095e-35 86.425064086914077 1.0000000180025095e-35 93.40579986572267 97.912307739257827 17.467581748962406 44.033897399902351 44.033897399902351 31.400560379028324 8.4716072082519549 90.521114349365249 16.561747550964359 8.3524279594421404 99.494949340820327 49.677366256713874 77.694858551025405 0.31666667759418493 11.79202461242676 77.232856750488295 94.185260772705092 63.847667694091804 74.322341918945327 82.637680053710952 24.440019607543949 80.229885101318374 91.945945739746108
decision_type=2 2 2 2 2 2 2 2 2 2 2 2 2 2 2 2 2 2 2 2 2 2 2 2 2 2 2 2 2 2
left_child=1 2 15 18 7 9 14 8 16 -3 12 -12 -11 -8 -5 20 22 -18 29 -20 25 -22 -2 -17 -9 -1 27 -7 -28 -4
right_child=4 5 3 6 -6 26 13 24 -10 10 11 -13 -14 -15 -16 23 17 -19 19 -21 21 -23 -24 -25 -26 -27 28 -29 -30 -31
leaf_value=-0.057027009944934627 -0.12242330667252647 0.050474927477544507 -0.077494851583434929 -0.045928391607691035 0.078904727512881703 -0.25386277692487758 -0.0089515319238221234 -0.080393133953415283 0.075775615274798966 0.0067979019921466412 0.088534102411157695 0.0051200070936296459 -0.047933837329063901 0.1226788245792657 0.0010418123060515097 0.012889823162196664 -0.023209655775411758 0.028662938764732106 -0.058141161191082626 0.15879146874240369 0.015579232524115085 -0.016090525154804764 0.081663007428164125 0.061287242646576701 0.078704908479669891 0.036424732946231393 -0.053919942009771953 0.084174491014813335 0.056170143225487384 -0.036175290737665282
leaf_weight=43.089980073273182 1.8662639018148208 50.177969662472606 934.28320678044111 159.05351655371487 841.50468965619802 0.47271153330802818 13.010028096847238 2.7712340913712969 40.174854050390422 171.15415752492845 43.521595422178507 301.23915033321828 127.70251722447574 12.720799803733824 71.62994772195816 140.21485679037869 66.331089019775391 53.955458883196115 132.51523834466934 4.2548511158674946 217.01438656449318 261.32613661512733 22.317319614812732 36.606200858950615 85.762518156319857 8.7571836709976179 5.5563870705664185 47.00961359962821 12.800018144771455 26.738230130635202
leaf_count=1186 40 639 71126 5784 61130 12 153 25 1989 2012 594 4597 1700 177 1537 1306 2245 2095 7288 113 1648 1486 1168 1040 5193 45 50 2263 172 1695
internal_value=-7.57612e-05 -0.0276049 -0.0412845 -0.0636422 0.0695903 0.00951356 -0.0225663 0.0408979 0.025158 0.00428143 0.000680077 0.01565 -0.0165892 0.0561238 -0.0313436 0.00153968 0.0110821 5.81966e-05 -0.0732365 -0.0513925 -0.00558721 -0.00172253 0.0659135 0.0229093 0.0737249 -0.0412427 0.0646487 0.0808092 0.0228465 -0.0763452
internal_weight=3935.53 2820.85 2061.21 1354.21 1114.68 759.634 256.414 273.179 184.645 693.795 643.617 344.761 298.857 25.7308 230.683 707.009 144.47 120.287 1097.79 136.77 530.188 478.341 24.1836 176.821 88.5338 51.8472 65.8387 47.4823 18.3564 961.021
internal_count=180508 106623 94584 87873 73885 12039 7651 12755 7537 9542 8903 5191 3712 330 7321 6711 5548 4340 80222 7401 4365 3134 1208 2346 5218 1231 2497 2275 222 72821
is_linear=0
shrinkage=0.08


Tree=47
num_leaves=31
num_cat=0
split_feature=14 10 9 5 0 9 10 3 3 13 10 13 2 2 10 5 2 9 8 7 3 7 8 7 5 2 9 14 2 9
split_gain=1064.56 208.382 150.562 95.2217 81.0526 136.616 47.5854 43.9616 35.258 30.9064 50.871 29.4509 27.8765 25.3367 43.7934 21.7008 21.4826 19.4508 27.5348 21.3757 19.3236 15.0391 12.502 12.36 11.5166 10.9954 10.3105 19.4924 10.2245 9.69093
threshold=0.61794880032539379 -1.0000000180025095e-35 49.677366256713874 0.095454547554254546 56.048780441284187 66.846843719482436 -1.0000000180025095e-35 53.788747787475593 28.759398460388187 1.0000000180025095e-35 1.0000000180025095e-35 1.0000000180025095e-35 75.582656860351577 54.641149520874031 1.0000000180025095e-35 0.47222222387790685 93.40579986572267 97.912307739257827 92.140716552734389 21.909686088562015 28.759398460388187 39.296045303344734 37.529342651367195 9.8702478408813494 0.47222222387790685 77.303031921386733 43.305536270141609 0.21111333370208743 90.366767883300795 63.847667694091804
decision_type=2 2 2 2 2 2 2 2 2 2 2 2 2 2 2 2 2 2 2 2 2 2 2 2 2 2 2 2 2 2
left_child=1 2 8 -4 5 9 16 26 -1 10 -3 -7 15 24 -15 -5 17 18 25 -20 -13 28 -14 -11 -9 -2 -6 -28 -10 -18
right_child=6 4 3 12 7 11 -8 13 21 23 -12 20 22 14 -16 -17 29 -19 19 -21 -22 -23 -24 -25 -26 -27 27 -29 -30 -31
leaf_value=0.87143409090041901 -0.011992972633138362 -0.038490105814715868 0.086791474596557269 -0.076911801041261885 -0.08428178030821469 0.089810251670414079 0.078634051175505523 -0.06517791487044973 -0.078238032441826214 -0.078484594662884849 0.24177109070941924 0.019801802489103772 0.069252325328084993 -0.00061944409356813775 0.05580940456907995 -0.011247702217262179 -0.069635510068078665 0.07519800010349019 -0.033883974464006393 -0.23722956171678056 -0.015974671900381539 0.53217237499456549 -0.0085826595267398924 0.16175199392700415 0.026843709450641521 0.039980887058473094 0.55280234677266149 0.08358251047014692 -0.042903447781210573 0.078371354964280077
leaf_weight=0.25189190357923408 37.326755717396736 116.68666784558445 56.563872276805341 84.927885420620441 2.295793621800839 23.868990447372198 779.37398877646774 47.391837327741086 660.34562467969954 266.57027440704405 4.2976601254194966 161.14014760032296 16.018488125875592 702.58357274439186 100.62782530393451 51.891541220247746 2.9358382709324351 37.359561519697309 15.168151717633011 4.2314801663160315 241.31794966757298 0.26080415118485589 75.251576658338308 1.3777142576873291 10.662395371124147 86.235810839571059 0.57377314008772273 45.451300047338009 56.929416020400822 79.492272833362222
leaf_count=17 1213 4254 1557 2454 116 502 61130 1622 54049 18629 47 1509 131 10216 2700 891 25 1989 650 110 2290 18 699 11 163 3575 19 1624 3105 5193
internal_value=-6.8833e-05 -0.0263493 -0.0553561 -0.00612287 -0.00949115 -0.0278089 0.0687083 0.006927 -0.0748805 -0.0620958 -0.0285345 0.00347051 -0.0291647 0.00276115 0.00645007 -0.0520074 0.0392662 0.0238002 0.0103687 -0.0782381 -0.00165013 -0.0752127 0.00507788 -0.0772494 -0.048277 0.0242802 0.0811787 0.0894321 -0.0754336 0.0730998
internal_weight=3769.41 2727.29 1002.44 284.653 1724.85 815.259 1042.12 909.586 717.788 388.932 120.984 426.327 228.089 861.266 803.211 136.819 262.75 180.322 142.962 19.3996 402.458 717.536 91.2701 267.948 58.0542 123.563 48.3209 46.0251 717.275 82.4281
internal_count=180508 106623 62921 5732 43702 27242 73885 16460 57189 22941 4301 4301 4175 14701 12916 3345 12755 7537 5548 760 3799 57172 830 18640 1785 4788 1759 1643 57154 5218
is_linear=0
shrinkage=0.08


Tree=48
num_leaves=31
num_cat=0
split_feature=9 2 4 8 9 10 8 9 10 8 9 2 7 5 5 5 3 0 4 0 3 7 4 0 3 2 8 7 4 8
split_gain=932.469 201.627 164.196 82.5874 105.143 69.5985 42.7997 81.11 31.3299 21.0453 20.1199 18.5606 19.842 17.8209 17.3361 16.4177 16.0051 14.8398 53.3318 23.1259 14.2573 15.0785 12.8494 11.9725 10.7492 17.8808 10.3722 9.70013 8.80621 8.71268
threshold=77.232856750488295 73.499401092529311 59.885057449340827 1.0000000180025095e-35 53.368236541748054 1.0000000180025095e-35 23.345499038696293 44.255041122436531 -1.0000000180025095e-35 43.341543197631843 46.437034606933601 93.40579986572267 9.0088648796081561 0.43650794029235845 0.38750000298023229 0.47222222387790685 75.615615844726577 25.176055908203129 26.747966766357425 30.0684928894043 99.523811340332045 8.3003315925598162 83.910789489746108 51.113311767578132 81.754161834716811 81.769306182861342 75.766986846923842 39.296045303344734 87.570224761962905 41.797163009643562
decision_type=2 2 2 2 2 2 2 2 2 2 2 2 2 2 2 2 2 2 2 2 2 2 2 2 2 2 2 2 2 2
left_child=1 3 13 15 28 6 24 27 11 23 20 12 -4 17 -9 -1 -14 -2 26 -20 21 -7 -11 -6 -3 -26 -19 -8 -5 -15
right_child=2 5 8 4 9 10 7 14 -10 22 -12 -13 16 29 -16 -17 -18 18 19 -21 -22 -23 -24 -25 25 -27 -28 -29 -30 -31
leaf_value=-0.03476979433019288 0.033253923846425892 0.048768702114459939 0.079472121463198139 -0.076359280747323316 -0.025639680447238029 0.23285875813136847 -0.073606957278467319 0.064093557938859139 0.078956965699472803 -0.035091527142551406 0.071379391018726354 0.081104649355349764 -0.12156112928224852 -0.12824429003188847 -0.0040444331814706641 0.0068310529600879499 0.020658310777578768 -0.088523740325060093 0.059883869976130245 -0.0026289768951080657 0.11302739900399221 0.64230758199540694 0.11094221605949688 0.042531623664694415 -0.023815832046039417 0.014625840501073994 -0.21726449306555407 0.32351523488606793 0.28198346547561332 0.071205752990216281
leaf_weight=101.36761153675616 107.73088857065886 39.329867426306009 39.882173785939813 795.32901167497039 26.596710737794638 1.7174123907461756 150.36000387556851 28.024985500611365 702.33679568395019 253.05168594513088 45.71035747602582 64.574736972339451 5.2916596941649905 1.4554987428709854 162.26332064997405 151.38647999614477 117.87708240188658 9.9076901189982909 44.433423942886293 256.55533099640161 2.9663851857185364 0.86582117527723301 3.9158591367304316 43.379141138866544 103.31846287660301 309.16987081989646 6.7228415701538315 0.3946824511513104 0.43914877064525981 37.942670334130526
leaf_count=1932 1284 218 2428 68806 859 48 12075 565 59558 6019 2160 4822 98 26 3173 776 5067 90 368 3477 17 12 105 500 603 3422 44 18 20 1918
internal_value=-6.83308e-05 -0.0322791 0.0511929 -0.051168 -0.0604691 -0.00150035 -0.00734123 -0.0287351 0.0705976 -0.0222744 0.0888432 0.0448048 0.0304285 0.0123642 0.00599069 -0.00985306 0.0145482 0.00759643 -0.00110615 0.00659947 0.232686 0.370094 -0.0328662 0.0166208 0.00880735 0.00499712 -0.140567 -0.0725673 -0.0761615 0.0638374
internal_weight=3614.3 2219.59 1394.71 1375.47 1122.71 844.121 792.861 341.043 929.962 326.943 51.26 227.626 163.051 464.748 190.288 252.754 123.169 425.35 317.619 300.989 5.54962 2.58323 256.968 69.9759 451.818 412.488 16.6305 150.755 795.768 39.3982
internal_count=180508 101328 79180 79017 76309 22311 20074 15831 71973 7483 2237 12415 7593 7207 3738 2708 5165 5263 3979 3845 77 60 6124 1359 4243 4025 134 12093 68826 1944
is_linear=0
shrinkage=0.08


Tree=49
num_leaves=31
num_cat=0
split_feature=14 10 9 5 1 9 10 10 13 8 2 13 8 2 9 8 5 1 14 0 5 7 6 6 13 8 2 14 8 9
split_gain=868.718 179.888 139.349 100.197 72.9238 114.695 52.2185 49.5894 42.9128 40.8243 28.823 22.8363 21.7595 20.437 18.6746 19.0614 18.2565 17.5685 17.2395 16.7659 16.0764 12.8275 28.573 13.3406 12.2938 10.9498 10.8572 10.8533 10.199 8.93412
threshold=0.61794880032539379 -1.0000000180025095e-35 46.437034606933601 1.0000000180025095e-35 74.322341918945327 60.248685836791999 1.0000000180025095e-35 -1.0000000180025095e-35 1.0000000180025095e-35 23.345499038696293 75.582656860351577 2.5000000000000004 30.025906562805179 93.40579986572267 98.280788421630874 92.140716552734389 0.47222222387790685 33.615818023681648 0.33685700595378881 75.490947723388686 0.47222222387790685 16.460883140563968 2.5000000000000004 1.5000000000000002 1.0000000180025095e-35 44.030927658081062 79.388423919677749 0.41293056309223181 47.087102890014656 50.10460281372071
decision_type=2 2 2 2 2 2 2 2 2 2 2 2 2 2 2 2 2 2 2 2 2 2 2 2 2 2 2 2 2 2
left_child=1 2 17 28 5 9 21 13 19 -3 16 -10 27 14 15 26 -5 -1 -11 -7 -17 23 -23 -6 -14 -12 -2 -8 29 -4
right_child=7 4 3 10 6 8 12 -9 11 18 25 -13 24 -15 -16 20 -18 -19 -20 -21 -22 22 -24 -25 -26 -27 -28 -29 -30 -31
leaf_value=0.39763338682928356 -0.0098349720648641739 -0.018196867112266885 0.30429133685350979 -0.074416692391959763 0.011255543354200129 0.088131495357990058 0.34360541376048409 0.078086850905613375 -0.012356931928404726 -0.076696718523582105 0.031705401539998158 0.036226830995407959 0.12441033338699489 0.071792350642014335 0.078757956560189218 0.082030068727404148 -0.017392763595852082 -0.07662363669206311 0.0091238092109386087 -0.19572988481487127 -0.090606122542375878 0.060840961755706767 -0.0051143555732869918 -0.01624131463343613 0.044963169832843486 -0.02013444933244099 0.040110969461044262 0.087730345033484966 0.06434572733962747 0.11866536450201352
leaf_weight=0.50033565703779359 44.107008639723063 134.12829295359552 1.8548700241372014 96.224042081274092 201.54615332372487 41.039949730969965 2.6777852959930888 670.40347852930427 409.42302199266851 265.00076816324145 43.68173510581255 72.951879452914 15.424215488135813 71.853831335902214 29.645018722862005 4.2477371841669109 57.346677696332335 579.09079728648067 15.877939798869191 1.3763197939842928 18.43482003454119 70.129756738431752 104.94244080875069 256.81799125205725 64.984443318098783 64.704609028063715 75.594776661135256 1.7570813428610561 37.2982856053859 15.74753736052662
leaf_count=35 1494 2024 86 4084 3382 932 33 61130 4830 22598 632 1111 363 5218 1761 216 1395 54324 534 12 675 1136 1521 2611 2588 802 3391 27 1344 219
internal_value=-7.01106e-05 -0.0240212 -0.0528931 -0.0102344 -0.00841144 -0.0230788 0.0107793 0.0668494 0.00177428 -0.0545064 -0.0308292 -0.00500938 0.0697176 0.0359593 0.0209924 0.00896533 -0.0531227 -0.0762142 -0.0718453 0.0789208 -0.0582767 0.00288505 0.0213058 -0.00415074 0.0602029 0.000757986 0.0217072 0.242228 0.0880334 0.138226
internal_weight=3468.81 2554.53 896.449 316.858 1658.08 939.798 718.28 914.287 524.791 415.007 261.957 482.375 84.8435 243.883 172.029 142.384 153.571 579.591 280.879 42.4163 22.6826 633.436 175.072 458.364 80.4087 108.386 119.702 4.43487 54.9007 17.6024
internal_count=180508 106623 62921 8562 43702 32041 11661 73885 6885 25156 6913 5941 3011 12755 7537 5776 5479 54359 23132 944 891 8650 2657 5993 2951 1434 4885 60 1649 305
is_linear=0
shrinkage=0.08


Tree=50
num_leaves=31
num_cat=0
split_feature=14 10 9 5 4 9 10 10 8 3 2 2 8 9 7 9 10 5 2 8 8 5 8 4 2 7 5 8 14 7
split_gain=783.982 166.655 136.532 88.8216 59.5996 107.17 53.3068 46.7414 40.5319 27.16 25.303 23.2883 19.77 24.7936 18.6356 17.6359 16.2896 16.2132 16.1076 16.0346 15.9775 12.3306 11.142 10.2018 9.5788 8.95904 8.63351 8.20177 8.07164 7.97401
threshold=0.63164624571800243 -1.0000000180025095e-35 46.437034606933601 1.0000000180025095e-35 59.885057449340827 60.248685836791999 1.0000000180025095e-35 -1.0000000180025095e-35 23.345499038696293 24.440019607543949 75.582656860351577 93.40579986572267 34.92756652832032 51.693037033081062 6.0029246807098398 98.280788421630874 1.0000000180025095e-35 0.47222222387790685 93.40579986572267 21.833460807800297 92.140716552734389 0.47222222387790685 44.030927658081062 76.253131866455092 79.388423919677749 15.946934223175051 0.31666667759418493 37.47340393066407 0.32836829125881201 39.296045303344734
decision_type=2 2 2 2 2 2 2 2 2 2 2 2 2 2 2 2 2 2 2 2 2 2 2 2 2 2 2 2 2 2
left_child=1 2 9 27 5 8 18 11 26 -1 17 15 13 -8 16 20 -7 -5 19 -6 24 -22 -12 -14 -2 -20 -3 28 -4 -11
right_child=7 4 3 10 6 14 12 -9 -10 29 22 -13 23 -15 -16 -17 -18 -19 25 -21 21 -23 -24 -25 -26 -27 -28 -29 -30 -31
leaf_value=1.021225514648747 -0.010086620518032569 -0.052254292337858901 0.30913180464817408 -0.071377106728125903 0.00023959661507114385 0.092885615383101056 0.29425064306640247 0.078135493027847988 -0.073358793057900135 -0.076373145994209427 0.030447706921553273 0.076325210094261561 0.028053027556648763 0.054971822608792589 0.059797306132985575 0.078409033987182492 -0.0048519250294755427 -0.017489093765430192 0.0089237249119308998 -0.039330758670986427 0.081886277051437806 -0.076595469649437892 -0.020894466441463505 0.082426063053597856 0.038308947098989722 0.057382584281234716 -0.00035607325385438997 0.07199231372061278 0.11014106682141024 0.24882374369538757
leaf_weight=0.14440104365348716 41.424305488355458 27.943596368655562 1.8588498514145602 91.849248009733856 498.46388887334615 11.17829887382686 5.0226891078054887 614.18907568603754 250.08758890721947 537.36247375700623 45.245639936067164 64.809433985501528 55.50706731993705 6.1834341352805495 32.829714888706803 27.250192955136299 460.83738971780986 58.4855698319152 56.378115691244602 75.460150927305222 3.726930387318137 20.019143978133798 67.273640459403396 36.677500116638839 71.100633115507662 43.071124598383904 77.163588386029005 48.476839315146208 4.3753288500010967 0.48300759308040042
leaf_count=2 1415 1032 21 4099 3439 345 58 60664 22281 54340 645 5198 1675 101 554 1747 5598 1414 700 4434 204 674 836 1953 3364 1270 728 1631 69 17
internal_value=-6.76805e-05 -0.0226198 -0.0512331 -0.00963683 -0.00766369 -0.0221714 0.00839937 0.0666465 -0.0558391 -0.0757866 -0.0289393 0.0357421 0.0618834 0.162219 0.00151627 0.0196576 -0.0025373 -0.0504128 0.000187356 -0.00496316 0.007909 -0.0517219 -0.000249031 0.0496864 0.0204929 0.0299111 -0.0141536 0.0831001 0.169474 -0.0760811
internal_weight=3334.88 2492.36 855.555 317.565 1636.8 860.04 776.764 842.52 355.195 537.99 262.854 228.331 103.391 11.2061 504.845 163.521 472.016 150.335 673.373 573.924 136.271 23.7461 112.519 92.1846 112.525 99.4492 105.107 54.711 6.23418 537.845
internal_count=180508 107242 63074 8715 44168 30538 13630 73266 24041 54359 6994 12602 3787 159 6497 7404 5943 5513 9843 7873 5657 878 1481 3628 4779 1970 1760 1721 90 54357
is_linear=0
shrinkage=0.08


Tree=51
num_leaves=31
num_cat=0
split_feature=14 10 5 14 1 8 10 10 13 5 7 13 8 0 1 0 14 3 8 0 3 1 0 3 3 7 0 14 8 3
split_gain=706.41 153.812 105.378 79.575 58.0214 66.4919 51.3939 47.4556 31.3872 75.6138 29.8075 16.864 15.708 14.5106 13.694 25.7966 13.2295 10.6521 10.4689 10.5376 16.2229 11.2816 10.3094 10.1826 10.1324 9.24567 7.71242 7.664 11.5865 7.15036
threshold=0.63164624571800243 -1.0000000180025095e-35 1.0000000180025095e-35 0.43391168117523199 77.303031921386733 63.661756515502937 1.0000000180025095e-35 -1.0000000180025095e-35 1.0000000180025095e-35 0.095454547554254546 7.3471546173095712 1.0000000180025095e-35 35.094879150390632 93.40579986572267 47.722568511962898 30.0684928894043 0.40008068084716802 65.485893249511733 42.88975906372071 57.002799987792976 67.041198730468764 48.074073791503913 93.40579986572267 39.173061370849616 51.471860885620124 8.3524279594421404 97.332859039306655 0.98016524314880382 92.140716552734389 92.40384674072267
decision_type=2 2 2 2 2 2 2 2 2 2 2 2 2 2 2 2 2 2 2 2 2 2 2 2 2 2 2 2 2 2
left_child=1 2 18 -4 5 8 22 13 9 -3 -10 16 29 25 15 -7 -8 -13 19 21 -21 -1 24 -16 -6 -2 -24 28 -27 -5
right_child=7 4 3 12 6 14 11 -9 10 -11 -12 17 -14 -15 23 -17 -18 -19 -20 20 -22 -23 26 -25 -26 27 -28 -29 -30 -31
leaf_value=0.13842209284787127 0.066660578414401858 0.11015089365137373 -0.075192451443514247 0.10203190895392603 0.15370591929601485 0.017603277860231907 0.250126137988328 0.077853453416847115 -0.052796789954166923 -0.028407264179738562 0.089145921251511911 0.085830799761470844 -0.023924757333480779 0.070645339686844028 0.064938611992590267 -0.046461657413529665 0.095958232509257599 0.014116231558189182 0.066515753992776011 0.16367214351599818 -0.0077881833880528101 -0.068733475571958677 0.0747170984700994 0.01592297995620021 -0.0020486115589330965 0.020690090849375654 0.016499005381785163 0.074819444796960524 -0.03955467514321933 0.0087125846207536922
leaf_weight=1.9291276074945951 25.815691783092916 28.38478094059974 535.14294610358775 9.1489855730906129 2.6876707822084418 116.13581512123346 5.4054030212573698 568.94015866704285 372.78916825074703 225.13632561918348 9.7152174431830627 30.50664581079036 179.96993278432637 52.991332623176277 36.916367980651557 61.541529214940965 10.447867780923842 23.441280586645007 43.214184937998652 5.3982440652325741 10.21395776979625 13.161245989613233 18.099850161001086 102.26732579898089 492.5228728922084 104.14703455474228 74.529409604147077 12.353331531397997 25.417405433952808 12.346164146438241
leaf_count=58 1741 704 56728 74 122 1184 85 60664 21112 7359 166 1849 2742 4570 407 522 321 648 1604 158 576 918 361 1901 5907 4539 1520 821 931 216
internal_value=-6.68111e-05 -0.0214975 -0.0499214 -0.0590591 -0.00719273 -0.0198073 0.0110852 0.0656381 -0.0347233 -0.012894 -0.0491916 0.0759859 -0.0162047 0.034152 0.010133 -0.00458669 0.148524 0.0546696 0.0411386 0.00542006 0.0514978 -0.0422511 0.00337873 0.0289236 -0.00120328 0.0226228 0.0278749 0.014612 0.00887153 0.0484321
internal_weight=3210.72 2421.05 810.525 736.608 1610.53 952.887 657.641 789.665 636.025 253.521 382.504 69.8012 201.465 220.725 316.861 177.677 15.8533 53.9479 73.9168 30.7026 15.6122 15.0904 587.84 139.184 495.211 167.733 92.6293 141.918 129.564 21.4951
internal_count=180508 107242 63074 59760 44168 33355 10813 73266 29341 8063 21278 2903 3032 12602 4014 1706 406 2497 3314 1710 734 976 7910 2308 6029 8032 1881 6291 5470 290
is_linear=0
shrinkage=0.08


Tree=52
num_leaves=31
num_cat=0
split_feature=14 10 9 5 1 9 10 8 10 13 2 2 13 4 14 9 3 5 1 13 8 8 8 4 3 9 3 2 5 8
split_gain=635.586 141.483 128.203 68.736 50.9342 93.3612 48.1507 35.9637 34.0184 31.4856 22.1279 22.003 19.0581 18.423 17.0106 16.6013 16.572 15.2265 14.5281 15.1476 14.39 11.8251 26.3443 10.3111 10.187 9.42022 9.00853 8.52555 20.9501 7.83638
threshold=0.63164624571800243 -1.0000000180025095e-35 46.437034606933601 1.0000000180025095e-35 73.20508193969728 60.248685836791999 -1.0000000180025095e-35 23.345499038696293 1.0000000180025095e-35 1.0000000180025095e-35 93.40579986572267 75.582656860351577 2.5000000000000004 69.282051086425795 0.35741457343101507 97.912307739257827 26.766168594360355 0.47222222387790685 78.319625854492202 1.0000000180025095e-35 92.140716552734389 52.352506637573249 23.345499038696293 65.345367431640639 20.169491767883304 83.88950347900392 99.523811340332045 92.63776016235353 0.58571431040763866 30.025906562805179
decision_type=2 2 2 2 2 2 2 2 2 2 2 2 2 2 2 2 2 2 2 2 2 2 2 2 2 2 2 2 2 2
left_child=1 2 16 29 5 7 10 24 21 13 15 17 -11 -7 -9 20 -1 -5 -10 -20 25 22 -6 -22 -3 -2 -13 -18 -29 -4
right_child=6 4 3 11 8 9 -8 14 18 12 -12 26 -14 -15 -16 -17 27 -19 19 -21 23 -23 -24 -25 -26 -27 -28 28 -30 -31
leaf_value=0.38582661848912991 -0.020541311396631182 0.25943724743242436 0.27096308358926968 -0.068002634134463003 0.005884713402941855 0.085269605606266841 0.077559582167562133 -0.07467065274225973 -0.00052248424866459036 -0.010512709598942077 0.075446588030167711 0.025571585190353074 0.034434608531233153 -0.1570762353770021 0.035837995047619364 0.07274088873595741 -0.077977561781795476 -0.014365070164168617 0.14587742579310253 0.053893958628412328 -0.2216153970475363 0.069279551452333166 -0.052076203760156634 -0.035500736050942644 -0.018011065745390742 0.032365273303312132 -0.019989712025886536 0.33861866904610588 -0.0444869151063172 0.071257209844724528
leaf_weight=0.49910616874694724 30.056788024492562 0.85308447480201621 1.2899170126765955 83.76698013395071 568.6452312907204 36.055746560916305 527.10875049512833 221.11741235945374 21.598750924691558 401.28437274321914 56.57158656232059 52.047259258106351 71.066326234489679 2.1259310906752935 9.2891978304833156 28.166363841854036 440.2823560712859 56.8664930164814 14.942783575039355 49.129877878353 2.0969023108482387 16.551830527372658 55.045782005414367 20.830592234618962 117.88683964218944 76.002460725605488 59.5546147339046 0.94970273785293358 23.994049442000687 50.065151355229318
leaf_count=8 852 4 21 4099 5001 954 60664 22525 599 4851 5198 739 1147 30 272 1971 52298 1414 397 2414 63 441 3620 687 1913 3831 742 49 2004 1700
internal_value=-5.55038e-05 -0.0203869 -0.0485382 -0.00808916 -0.00672819 -0.0199039 0.0645726 -0.0517835 0.00887539 0.00189818 0.0325428 -0.0252654 -0.00375027 0.0717759 -0.0702153 0.0170984 -0.0749056 -0.0463138 0.0562187 0.075346 0.00494801 0.00254035 0.000769193 -0.0525224 -0.0160177 0.0173717 0.0012585 -0.0753999 -0.0299006 0.0762733
internal_weight=3095.74 2354.91 769.316 303.59 1585.59 859.679 740.833 349.147 725.914 510.532 213.725 252.235 472.351 38.1817 230.407 157.153 465.725 140.633 85.6714 64.0727 128.987 640.243 623.691 22.9275 118.74 106.059 111.602 465.226 24.9438 51.3551
internal_count=180508 107242 63074 8715 44168 31696 73266 24714 12472 6982 12602 6994 5998 984 22797 7404 54359 5513 3410 2811 5433 9062 8621 750 1917 4683 1481 54351 2053 1721
is_linear=0
shrinkage=0.08


Tree=53
num_leaves=31
num_cat=0
split_feature=14 10 9 5 0 9 3 10 9 7 5 14 5 5 4 9 8 1 8 8 4 1 9 8 7 9 3 3 0 14
split_gain=572.631 130.246 125.713 62.6257 46.4275 86.2093 45.9896 42.4402 24.4485 24.4114 18.1218 17.8878 16.502 13.9009 13.5313 13.3779 12.7926 12.3139 12.0335 11.4491 8.83268 8.64142 8.40991 7.63975 7.10217 7.02975 6.87898 6.1633 5.94796 5.06405
threshold=0.65519759058952343 -1.0000000180025095e-35 46.437034606933601 1.0000000180025095e-35 49.719100952148445 74.037036895751967 44.033897399902351 -1.0000000180025095e-35 92.145847320556655 16.561747550964359 0.31666667759418493 0.2742076069116593 0.23611111193895343 0.31666667759418493 95.040985107421889 98.280788421630874 43.341543197631843 27.681992530822757 48.579500198364265 92.140716552734389 65.345367431640639 42.179391860961921 57.212205886840827 30.025906562805179 39.296045303344734 83.88950347900392 21.483516693115238 80.901721954345717 92.63776016235353 0.31250925362110143
decision_type=2 2 2 2 2 2 2 2 2 2 2 2 2 2 2 2 2 2 2 2 2 2 2 2 2 2 2 2 2 2
left_child=1 2 17 23 5 13 29 14 9 -8 -5 21 -13 26 15 19 -12 -1 -10 25 -21 -7 -15 -4 28 -2 -3 -25 -19 -6
right_child=7 4 3 10 6 11 8 -9 18 -11 16 12 -14 22 -16 -17 -18 24 -20 20 -22 -23 -24 27 -26 -27 -28 -29 -30 -31
leaf_value=0.44493237744836733 -0.011484724355807949 -0.021053373092911679 0.27268009677493948 -0.073099331773062645 0.15791082224030542 0.011294658413303436 -0.0080375746421684734 0.077660561313553547 -0.066152448307749523 0.024310990734488454 0.014238307494136517 -0.022516764673720786 0.082749697852573925 -0.017317886244670944 0.074884020087365444 0.07774869129685287 -0.027650021008549835 -0.077344270183689348 0.064159763871064313 -0.17871707817464916 -0.019099277127135283 0.054832868240805681 0.1714328942458023 0.07794013026410633 0.21668039015515239 0.036744775720444198 -0.071893602850433377 -0.011697033989517111 -0.035161933799613736 0.083634820827485842
leaf_weight=0.29197527468204398 25.683649861253798 18.665985175408423 1.1962506482377637 40.182227306999266 9.2146987942978758 119.10120940487832 742.06549952924252 478.57575381267816 4.973218676634132 186.90620406577364 67.708868194371462 151.61798373050988 10.170277873985468 24.629602055065337 40.040951463393867 23.927044460549951 150.10354893980548 409.30880557838827 51.500880737323314 2.4349798271432546 24.986561077646911 38.641882942058146 1.6094781514257182 44.814060932025313 0.53441431373357673 78.329978137277067 194.68787703476846 5.513228570111095 22.57360520446673 16.207136605866253
leaf_count=2 906 1253 23 2398 261 1206 15778 59741 119 3165 1602 1191 167 821 4108 1901 3164 52419 2783 71 934 444 16 1751 17 4387 17383 72 1921 504
internal_value=-5.42947e-05 -0.018968 -0.0465825 -0.00765409 -0.00591301 -0.0244109 0.00431841 0.0648329 0.00157772 -0.00152914 -0.0237354 0.00279063 -0.0158995 -0.060688 0.0334159 0.0227285 -0.0146287 -0.0744282 0.0526842 0.0127124 -0.033273 0.0219601 -0.00574011 0.07287 -0.0747788 0.0248357 -0.0674457 0.0681206 -0.0751395 0.110558
internal_weight=2986.2 2312.22 742.227 309.518 1569.99 559.124 1010.87 673.979 985.446 928.972 257.995 319.531 161.788 239.593 195.403 155.362 217.812 432.709 56.4741 131.435 27.4215 157.743 26.2391 51.5235 432.417 104.014 213.354 50.3273 431.882 25.4218
internal_count=180508 108460 63369 9010 45091 22481 22610 72048 21845 18943 7164 3008 1358 19473 12307 8199 4766 54359 2902 6298 1005 1650 837 1846 54357 5293 18636 1823 54340 765
is_linear=0
shrinkage=0.08


Tree=54
num_leaves=31
num_cat=0
split_feature=14 8 14 14 5 13 13 2 3 5 2 0 0 6 4 2 3 3 6 1 2 5 3 5 1 4 2 13 1 6
split_gain=515.231 86.4805 124.758 93.6268 47.4355 63.2185 30.2251 22.0935 27.886 24.0894 21.6929 19.7624 16.7531 15.0313 16.5852 12.8588 32.244 24.7003 10.7483 9.78248 9.22411 9.60525 9.14519 8.35549 7.80777 7.67575 27.1375 7.34932 7.16841 6.95456
threshold=0.65519759058952343 63.661756515502937 0.080064103007316603 0.34483318030834204 1.0000000180025095e-35 1.0000000180025095e-35 1.0000000180025095e-35 44.327484130859382 44.033897399902351 0.23611111193895343 89.386734008789077 46.247655868530281 31.400560379028324 2.5000000000000004 65.64831924438478 76.689495086669936 99.523811340332045 81.120250701904311 1.5000000000000002 93.582702636718764 92.031745910644545 0.58571431040763866 86.70682525634767 0.47222222387790685 57.338552474975593 91.010101318359389 82.807880401611342 1.0000000180025095e-35 77.303031921386733 2.5000000000000004
decision_type=2 2 2 2 2 2 2 2 2 2 2 2 2 2 2 2 2 2 2 2 2 2 2 2 2 2 2 2 2 2
left_child=1 2 20 4 5 -4 10 8 11 24 13 12 -3 25 -15 17 -17 -5 23 -16 29 -22 27 28 -10 -2 -27 -20 -9 -1
right_child=6 7 3 15 -6 -7 -8 18 9 -11 -12 -13 -14 14 19 16 -18 -19 22 -21 21 -23 -24 -25 -26 26 -28 -29 -30 -31
leaf_value=0.0011435490822179291 0.035273264825542112 0.018450799980453705 0.052835572304769311 -0.009780946048469269 -0.077069680610016802 -0.050761735160013907 0.078846645348228772 0.030253605850786333 -0.086491161367553263 0.027150455963827733 0.067267313985580904 0.086092927002707834 -0.03075488389098965 -0.46400340452308469 0.040850292993480405 0.038749475101872446 -0.026420183741446689 -0.062635805377829243 -0.088657576524112422 -0.076713023718702283 0.08837423000962856 0.014599468898928198 0.081516589644552301 0.10697060613454638 -0.2034917047096394 0.081328806191478531 -0.4657403473318793 0.085422083301224333 0.076969821154154808 -0.025787992993906425
leaf_weight=508.952754446771 119.26123857451603 140.08921302948147 44.60289910947904 200.77805665973574 410.57171072438359 243.54750323807821 362.58273773640394 86.761682968586683 7.408506113104524 8.2077390304766578 128.62462332984433 20.062695878557861 64.752620688639581 0.58174973074347036 7.4795143236406156 86.127607050351799 111.48142870794982 78.793385567143559 9.3088905834592861 11.486519718542695 12.784015724435447 96.948737107217312 3.9859657064080229 14.035877663642166 7.1958794817328453 1.7139500002376729 0.87738490989431728 1.8627271149307478 27.743814297020435 69.779421377927065
leaf_count=4879 8072 1638 2168 4705 54676 19404 49420 2146 79 146 13394 625 580 22 350 2581 4698 4689 101 579 202 1722 115 368 75 140 71 86 2265 512
internal_value=-4.73805e-05 -0.0179403 -0.0251175 -0.0409523 -0.0596073 -0.0347259 0.0637561 0.0162456 0.00176947 -0.08251 0.0434929 0.010318 0.00289637 0.0218665 -0.043256 -0.0136364 0.00198392 -0.0246774 0.0412004 -0.0303503 0.00192852 0.0231943 -0.0225144 0.0487136 -0.14414 0.0323136 -0.1039 -0.059632 0.0415726 -0.00210367
internal_weight=2888.39 2255.78 1864.37 1175.9 698.722 288.15 632.608 391.416 247.717 22.8121 270.025 224.905 204.842 141.4 19.5478 477.18 197.609 279.571 143.699 18.966 688.465 109.733 15.1576 128.541 14.6044 121.853 2.59133 11.1716 114.505 578.732
internal_count=180508 108460 100236 92921 76248 21572 72048 8224 3143 300 22628 2843 2218 9234 951 16673 7279 9394 5081 929 7315 1924 302 4779 154 8283 211 187 4411 5391
is_linear=0
shrinkage=0.08


Tree=55
num_leaves=31
num_cat=0
split_feature=14 10 9 5 10 1 9 8 10 13 14 8 14 13 7 1 13 9 8 8 8 3 8 7 14 5 7 7 11 14
split_gain=463.129 111.155 118.086 57.9546 44.0104 39.1652 76.144 33.5846 30.5107 25.3561 21.1746 17.2931 16.4099 15.2561 14.6152 13.7915 13.5109 11.6327 12.0715 11.003 20.1914 8.07222 7.54919 7.05346 11.461 6.97733 17.3628 6.08238 5.78477 5.60702
threshold=0.65519759058952343 -1.0000000180025095e-35 44.255041122436531 1.0000000180025095e-35 -1.0000000180025095e-35 73.20508193969728 60.248685836791999 25.728429794311527 1.0000000180025095e-35 1.0000000180025095e-35 0.38807004690170294 38.763105392456062 0.35741457343101507 2.5000000000000004 8.6068124771118182 78.319625854492202 1.0000000180025095e-35 97.912307739257827 92.140716552734389 52.352506637573249 23.345499038696293 16.2713737487793 30.025906562805179 9.5406246185302752 0.92963391542434703 0.81666666269302379 35.54084777832032 39.296045303344734 -1.0000000180025095e-35 0.18751127272844317
decision_type=2 2 2 2 2 2 2 2 2 2 2 2 2 2 2 2 2 2 2 2 2 2 2 2 2 2 2 2 2 2
left_child=1 2 27 22 17 6 7 21 19 14 -5 -12 -9 -11 -8 -10 -17 18 25 20 -7 -3 -4 -20 -25 26 -2 -1 -27 -24
right_child=4 5 3 10 -6 8 9 12 15 13 11 -13 -14 -15 -16 16 -18 -19 23 -21 -22 -23 29 24 -26 28 -28 -29 -30 -31
leaf_value=-0.076475281170434048 0.013879517598508306 0.22121920968029807 0.27859366007295555 -0.070542511299795968 0.07708629941128374 0.0052398876369831602 0.096390010588865108 -0.073746076573593583 -0.00085835188047481711 -0.0087401192887245766 0.033412567501346871 -0.023775096323712771 0.03530255138681785 0.032198019536702802 -0.019612232100677373 0.13988724222226845 0.052291672416946586 0.073506233717025082 0.081691191246779774 0.066426410948844328 -0.047270208969236442 -0.016244315836689904 0.15787011442468793 -0.095565101726186874 0.012859609498863573 -0.13182256527717465 -0.51296244645220324 0.17380397236312559 0.051546982233142406 0.056850326354696147
leaf_weight=351.18425866076723 53.314234963618219 0.92340022325515647 1.0772501113824535 50.518614775501192 412.51804532576352 564.21514658816159 27.093298535328358 184.39833384566009 21.920730128884315 393.75836876407266 41.492859292775393 183.51479525305331 9.2759854709729535 68.37640591012314 9.3498522499576193 14.726371118333189 48.005924502387643 32.181719749234617 3.3942635520361391 16.838180255610496 51.111841171514243 117.11440708301961 3.8063207380473605 12.449460985139014 12.508512880653141 1.119541773572563 0.40337905567139287 0.62254807725548644 66.702032499015331 46.166988532524556
leaf_count=51389 2829 4 23 5651 59741 5001 932 22298 698 4994 825 3549 272 1239 129 467 2755 3036 228 522 3640 2140 120 412 624 68 23 17 5087 1795
internal_value=-3.4647e-05 -0.0169278 -0.0438741 -0.00923146 0.0626266 -0.00495756 -0.0170076 -0.048023 0.00866382 0.00238326 -0.0237379 -0.0132293 -0.0685232 -0.00268301 0.0666285 0.0537668 0.0728547 0.0298656 0.020496 0.00262409 0.000878162 -0.0143867 0.0690615 -0.0265093 -0.0412245 0.0314612 0.00992333 -0.0760324 0.0485201 0.0645447
internal_weight=2800.08 2205.49 678.384 326.577 594.591 1527.11 810.29 311.712 716.818 498.578 275.526 225.008 193.674 462.135 36.4432 84.653 62.7323 182.073 149.891 632.165 615.327 118.038 51.0506 28.3522 24.958 121.539 53.7176 351.807 67.8216 49.9733
internal_count=180508 108460 63369 11963 72048 45091 32008 24714 13083 7294 10025 4374 22570 6233 1061 3920 3222 12307 9271 9163 8641 2144 1938 1264 1036 8007 2852 51406 5155 1915
is_linear=0
shrinkage=0.08


Tree=56
num_leaves=31
num_cat=0
split_feature=9 2 4 10 9 8 8 9 10 5 8 2 6 5 13 2 4 4 0 5 3 1 1 1 5 9 6 8 6 2
split_gain=387.115 121.635 111.335 54.1149 47.9037 60.3946 38.9729 65.0624 31.6234 20.2548 16.5515 15.2876 17.5117 14.7019 35.056 13.563 13.2938 13.2763 22.7215 13.1353 11.7829 16.8925 11.6258 11.6077 10.1715 9.78177 8.76991 8.67409 8.52749 8.20919
threshold=79.557674407958999 66.312053680419936 59.885057449340827 1.0000000180025095e-35 57.212205886840827 1.0000000180025095e-35 23.345499038696293 44.255041122436531 -1.0000000180025095e-35 0.47222222387790685 41.797163009643562 93.40579986572267 2.5000000000000004 0.095454547554254546 1.0000000180025095e-35 80.229885101318374 65.64831924438478 79.784946441650405 80.217391967773452 0.43650794029235845 21.483516693115238 35.948717117309577 56.070175170898445 64.747306823730483 0.47222222387790685 49.677366256713874 1.5000000000000002 34.92756652832032 1.5000000000000002 63.702239990234382
decision_type=2 2 2 2 2 2 2 2 2 2 2 2 2 2 2 2 2 2 2 2 2 2 2 2 2 2 2 2 2 2
left_child=1 4 10 6 5 24 28 -8 11 13 22 12 -4 14 -6 -9 -14 25 -19 20 -12 -22 -2 -11 -1 -7 -25 -5 -3 -15
right_child=2 3 8 27 9 17 7 15 -10 23 19 -13 16 29 -16 -17 -18 18 -20 -21 21 -23 -24 26 -26 -27 -28 -29 -30 -31
leaf_value=-0.035097515901725315 -0.012266017247639253 0.022402638288064484 0.036503914625594547 0.14399654041689239 0.08557502833251146 -0.077442526915122253 -0.070899072693177842 -0.025593147675677868 0.077255834512737417 0.13476952291956967 0.041646121630731864 0.080644639091175238 -0.33580102692642888 -0.053365980996009581 -0.026194933264658032 0.014305920422186241 -0.027321108824075884 0.66062223059751757 -0.039646781774836576 0.069752566322346193 -0.04820622250260885 0.010124926876640215 -0.12093668078780606 0.068378915109661556 0.0073068579831561901 -0.04632070507105944 -0.041354956528277649 0.057995766764233403 -0.00025687202260571711 -0.17981026941036823
leaf_weight=66.436799243092537 17.768476972356442 146.41818904876709 103.75295602111146 8.7932247887365502 21.038658436853439 369.11202423041686 139.60627670399845 90.440716665703803 383.31549930339679 7.8317017778754261 60.106922178529203 36.987455729395151 0.93002404365688818 35.866147201973945 122.70593616599217 137.31259820982814 23.133455264382064 0.42785335285588988 0.96623069560155272 24.784049784764647 36.430317600257695 248.5959672103636 9.7620841143652779 10.331651877146216 79.553939737379551 78.355751477647573 8.4926399649120849 51.267001676838845 387.85180537914857 3.617552184034138
leaf_count=1691 183 1171 6356 179 305 55656 19463 2637 58626 59 884 4716 16 610 3357 2985 1039 16 104 1887 317 3577 98 106 422 6950 125 3106 3818 49
internal_value=-3.05974e-05 -0.0221444 0.0412805 -0.00294091 -0.0450933 -0.0566873 -0.00783882 -0.027897 0.0646561 -0.0122337 0.00904339 0.0353505 0.0222433 -0.0217128 -0.00983613 -0.00153798 -0.0392435 -0.0712249 0.17527 0.0134971 0.00945742 0.0026694 -0.0507996 0.0529235 -0.0119903 -0.0719928 0.0188721 0.0705869 0.00595303 -0.064951
internal_weight=2711.99 1766.43 945.567 961.69 804.737 594.853 901.63 367.36 548.119 209.884 397.448 164.804 127.816 183.228 143.745 227.753 24.0635 448.862 1.39408 369.917 345.133 285.026 27.5306 26.656 145.991 447.468 18.8243 60.0602 534.27 39.4837
internal_count=180508 102809 77699 33359 69450 64839 30074 25085 70753 4611 6946 12127 7411 4321 3662 5622 1055 62726 120 6665 4778 3894 281 290 2113 62606 231 3285 4989 659
is_linear=0
shrinkage=0.08


Tree=57
num_leaves=31
num_cat=0
split_feature=9 2 4 10 9 8 8 9 10 5 2 6 8 3 0 5 2 9 13 1 3 1 1 5 9 5 8 6 1 0
split_gain=341.825 110.489 106.089 47.1771 45.1863 58.8604 34.1305 61.0815 32.033 17.3485 14.9013 15.0811 14.0496 13.3839 20.9003 12.2095 12.1695 11.5053 11.1189 10.3342 10.3276 14.1602 9.62113 8.9303 8.76045 8.47537 7.51768 7.24713 7.46813 7.31294
threshold=79.557674407958999 66.312053680419936 59.885057449340827 1.0000000180025095e-35 57.212205886840827 1.0000000180025095e-35 23.345499038696293 44.255041122436531 -1.0000000180025095e-35 0.47222222387790685 93.40579986572267 2.5000000000000004 41.797163009643562 63.702239990234382 48.050632476806648 0.43650794029235845 91.945945739746108 49.677366256713874 1.0000000180025095e-35 58.578638076782234 21.483516693115238 35.948717117309577 56.070175170898445 0.47222222387790685 97.912307739257827 0.38750000298023229 34.92756652832032 1.5000000000000002 96.225070953369155 68.208553314208999
decision_type=2 2 2 2 2 2 2 2 2 2 2 2 2 2 2 2 2 2 2 2 2 2 2 2 2 2 2 2 2 2
left_child=1 4 12 6 5 23 27 -8 10 13 11 25 22 14 -6 20 -9 -7 -19 -11 -14 -22 -2 -1 -13 -4 -5 29 -29 -3
right_child=2 3 8 26 9 17 7 16 -10 19 -12 24 15 -15 -16 -17 -18 18 -20 -21 21 -23 -24 -25 -26 -27 -28 28 -30 -31
leaf_value=-0.033344310189026005 -0.011343438521693883 0.061101985512863922 0.070900580517165968 0.13615225660722605 -0.03407847696264401 -0.076696080475158926 -0.070150974549987324 -0.013057375426425056 0.076947874110482151 0.1745012729665566 0.080594705700198152 -0.054162252322732231 0.039345549687233486 -0.066071708453709438 0.028079539084300515 0.068713382959321237 0.028047110832610102 -0.0082999383623968553 -0.06993394195965584 0.029024032527127024 -0.043782086029603574 0.0093496161163442431 -0.10992035041854609 0.0067092374478864283 0.081284988161927474 0.019819836835500024 0.055013668454109883 -0.011715701770371529 0.010497743087555472 0.012744668225675403
leaf_weight=64.420831257477403 17.680340701714162 23.94116830592975 29.435160546097904 8.5655409968458098 89.233962506987154 343.07988092629239 130.19237944064662 162.85235702153295 355.20470585534349 3.6172911878675249 34.164021213073283 21.324496563524011 58.59591175802052 33.449875256977975 56.567934871185571 23.21070445375517 64.297371013090014 34.017975005321205 41.690407679416239 22.969275834038854 36.882710754871368 247.71208392223343 9.8761901715770346 79.702460139989853 3.5673361811786881 70.769392402842641 49.785437210462987 187.43745410675183 200.45296262949705 122.03416665038094
leaf_count=1691 183 205 2417 179 2943 55766 19463 4240 58626 27 4716 787 884 411 967 1887 1382 2186 4774 263 317 3577 98 422 268 3939 3106 1370 2448 966
internal_value=-3.34214e-05 -0.0210169 0.0396574 -0.00276403 -0.0435628 -0.0552913 -0.00732681 -0.0264626 0.0635811 -0.0114885 0.0337688 0.0209806 0.00841571 -0.020433 -0.00996253 0.0125589 -0.00142227 -0.0704671 -0.04224 0.0488172 0.00876102 0.00246389 -0.0466732 -0.0111941 -0.0347508 0.0348248 0.0669243 0.00548168 -0.000236298 0.0206757
internal_weight=2626.73 1718.31 908.423 949.559 768.75 562.912 891.208 357.342 514.465 205.838 159.26 125.096 393.958 179.252 145.802 366.401 227.15 418.788 75.7084 26.5866 343.191 284.595 27.5565 144.123 24.8918 100.205 58.351 533.866 387.89 145.975
internal_count=180508 102809 77699 33359 69450 64839 30074 25085 70753 4611 12127 7411 6946 4321 3910 6665 5622 62726 6960 290 4778 3894 281 2113 1055 6356 3285 4989 3818 1171
is_linear=0
shrinkage=0.08


Tree=58
num_leaves=31
num_cat=0
split_feature=14 10 9 7 10 0 9 3 2 9 0 1 2 2 4 13 7 7 9 9 7 9 1 7 14 0 9 9 9 7
split_gain=336.748 83.4875 103.764 49.0703 44.787 28.2761 50.746 38.9856 42.0803 26.3686 24.8474 28.8119 20.2084 19.549 19.157 16.4463 36.1377 14.2184 13.3992 11.4828 10.0466 15.8826 9.67745 8.7992 7.19509 7.17758 6.99335 6.17258 9.1991 6.0051
threshold=0.65519759058952343 -1.0000000180025095e-35 44.255041122436531 1.0000000180025095e-35 -1.0000000180025095e-35 44.033897399902351 74.037036895751967 40.936473846435554 41.444372177124031 58.14778137207032 31.400560379028324 59.850746154785163 73.746868133544936 93.40579986572267 29.459980010986332 1.0000000180025095e-35 1.0000000180025095e-35 6.727062702178956 98.280788421630874 58.14778137207032 8.6932015419006365 71.465583801269545 99.494949340820327 16.460883140563968 0.18751127272844317 45.035211563110359 49.677366256713874 50.917509078979499 55.585266113281257 19.148090362548832
decision_type=2 2 2 2 2 2 2 2 2 2 2 2 2 2 2 2 2 2 2 2 2 2 2 2 2 2 2 2 2 2
left_child=1 2 29 24 13 6 15 27 17 -10 14 -12 19 18 -8 16 -3 -9 20 -5 21 -2 -22 -14 26 -26 -4 -7 -29 -1
right_child=4 5 3 12 -6 7 10 8 9 -11 11 -13 23 -15 -16 -17 -18 -19 -20 -21 22 -23 -24 -25 25 -27 -28 28 -30 -31
leaf_value=-0.077470755206667435 -0.39321244856335741 0.2090672502536694 0.3807005449603611 -0.069677369907116773 0.076106707330107298 -0.041411781893082179 0.0035041197665997654 -0.10066690596592333 -0.0028119399746124023 0.029796832666547902 -0.050573683414312488 0.091960022880088102 -0.014365805886182512 0.076359003578722939 0.069386691028781172 -0.070782851798538021 -0.04581328762544086 0.0035986686532695827 0.0762442917569916 -0.022007102855829349 -0.031356730696966928 0.081125886390034957 0.018903017939407265 0.028855079550606968 -0.019008211380577601 0.071205931394424576 0.11441515856649388 0.40083058254453141 0.098587007194001861 -0.023880474637919279
leaf_weight=267.94747494347394 0.46781735122203727 4.3969345660880235 0.8222778551280493 59.572832526639104 330.25436962069944 1.9470850597135747 135.64698723796755 34.115670036524534 774.63683065306395 199.60215684049763 80.634674140252173 10.22772397007793 87.842263984493911 37.231589890550822 35.675596857443452 124.85951405623928 18.706662429962307 11.091869313735513 17.249871662352234 70.741900856606662 53.601546420715749 13.178067208267747 45.190075282007456 45.898091685492545 6.6318541327491394 37.903148140059784 2.7163870977237821 0.66124211531132715 25.428129371022806 14.085699805058537
leaf_count=49266 4 88 9 6653 59741 273 1461 1688 17013 6400 694 118 1821 5165 273 14867 1117 526 1709 932 2191 1082 2156 619 225 1592 112 67 506 2140
internal_value=-3.4474e-05 -0.014348 -0.0396239 -0.00784461 0.0590364 -0.00404507 -0.0218516 0.00292718 0.000367726 0.00386895 -0.000712153 -0.0345297 -0.021379 0.0252623 0.0172233 -0.0593099 0.00269401 -0.0750849 0.0105931 -0.0437994 0.000521092 0.0648643 -0.0083665 0.000467085 0.066496 0.0577718 0.176292 0.0959928 0.106247 -0.0747943
internal_weight=2548.97 2051.79 594.162 312.129 497.173 1457.63 410.148 1047.48 1019.45 974.239 262.185 90.8624 264.055 166.919 171.323 147.963 23.1036 45.2075 129.687 130.315 112.438 13.6459 98.7916 133.74 48.0737 44.535 3.53866 28.0365 26.0894 282.033
internal_count=180508 108460 63369 11963 72048 45091 18618 26473 25627 23413 2546 812 10025 12307 1734 16072 1205 2214 7142 7585 5433 1086 4347 2440 1938 1817 121 846 573 51406
is_linear=0
shrinkage=0.08


Tree=59
num_leaves=31
num_cat=0
split_feature=14 10 9 10 5 1 9 8 3 13 14 2 2 2 5 2 7 5 9 5 7 3 9 7 7 9 8 8 7 14
split_gain=301.931 75.5554 98.9798 44.5535 42.3457 26.7439 42.595 42.5303 32.0199 24.2125 20.4285 18.5422 18.0008 16.0268 15.6522 14.8682 14.7877 13.5779 12.406 11.6527 11.6491 10.5818 10.2946 9.14179 9.1307 12.3543 8.56783 7.40676 6.09097 8.37633
threshold=0.65519759058952343 -1.0000000180025095e-35 44.255041122436531 -1.0000000180025095e-35 1.0000000180025095e-35 80.810150146484389 59.124965667724616 25.728429794311527 72.850124359130874 1.0000000180025095e-35 0.33685700595378881 93.40579986572267 73.746868133544936 70.064933776855483 0.38750000298023229 19.399641990661625 7.490016222000123 0.47222222387790685 98.280788421630874 0.38750000298023229 16.384719848632816 90.366767883300795 37.952461242675788 7.490016222000123 8.6932015419006365 71.465583801269545 92.140716552734389 30.025906562805179 19.148090362548832 0.19050565361976626
decision_type=2 2 2 2 2 2 2 2 2 2 2 2 2 2 2 2 2 2 2 2 2 2 2 2 2 2 2 2 2 2
left_child=1 2 28 11 27 6 7 21 13 16 -9 18 17 15 -11 -7 -8 -6 24 -14 -10 -3 -22 -15 25 -2 -26 -4 -1 -30
right_child=3 5 4 -5 12 8 9 10 20 14 -12 -13 19 23 -16 -17 -18 -19 -20 -21 22 -23 -24 -25 26 -27 -28 -29 29 -31
leaf_value=-0.07719898626048706 -0.30827934811764995 -0.00078197957242237732 0.28318956695266606 0.075731838133469578 -0.063985429425683721 -0.52312004602774986 0.09679164544538138 -0.073335106223869018 -0.0026233067440026305 -0.0051412473393480642 0.011261933924877676 0.075975477935579475 0.067613875075810237 0.4260519323144803 0.08739752010340858 0.077110524466429839 -0.004645646537497574 -0.010784094597560568 0.075820228229832878 -0.0078844731454100602 0.017152431157078311 -0.055210655889369471 0.092262815856910416 0.086105502912417115 0.0055485008332605348 0.081038787287422795 -0.049461095810119676 0.057788654505809806 0.69625263351164801 -0.027935806272616173
leaf_weight=248.1828786493279 0.54500706866383453 169.77161578880623 0.95224736584350367 306.31234792480245 73.340604532975703 0.26646309904754417 26.550891611259431 147.91209015529603 379.69193987455219 452.9968722704798 20.843006047420204 34.535689014475793 14.702123365830628 1.3405769634991878 12.008001193404196 30.040944692445919 14.073087149299679 52.809436828363687 16.009156035725027 118.85836058855057 147.66133034508675 26.417603829409927 12.68151517305523 0.81350701162591565 75.742908279411495 12.177433537319301 23.819103674963117 46.238693825900555 0.10298964008688827 13.655725211370735
leaf_count=49266 4 2643 23 59741 5777 8 1042 23034 4700 6674 749 5165 324 44 402 2469 228 1808 1709 2116 2447 166 470 15 3680 1082 667 1915 18 2122
internal_value=-3.63622e-05 -0.0135127 -0.0382053 0.0577571 -0.00737553 -0.00377921 -0.0126109 -0.0334399 0.00965075 0.00242278 -0.0628865 0.0239432 -0.0200427 0.0868193 -0.00275158 0.0718333 0.0616514 -0.0417141 0.00993649 0.000426264 0.00501215 -0.008111 0.0230929 0.297668 0.000543002 0.0643611 -0.00761193 0.0623369 -0.0743267 -0.022515
internal_weight=2481.05 2011.91 568.843 469.142 306.901 1443.07 870.573 364.944 572.496 505.629 168.755 162.829 259.711 32.4615 465.005 30.3074 40.624 126.15 128.294 133.56 540.035 196.189 160.343 2.15408 112.284 12.7224 99.562 47.1909 261.942 13.7587
internal_count=180508 108460 63369 72048 11963 45091 34938 26592 10153 8346 23783 12307 10025 2536 7076 2477 1270 7585 7142 2440 7617 2809 2917 59 5433 1086 4347 1938 51406 2140
is_linear=0
shrinkage=0.08


Tree=60
num_leaves=31
num_cat=0
split_feature=14 8 8 14 5 13 13 2 2 3 5 1 0 7 6 3 7 7 7 6 7 6 7 7 7 5 7 1 3 1
split_gain=270.425 45.5377 74.7595 60.4374 42.8116 38.6256 33.7613 20.5443 16.2718 23.4919 18.15 16.7855 19.2974 16.1099 39.5603 23.0741 10.4637 17.2183 10.3359 18.117 16.6988 11.8804 31.2236 10.132 10.1055 8.18799 8.958 7.99586 42.0915 7.47407
threshold=0.65519759058952343 63.661756515502937 23.345499038696293 0.32609410583972936 1.0000000180025095e-35 1.0000000180025095e-35 1.0000000180025095e-35 93.40579986572267 44.327484130859382 44.033897399902351 0.23611111193895343 48.52813911437989 30.0684928894043 16.657057762146 2.5000000000000004 99.523811340332045 14.043861865997316 14.104690074920656 15.632611751556398 2.5000000000000004 20.743985176086429 1.5000000000000002 10.699700832366945 8.6932015419006365 17.188263893127445 0.38750000298023229 8.4716072082519549 99.494949340820327 94.185260772705092 95.69842910766603
decision_type=2 2 2 2 2 2 2 2 2 2 2 2 2 2 2 2 2 2 2 2 2 2 2 2 2 2 2 2 2 2
left_child=1 2 18 4 5 -4 7 23 9 11 -11 12 -3 15 -15 -5 25 -18 21 24 -21 22 -1 -2 -20 26 -10 28 -25 -23
right_child=6 8 3 13 -6 -7 -8 -9 16 10 -12 -13 -14 14 -16 -17 17 -19 19 20 -22 29 -24 27 -26 -27 -28 -29 -30 -31
leaf_value=-0.0061826543985318248 0.068300975891977284 0.015386626257389296 0.048610419181558 -0.0093560665865237164 -0.077123682280479389 -0.042915290008959869 0.077619868710104373 0.076056745445665999 0.044410013385364752 -0.13082451474375117 0.022644137203624248 0.049556745129102985 -0.042903515170280751 0.097605088670277951 -0.023126495044685256 -0.056502323790420875 -0.49520975667098832 -0.014348753781683401 0.013009009679476944 -0.066169915229820644 0.010899676514982136 -0.030462257166270681 0.066334492495657787 0.012818766067672707 0.063673932598606833 0.10217324518202615 -0.030457678013578921 0.031771369231734486 -0.18986290137687081 -0.0012874405312710325
leaf_weight=204.43530917959288 22.755312350578606 111.24011199828237 35.119974480941892 309.30676608369686 240.7670782096684 184.73970817355439 230.80843741819263 53.956115381326526 88.982819822616875 14.432926194742324 7.4920784067362538 49.236170435091481 53.990693864412606 27.372380826156586 47.533760191407055 84.610750993713737 0.49627183005213638 12.007182003930209 46.20803772425279 23.599664877168834 75.733396847732365 130.45049597229809 46.675755873322487 66.349810052197427 55.406312381848693 13.493348292540757 11.556661474052815 62.047595647163689 7.2768091056495896 98.731420631986111
leaf_count=3124 3032 1315 1982 11881 49555 19677 49420 9608 4189 154 146 1020 508 754 2263 6158 5 253 446 219 1121 901 598 4628 951 411 223 4964 396 606
internal_value=-3.19385e-05 -0.012713 -0.0184813 -0.0332369 -0.0538176 -0.0282951 0.0564392 0.0334213 0.0128869 0.000493565 -0.0783821 0.00855705 -0.00366022 -0.013016 0.0209915 -0.0194828 0.0360399 -0.0334345 0.00165033 0.0168847 -0.00741061 -0.00472351 0.00729661 0.018901 0.0406346 0.0436576 0.0358042 0.0106156 -0.00721306 -0.0178938
internal_weight=2416.81 1973.62 1610.69 929.45 460.627 219.86 443.194 212.386 362.928 236.392 21.925 214.467 165.231 468.824 74.9061 393.918 126.536 12.5035 681.24 200.947 99.3331 480.293 251.111 158.43 101.614 114.033 100.539 135.674 73.6266 229.182
internal_count=180508 108460 100236 92270 71214 21659 72048 22628 8224 3143 300 2843 1823 21056 3017 18039 5081 258 7966 2737 1340 5229 3722 13020 1397 4823 4412 9988 5024 1507
is_linear=0
shrinkage=0.08


Tree=61
num_leaves=31
num_cat=0
split_feature=14 10 9 5 10 0 9 3 13 5 1 1 3 1 7 7 6 0 1 9 8 0 14 8 7 6 8 7 1 7
split_gain=241.876 63.4781 93.6099 37.6536 34.5708 22.773 51.0994 36.7159 19.8745 24.6438 19.0407 18.6426 16.6335 16.9404 14.1992 13.231 11.4341 10.494 10.053 9.52042 9.81052 12.3548 7.13249 6.48315 6.36075 10.2575 11.9228 6.28836 5.24442 5.07834
threshold=0.7151908576488496 -1.0000000180025095e-35 44.255041122436531 1.0000000180025095e-35 -1.0000000180025095e-35 49.719100952148445 66.846843719482436 44.033897399902351 1.0000000180025095e-35 0.095454547554254546 51.355310440063484 84.028984069824233 28.759398460388187 60.943256378173835 16.561747550964359 16.460883140563968 1.5000000000000002 97.467948913574233 35.948717117309577 98.280788421630874 92.140716552734389 64.660633087158217 0.96788921952247631 30.025906562805179 19.148090362548832 2.5000000000000004 37.529342651367195 9.8702478408813494 52.704679489135749 39.296045303344734
decision_type=2 2 2 2 2 2 2 2 2 2 2 2 2 2 2 2 2 2 2 2 2 2 2 2 2 2 2 2 2 2
left_child=1 2 24 23 17 6 8 -7 9 -3 -9 16 18 -14 -12 -13 -5 19 -8 20 22 -22 -2 -4 -1 26 -26 -10 -25 -27
right_child=4 5 3 11 -6 7 12 10 27 -11 14 15 13 -15 -16 -17 -18 -19 -20 -21 21 -23 -24 28 25 29 -28 -29 -30 -31
leaf_value=-0.076675145258451968 0.026735865646761545 0.15265218183301721 0.26691850184815069 -0.020575713607064935 0.075852216944582468 0.10937504172628183 8.5895603731582546e-06 0.13847012649642426 -0.077517381250207171 -0.033439310078927725 -0.0034710304621901216 -0.01547660258749828 -0.024410372107121527 0.056739369239108592 0.021556768914329952 0.03840913033231759 -0.067130401682207921 0.080440435833793886 0.041303212348370727 0.075444793164375537 -0.24290868725788223 -0.019757154978803027 -0.13090590620138548 0.11119402540942427 0.030829248065966472 -0.052258205690576646 0.59844752418534375 0.16163441039915113 0.041969544061483753 0.18871700057988905
leaf_weight=216.39291705144569 71.183204753790051 5.2023454774171105 0.93672111863270302 93.370408233255148 248.51014445768669 20.975136674009264 77.530190682038665 6.5307399723678818 100.57557602645829 36.569605272263288 746.94682475295849 77.839265218470246 159.13360752118751 18.363673110026866 180.04646468674764 46.634098576847464 52.890148511622101 19.077910646796227 73.498315735720098 15.169700014870612 1.6940487003885234 25.336064237635583 1.8855250738561142 8.5360378180630487 0.71794780809432157 11.327621359843757 0.3534206529147923 0.70862990338355203 39.03014438226819 0.58879466541111547
leaf_count=49266 4789 131 25 5886 56793 765 872 152 16489 2234 20755 2046 1690 285 3815 746 1953 3597 845 1884 49 966 147 321 119 1952 52 6 1861 17
internal_value=-1.84134e-05 -0.0113014 -0.0344267 -0.00641514 0.0581769 -0.00240498 -0.0167876 0.00470091 -0.0566947 -0.0102632 0.00234901 -0.0180443 0.000589954 -0.0160147 0.00139003 0.00471175 -0.0374106 0.0254816 0.0201047 0.0163854 0.00743516 -0.0337427 0.0226679 0.0584967 -0.0734114 -0.0190339 0.218074 -0.0758442 0.0543923 -0.0403515
internal_weight=2357.56 1974.7 548.618 319.237 382.857 1426.08 471.582 954.499 143.056 41.772 933.524 270.734 328.526 177.497 926.993 124.473 146.261 134.346 151.029 115.269 100.099 27.0301 73.0687 48.5029 229.381 12.9878 1.07137 101.284 47.5662 11.9164
internal_count=180508 112283 64244 12838 68225 48039 22552 25487 18860 2365 24722 10631 3692 1975 24570 2792 7839 11432 1717 7835 5951 1015 4936 2207 51406 2140 171 16495 2182 1969
is_linear=0
shrinkage=0.08


Tree=62
num_leaves=31
num_cat=0
split_feature=14 10 9 10 5 1 9 3 3 5 14 3 3 4 9 4 0 0 14 7 5 7 9 7 7 6 5 7 1 0
split_gain=217.102 55.9071 86.9841 43.8645 29.6394 19.6966 32.712 34.6134 27.3077 17.8661 16.6213 12.4399 11.2781 10.6493 9.98058 10.0338 7.71452 7.72449 7.41459 7.0064 6.85636 6.81236 9.70208 7.65732 6.33951 6.97297 8.78196 5.97513 5.76931 13.864
threshold=0.65519759058952343 -1.0000000180025095e-35 44.255041122436531 -1.0000000180025095e-35 1.0000000180025095e-35 80.810150146484389 58.14778137207032 63.224515914916999 72.850124359130874 0.38750000298023229 0.36395762860774999 13.484848499298097 83.75235748291017 21.52509689331055 98.162322998046889 95.040985107421889 93.40579986572267 97.332859039306655 0.080064103007316603 8.0660772323608416 0.31666667759418493 8.6932015419006365 71.465583801269545 9.6919102668762225 19.148090362548832 2.5000000000000004 0.86607143282890331 7.4160256385803232 52.704679489135749 51.66851997375489
decision_type=2 2 2 2 2 2 2 2 2 2 2 2 2 2 2 2 2 2 2 2 2 2 2 2 2 2 2 2 2 2
left_child=1 2 24 14 28 6 7 18 13 11 -6 -8 -9 -7 15 21 19 -18 -3 -10 -12 22 -2 -23 -1 26 -26 -15 -4 -30
right_child=3 5 4 -5 10 8 9 12 16 -11 20 -13 -14 27 -16 -17 17 -19 -20 -21 -22 23 -24 -25 25 -27 -28 -29 29 -31
leaf_value=-0.076355812115458402 -0.24150415889276702 -0.030912910098402611 0.11425945392729882 0.074514157214327276 -0.075268618738518256 -0.33984603177446049 0.060861448205872214 0.0053508716507004832 -0.025001974590027575 0.082248467629337449 -0.055566379474346991 -0.0033129843673284976 -0.036429162608521443 0.10318550205881007 0.072635251961302411 0.067289558793890619 0.075225855994293905 0.014620838097847866 -0.071012820526790407 0.0041197886372412989 -0.0051037744421222764 -0.119548631729298 0.080882149048211019 0.00070091263866289345 -0.080702217176993829 -0.038784384168373827 0.32763780527285458 0.0045278923763360148 -0.073557531236064455 0.061239509918069354
leaf_weight=200.55809635133483 0.63353524822741647 41.290412254165858 8.2319183060899359 246.68638885370456 27.528370750602335 0.37732094619423406 20.178266639821231 131.74466631794348 61.368056677747518 17.247337309643626 18.824346476700157 460.83080472797155 60.265971133485436 25.246522468514744 19.892974994145334 18.02317487122491 16.556479524355382 71.957903107162565 103.44196399440989 381.98877753131092 203.70407691970468 3.509359674062579 10.48500511003658 98.935652477201074 0.591800037305801 11.458219078369437 0.78312651999294758 4.6529453080147496 5.7848160858266047 31.332525621866807
leaf_count=49266 7 1558 322 59741 4749 8 298 4355 1105 552 683 7799 898 2405 2843 3299 371 1681 19478 4460 4593 146 1119 4893 83 1969 88 123 171 1445
internal_value=-2.03222e-05 -0.0112443 -0.0339491 0.0537067 -0.00583548 -0.00297593 -0.0107697 -0.0300306 0.00860069 0.00224768 -0.016627 -0.000620875 -0.00776254 0.0825025 0.0198215 0.0118373 0.00439383 0.0259569 -0.0595728 8.88459e-05 -0.00937256 0.00303666 0.0625126 -0.00341836 -0.0728678 -0.018357 0.151879 0.0878324 0.0536689 0.0402311
internal_weight=2304.11 1905.94 508.797 398.166 295.406 1397.15 834.999 336.743 562.148 498.256 250.057 481.009 192.011 30.2768 151.48 131.587 531.871 88.5144 144.732 443.357 222.528 113.564 11.1185 102.445 213.391 12.8331 1.37493 29.8995 45.3493 37.1173
internal_count=180508 108460 63369 72048 11963 45091 34938 26289 10153 8649 10025 8097 5253 2536 12307 9464 7617 2052 21036 5565 5276 6165 1126 5039 51406 2140 171 2528 1938 1616
is_linear=0
shrinkage=0.08


Tree=63
num_leaves=31
num_cat=0
split_feature=14 10 9 10 7 0 9 3 2 8 0 1 2 2 3 13 7 9 7 1 9 8 0 8 7 9 7 9 14 3
split_gain=194.724 50.7613 84.1876 34.0867 28.2403 18.848 36.6709 32.8542 34.6849 24.3829 19.0269 21.2753 15.7595 15.5962 16.7272 14.4713 24.4148 14.094 12.6494 9.9324 8.74233 8.03401 8.48075 6.65152 6.34204 7.54045 8.16138 6.29009 6.16565 5.43428
threshold=0.7151908576488496 -1.0000000180025095e-35 44.255041122436531 -1.0000000180025095e-35 1.0000000180025095e-35 44.033897399902351 74.037036895751967 40.936473846435554 41.444372177124031 50.990196228027351 31.851119995117191 59.850746154785163 93.40579986572267 80.229885101318374 99.523811340332045 1.0000000180025095e-35 1.0000000180025095e-35 54.434123992919929 6.727062702178956 35.948717117309577 98.280788421630874 92.140716552734389 64.660633087158217 83.368797302246108 19.148090362548832 22.961895942687992 19.259087562561039 50.917509078979499 0.96788921952247631 74.601570129394545
decision_type=2 2 2 2 2 2 2 2 2 2 2 2 2 2 2 2 2 2 2 2 2 2 2 2 2 2 2 2 2 2
left_child=1 2 24 12 29 6 15 23 18 -10 19 -12 20 17 -15 16 -3 -6 -9 -8 21 28 -23 27 -1 -26 -27 -7 -2 -4
right_child=3 5 4 -5 13 7 10 8 9 -11 11 -13 -14 14 -16 -17 -18 -19 -20 -21 -22 22 -24 -25 25 26 -28 -29 -30 -31
leaf_value=-0.076016704000917493 0.020214215601445464 0.16586342055501391 0.067750499375964238 0.075077356914834054 -0.07010550132696132 -0.033925920823065885 -0.0050539687300295089 -0.096739464063233582 -0.0013567991696840612 0.033098572528190665 -0.045409799417992849 0.084853292631705893 0.080418635230456864 0.046346935019505459 -0.017999959870529686 -0.067621317059554209 -0.040244320273928776 -0.01682842626870713 0.0051260984725614231 0.033447274448223867 0.07390303938533424 -0.19671459075692763 -0.023538365350765842 0.02733809985368334 0.63907310473569801 0.67722484949216477 -0.029237006896008666 0.13238423748931169 -0.12449152589467508 0.004367090381288026
leaf_weight=185.93158510187641 63.573213558178395 4.713070732541385 34.807949548354372 214.08327945671044 44.108682089950889 1.5921760252676964 83.110235888510942 30.607676808023825 801.26054031169042 157.24298431095667 75.495089889038354 8.9787554689683002 24.663277896121144 43.125399391632527 64.562648758292198 96.422548920847476 16.753143143374473 113.68193172710016 10.470766225829719 88.596900490112603 11.862037278711794 1.9549487801268721 24.380950744263828 7.1636722113471469 0.11097073135897417 0.10554475802928109 12.436082058586178 16.949639266589656 1.9420269764959801 11.522928780410437
leaf_count=49266 3862 88 1910 56793 6678 273 868 1688 18140 8191 675 126 5031 794 1113 14867 1117 2046 534 899 1602 39 778 199 9 14 2117 374 120 297
internal_value=-1.66838e-05 -0.00997788 -0.0315742 0.0555327 -0.00564501 -0.00210097 -0.017472 0.00350708 0.00121058 0.00429562 -0.000480331 -0.0315641 0.0229395 -0.0157027 0.00776878 -0.0543963 0.0050082 -0.0317215 -0.0707743 0.0148118 0.00927079 0.000923909 -0.0363935 0.0928086 -0.0722872 -0.0174824 -0.0232917 0.118103 0.0159248 0.0519864
internal_weight=2252.21 1909.75 510.394 342.46 311.81 1399.36 374.07 1025.29 999.582 958.504 256.181 84.4738 128.376 265.479 107.688 117.889 21.4662 157.791 41.0784 171.707 103.713 91.8511 26.3359 25.7055 198.584 12.6526 12.5416 18.5418 65.5152 46.3309
internal_count=180508 112283 64244 68225 12838 48039 18640 29399 28553 26331 2568 801 11432 10631 1907 16072 1205 8724 2222 1767 6401 4799 817 846 51406 2140 2131 647 3982 2207
is_linear=0
shrinkage=0.08


Tree=64
num_leaves=31
num_cat=0
split_feature=14 10 14 5 10 4 10 8 5 2 5 14 13 2 8 8 2 6 4 1 1 0 2 2 6 5 4 4 4 1
split_gain=174.286 45.3346 59.137 35.2839 33.7129 17.4857 32.4765 21.9708 22.458 17.9886 17.2249 15.8579 15.2178 14.977 13.0045 14.0037 9.31443 8.1776 9.35849 8.06681 7.99736 16.1066 7.9723 7.68077 6.71612 6.49204 6.24016 6.13854 5.86705 5.81497
threshold=0.7151908576488496 -1.0000000180025095e-35 0.37501408159732824 1.0000000180025095e-35 -1.0000000180025095e-35 65.64831924438478 1.0000000180025095e-35 50.990196228027351 0.47222222387790685 45.199691772460945 0.47222222387790685 0.38357569277286535 1.0000000180025095e-35 93.40579986572267 33.809621810913093 75.766986846923842 25.19841289520264 2.5000000000000004 94.494949340820327 81.53021621704103 52.704679489135749 52.223320007324226 81.28433990478517 80.229885101318374 1.5000000000000002 0.64583334326744091 92.63776016235353 68.13346099853517 91.010101318359389 91.042778015136733
decision_type=2 2 2 2 2 2 2 2 2 2 2 2 2 2 2 2 2 2 2 2 2 2 2 2 2 2 2 2 2 2
left_child=1 2 3 20 13 7 9 8 16 27 12 29 -9 17 24 23 -3 22 26 -11 -1 -22 -2 -16 -4 -26 -19 -7 -24 -8
right_child=4 5 14 -5 -6 6 11 10 -10 19 -12 -13 -14 -15 15 -17 -18 18 -20 -21 21 -23 28 -25 25 -27 -28 -29 -30 -31
leaf_value=0.089969948430510746 -0.0093924697767211705 0.0058811510428549907 0.10470768377096273 -0.074408950066829654 0.074650256918752225 0.57959609675163337 0.18362522958496363 0.070202344333966007 0.0087820472179898704 -0.018645522457934046 0.09644389489005542 0.043515194168628091 -0.0037062355151596372 0.080386326026362698 -0.030062438171071404 0.051536269609614264 -0.041605830039668536 -0.041604081093845412 -0.358656844119632 0.0057169172597971874 -0.08991381078626319 0.049533977303355521 0.057394140844025124 -0.000914603470402486 -0.1202389709662509 0.039391341448492552 0.063532688418071165 0.19065472762170235 -0.013981228793628042 0.054926221973464417
leaf_weight=7.6183310509659377 31.315543827600777 29.753434441750869 9.3424442430259678 186.76408195262775 198.7095659088809 0.3665100703947235 8.1521425973623973 18.7547179274261 96.16558226570487 107.27351276017725 12.217328244354574 52.560142040019855 361.47959846584126 22.775855037849396 123.90208649937995 21.153927973937243 237.05751796928234 20.762965589761741 0.5441211904399087 459.90171660180204 8.704539760481568 13.557432197034357 36.530087902676314 108.54855428426526 1.9170218894723774 10.910799132427201 4.3741369908675543 0.89117574924603105 9.2336527095176262 3.1017602425999931
leaf_count=395 1874 2498 300 51921 56793 14 260 868 1439 2009 753 4999 6923 5031 4914 1156 21642 786 28 6500 758 913 2663 3272 104 511 285 52 765 82
internal_value=-2.0185e-05 -0.00936197 -0.0302161 -0.0614953 0.0541469 -0.00196186 0.0078543 -0.0101774 -0.0243637 0.00177925 0.0029435 0.0619687 -6.07608e-05 0.0216923 -0.00564362 -0.0107801 -0.0363103 0.00868338 -0.0304143 0.00110909 0.0192206 -0.00499079 0.0217099 -0.0164511 0.0531124 0.0155358 -0.0233091 0.303999 0.0429929 0.148154
internal_weight=2204.34 1880.09 492.419 216.644 324.246 1387.68 632.247 755.428 362.977 568.433 392.452 63.814 380.234 125.536 275.775 253.605 266.811 102.761 25.6812 567.175 29.8803 22.262 77.0793 232.451 22.1703 12.8278 25.1371 1.25769 45.7637 11.2539
internal_count=180508 112283 64244 53987 68225 48039 13916 34123 25579 8575 8544 5341 7791 11432 10257 9342 24140 6401 1099 8509 2066 1671 5302 8186 915 615 1071 66 3428 342
is_linear=0
shrinkage=0.08


Tree=65
num_leaves=31
num_cat=0
split_feature=14 9 8 10 14 9 10 14 8 2 11 0 3 2 3 4 13 5 4 7 9 3 7 3 7 9 4 8 7 4
split_gain=155.778 40.4194 117.341 33.2425 31.5732 22.8739 16.5721 20.0539 18.608 14.2039 12.1039 12.9781 27.3348 31.2354 26.7726 12.9911 10.6869 9.91849 10.1793 9.36281 8.09949 8.04209 7.15085 8.61609 6.48091 6.26912 22.9793 5.88531 5.02747 4.23422
threshold=0.7151908576488496 54.434123992919929 26.198685646057132 -1.0000000180025095e-35 0.34483318030834204 37.952461242675788 1.0000000180025095e-35 0.37501408159732824 60.805404663085945 93.40579986572267 1.0000000180025095e-35 43.693181991577156 48.683298110961921 43.521308898925788 28.759398460388187 42.588071823120124 1.0000000180025095e-35 0.31666667759418493 78.08689117431642 22.395862579345707 98.280788421630874 35.948717117309577 8.6932015419006365 75.615615844726577 11.50551748275757 49.677366256713874 60.791925430297859 81.696132659912124 6.933244228363038 30.860805511474613
decision_type=2 2 2 2 2 2 2 2 2 2 2 2 2 2 2 2 2 2 2 2 2 2 2 2 2 2 2 2 2 2
left_child=1 2 5 9 25 17 8 -8 -6 20 11 14 21 -14 16 -16 -3 18 -1 28 22 -13 -2 -24 -19 -4 -27 -12 -7 -29
right_child=3 10 4 -5 6 19 7 -9 -10 -11 27 12 13 -15 15 -17 -18 24 -20 -21 -22 -23 23 -25 -26 26 -28 29 -30 -31
leaf_value=-0.047992750461854666 0.080751774728122283 0.10487461796864872 -0.072882635570314727 0.074195907401839054 -0.034392435800402063 0.32013589860239455 0.22284084192949061 0.0081257768861894026 0.39727805754966289 0.080356517622582918 0.12635158437671037 0.12046379925734689 -0.078218343830328343 0.0097440624738309375 -0.040842896589754811 0.056672733846806968 0.0089091929682278189 0.014969387761135343 0.070750700942355291 0.63902014281307473 0.073269216978214771 0.045247847088207588 -0.30529680121898578 -0.0037333856096967133 -0.0023990544741660106 -0.052056919157316639 0.24468757977057934 -0.056058687079267193 0.088615925963560244 0.077341786845120442
leaf_weight=41.776668097823858 6.5669104168191543 7.8246919815428546 242.11610805266537 184.51072385092266 116.10595217370428 0.96650608023628581 3.5128585323691395 13.415676292963324 0.64264479000121255 21.032246803166345 7.6264142221771163 10.523671442875637 27.823056458728388 361.84385282476433 132.37464817147702 9.3616591603495163 146.06074138684198 203.86910048522986 5.1949353143572798 0.31442360067740072 10.914598253555594 67.137854576576501 0.61078053433447976 83.835675349459052 422.33991469489411 23.921794069930915 1.7954857014119614 2.6125729568302631 1.5841812598519025 3.6505984296090901
leaf_count=2772 796 410 63916 56793 11774 73 93 174 11 5031 235 238 549 12132 3127 190 2290 2667 37 6 1602 1896 11 3992 4896 4363 97 34 113 190
internal_value=-1.6255e-05 -0.00876064 -0.018789 0.0527222 -0.0530448 0.00155591 -0.0212904 0.0526815 -0.0320163 0.0204994 0.00514971 0.00380235 0.012101 0.00346336 -0.00931636 -0.034402 0.0137888 0.000595898 -0.03486 0.227119 0.00814824 0.0554401 0.000338735 -0.00591452 0.00325543 -0.0688937 -0.0313393 0.0791597 0.176343 0.0216961
internal_weight=2161.87 1854.4 1077.56 307.471 401.511 676.046 133.677 16.9285 116.749 122.96 776.84 762.95 467.328 389.667 295.622 141.736 153.885 673.181 46.9716 2.86511 101.928 77.6615 91.0134 84.4465 626.209 267.833 25.7173 13.8896 2.55069 6.26317
internal_count=180508 112283 90992 68225 80428 10564 12052 267 11785 11432 21291 20832 14815 12681 6017 3317 2700 10372 2809 192 6401 2134 4799 4003 7563 68376 4460 459 186 224
is_linear=0
shrinkage=0.08


Tree=66
num_leaves=31
num_cat=0
split_feature=14 10 9 10 5 2 9 15 1 3 1 2 0 6 14 5 8 8 9 2 8 6 2 1 9 8 2 8 3 0
split_gain=139.11 36.7239 72.1283 32.705 22.6155 14.5336 15.566 35.8331 15.4834 14.8457 13.8187 13.4602 11.9611 11.7706 11.302 10.9937 9.52446 8.04056 7.46609 6.82794 12.3924 6.49583 7.61751 6.5562 6.35276 12.4642 5.87396 4.71784 4.75985 3.71529
threshold=0.7151908576488496 -1.0000000180025095e-35 44.255041122436531 -1.0000000180025095e-35 1.0000000180025095e-35 92.031745910644545 74.037036895751967 1.0000000180025095e-35 77.459678649902358 37.089946746826179 84.028984069824233 93.40579986572267 57.307060241699226 1.5000000000000002 0.15910186618566516 0.58571431040763866 34.804239273071296 27.650925636291507 98.280788421630874 86.70682525634767 21.833460807800297 2.5000000000000004 81.28433990478517 92.40384674072267 37.952461242675788 29.740898132324222 87.20676422119142 30.025906562805179 74.601570129394545 79.795917510986342
decision_type=2 2 2 2 2 2 2 2 2 2 2 2 2 2 2 2 2 2 2 2 2 2 2 2 2 2 2 2 2 2
left_child=1 2 19 11 27 6 7 9 17 -3 13 18 -9 -6 -10 -7 -12 -8 21 -1 -21 22 -2 -23 29 -26 -22 -4 -29 -17
right_child=3 5 4 -5 10 15 8 12 14 -11 16 -13 -14 -15 -16 24 -18 -19 -20 20 26 23 -24 -25 25 -27 -28 28 -30 -31
leaf_value=-0.076384476925637185 -0.018843852989136722 0.14415998678382191 0.22395309031515179 0.073712480881021447 -0.013272957771113876 0.090595313828425644 -0.11899071535004462 -0.063174775695114871 -0.39662629593714677 -0.0057095615758691485 0.068780497034393803 0.080329016065941825 0.17056704503634648 -0.06243620716951509 0.076145990084365386 0.069392312999529637 -0.0019520483533276725 0.005626336954015515 0.072678039679118595 0.51493034207210797 0.23622780624817158 0.030925937089409158 0.036190399417977304 -0.060653036427379653 0.43723594984913483 0.052931688152684175 -0.040459813044554885 0.060144090689320286 -0.00057612850530450676 0.0049879864607768392
leaf_weight=144.40269189793617 27.487857253290713 4.2545336943585417 0.95878530282061447 171.39754594350234 85.616678416728973 14.349490794586016 3.3422137717716387 84.875059255165979 0.32797187939286487 737.49600581405684 13.742287996457888 19.421588393161073 1.4246500516310323 49.007625177502632 24.372760571190156 6.1279281987808636 107.43123340769671 388.191997932503 10.154138725250958 0.26809925865382211 0.50484902318567293 6.9798817588016417 38.840624053496867 17.665780601091683 0.56751398905180295 11.192305665928869 17.974657323444262 32.146214060019702 11.120727003086357 88.833271080162376
leaf_count=47490 1281 101 25 56793 5886 366 47 14527 4 19900 272 5031 24 1953 3821 98 2520 6531 1602 31 130 183 2648 687 21 770 3755 1893 289 1829
internal_value=-2.36266e-05 -0.00821119 -0.0276766 0.0512568 -0.00439641 -0.00160786 -0.00418248 -0.0105264 0.00843805 -0.00484994 -0.0135292 0.0193294 -0.0593161 -0.03117 0.0698686 0.0248524 0.00606973 0.00456258 0.00761448 -0.0704875 -0.0250666 0.000352372 0.0133831 -0.034717 0.0160127 0.0714777 -0.0329009 0.048427 0.0445374 0.00914405
internal_weight=2120.48 1828.53 463.174 291.947 300.024 1365.36 1244.29 828.05 416.235 741.751 255.798 120.55 86.2997 134.624 24.7007 121.071 121.174 391.534 101.128 163.15 18.7476 90.9741 66.3285 24.6457 106.721 11.7598 18.4795 44.2257 43.2669 94.9612
internal_count=180508 112283 64244 68225 12838 48039 44955 34552 10403 20001 10631 11432 14551 7839 3825 3084 2792 6578 6401 51406 3916 4799 3929 870 2718 791 3885 2207 2182 1927
is_linear=0
shrinkage=0.08


Tree=67
num_leaves=31
num_cat=0
split_feature=14 9 9 2 10 3 9 7 1 3 7 3 5 7 2 7 9 2 6 2 14 7 9 2 7 15 2 5 6 7
split_gain=124.16 35.0256 94.2872 38.3725 26.582 14.0105 12.5106 11.5605 11.3763 15.213 14.9606 12.8953 19.868 23.7654 18.8991 17.0695 11.4598 10.9914 9.22376 8.99493 8.09524 7.33102 9.17834 7.10764 6.98686 6.82329 6.72709 6.50292 8.59875 25.0919
threshold=0.76927912235260021 54.434123992919929 1.0000000180025095e-35 80.810150146484389 -1.0000000180025095e-35 83.935482025146499 45.176797866821296 19.148090362548832 85.215545654296889 80.982517242431655 10.150055885314943 84.660633087158217 0.47222222387790685 13.219119548797609 71.010189056396499 8.2508149147033709 74.037036895751967 93.40579986572267 1.5000000000000002 90.366767883300795 0.15910186618566516 15.548498630523683 97.912307739257827 85.270011901855483 16.561747550964359 1.0000000180025095e-35 85.270011901855483 0.31666667759418493 1.5000000000000002 10.699700832366945
decision_type=2 2 2 2 2 2 2 2 2 2 2 2 2 2 2 2 2 2 2 2 2 2 2 2 2 2 2 2 2 2
left_child=1 2 27 6 17 7 -4 -5 11 20 23 12 15 -14 16 -3 -13 21 -12 -7 -10 -2 24 -11 -23 -8 -16 -1 29 -29
right_child=4 8 3 5 -6 19 25 -9 9 10 18 14 13 -15 26 -17 -18 -19 -20 -21 -22 22 -24 -25 -26 -27 -28 28 -30 -31
leaf_value=-0.029987981672282824 0.041154086936829509 0.0031849143010453224 -0.073446570076940082 0.10637294960943665 0.074799271711752088 -0.041027917652690961 -0.025852448596161492 0.60398905148925464 -0.26261029423485216 -0.094362015873577509 0.10911891227630244 -0.10401739248247152 0.080241583143660034 -0.022873865550242848 -0.061044454314349642 -0.046559524745228384 -0.34660085799714224 0.080289226916683831 0.01810880683154114 0.011478930361644983 0.080530469748873512 -0.12333490244901218 0.080872433463062984 0.0021348564973168623 -0.011474955385013754 -0.076701372637720797 0.019508372265094408 0.0028428291218916134 -0.0028913376684541591 0.073030801949850357
leaf_weight=39.138999176211655 29.74720535101369 519.38767437660135 201.63794202171266 3.2724380898289378 147.39919063122943 34.449276010971516 70.824857973726466 0.3288120504003017 0.4463754221797015 10.794981044484304 7.9085487218108019 4.1224655527621499 42.898890059441328 21.460820450214669 12.766511174617337 48.249376039253548 1.7864104604814199 16.816083903424442 72.121780820889398 53.014277673326433 30.868973071919754 3.899381927214562 6.4673412339761844 8.9233325843233597 42.781405310146511 22.17790763778612 13.815148616675286 158.0822815746069 416.89732496999204 41.065802590921521
leaf_count=1237 2494 13195 60622 437 52936 4491 8936 9 5 326 334 51 1684 779 255 1490 36 4833 3239 3714 3893 219 821 471 1905 6072 550 1273 3853 348
internal_value=-1.92538e-05 -0.00718293 -0.0168418 -0.0482229 0.0532187 -0.00283465 -0.062251 0.151808 0.00545461 0.0269952 0.0117237 0.00120593 0.0037328 0.0458576 -0.0479461 -0.00104338 -0.177357 0.0213171 0.0271024 -0.00920195 0.0756393 0.00935401 -0.00844461 -0.0506933 -0.0208189 -0.0379781 -0.0191792 0.00163218 0.00364109 0.0173161
internal_weight=2083.55 1836.44 1040.89 385.706 247.111 91.0648 294.641 3.60125 795.551 131.064 99.7486 664.487 631.997 64.3597 32.4905 567.637 5.90888 99.7114 80.0303 87.4636 31.3153 82.8953 53.1481 19.7183 46.6808 93.0028 26.5817 655.184 616.045 199.148
internal_count=180508 117300 90992 84281 63208 8651 75630 446 26308 8268 4370 18040 17148 2463 892 14685 87 10272 3573 8205 3898 5439 2945 797 2124 15008 805 6711 5474 1621
is_linear=0
shrinkage=0.08


Tree=68
num_leaves=31
num_cat=0
split_feature=14 9 8 14 13 9 2 8 11 2 3 0 5 8 1 8 11 3 1 5 0 9 1 0 14 2 8 0 1 1
split_gain=110.965 30.4188 92.8101 29.6994 21.1192 16.4259 13.9095 11.4883 10.8815 12.1983 37.5186 25.4147 17.707 16.184 19.0002 9.57849 8.42097 8.33497 7.44102 6.68721 7.65996 6.4163 24.469 6.16608 7.17522 5.53335 5.41289 4.79757 4.30606 3.13588
threshold=0.76927912235260021 54.434123992919929 26.198685646057132 0.34483318030834204 1.0000000180025095e-35 37.952461242675788 93.40579986572267 60.805404663085945 1.0000000180025095e-35 43.521308898925788 43.534002304077156 44.575162887573249 0.23611111193895343 77.488739013671889 59.516963958740241 81.696132659912124 -1.0000000180025095e-35 58.898942947387702 57.338552474975593 0.47222222387790685 93.957649230957045 49.677366256713874 77.694858551025405 64.051280975341811 0.39345568418502813 93.788581848144545 81.696132659912124 65.142410278320327 25.320512771606449 83.225109100341811
decision_type=2 2 2 2 2 2 2 2 2 2 2 2 2 2 2 2 2 2 2 2 2 2 2 2 2 2 2 2 2 2
left_child=1 2 5 21 6 17 15 18 9 10 11 -3 -12 14 -11 16 -2 28 -5 -17 -21 29 -23 -7 -25 -19 -10 -15 -1 -4
right_child=4 8 3 7 -6 23 -8 -9 26 13 12 -13 -14 27 -16 19 -18 25 -20 20 -22 22 -24 24 -26 -27 -28 -29 -30 -31
leaf_value=0.14863669325293849 -0.20795752245535762 -0.0052883306500982764 -0.075489000547287605 0.22852061412507138 0.076665805893101527 0.001904677275149446 0.08024473009739895 0.27084079751503587 0.12217443243264711 0.046335605801090071 -0.1043692741471695 0.069406201752626379 0.0093167638366434668 0.030412686482159779 -0.0030190758064432832 0.081006647925513597 0.051106128207283101 -0.00015053946448615726 -0.021703267243280717 -0.01137699266211575 -0.28873899453413637 -0.046940330320605392 0.30862549056249877 0.40363580160040619 0.11948686956873053 0.022507385718087899 0.021167979345994837 0.071093064474937559 -0.046126762523286624 -0.04770890160902224
leaf_weight=0.74561651051044719 0.82070854469202359 265.46187569154426 170.44264992489479 0.76526348129846056 112.98213398922235 0.86431876337155644 26.203808406367898 0.87419778946787019 7.3977682413533312 60.162673647282645 33.86245003156364 32.749878433183767 11.831877912627531 51.099500964628533 293.24727579107275 5.1194615536369374 37.270114871440455 561.03826824668795 124.74430650076829 51.50049124029465 0.64523755875416 21.904996289871637 1.3129138783551741 1.0712808384560051 1.2124557029455898 78.651092076674104 6.2764183541294187 29.130897093098611 28.361394142964855 30.688217597780749
leaf_count=3 24 5392 55972 81 44442 136 8922 13 333 1196 721 941 287 2280 9833 805 4867 6561 11958 4118 30 4430 30 43 13 1744 299 5026 2064 7944
internal_value=-1.54422e-05 -0.00671083 -0.0158233 -0.049181 0.0517653 0.00158838 0.0286218 -0.0181646 0.00506726 0.00382311 -0.00742869 0.00291469 -0.0749319 0.0127465 0.00538281 0.0144358 0.0455243 0.000730235 -0.0201776 -0.00624316 -0.014809 -0.0666537 -0.026834 0.1839 0.252779 0.0026353 0.0758127 0.0451833 -0.0411376 -0.0712504
internal_weight=2048.44 1813.9 1022.68 350.733 234.542 671.944 121.56 126.384 791.221 777.546 343.906 298.212 45.6943 433.64 353.41 95.356 38.0908 668.796 125.51 57.2652 52.1457 224.349 23.2179 3.14806 2.28374 639.689 13.6742 80.2304 29.107 201.131
internal_count=180508 117300 90992 80428 63208 10564 18766 12052 26308 25676 7341 6333 1008 18335 11029 9844 4891 10372 12039 4953 4148 68376 4460 192 56 8305 632 7306 2067 63916
is_linear=0
shrinkage=0.08


Tree=69
num_leaves=31
num_cat=0
split_feature=14 8 2 9 8 10 10 7 6 6 2 14 3 5 14 2 2 3 7 2 7 7 8 13 7 9 9 9 8 13
split_gain=99.1226 26.7559 36.8329 29.0229 44.9859 25.9003 24.426 17.1331 49.0683 25.3995 15.3836 13.8241 12.2177 13.4431 12.132 10.9376 9.9447 9.15474 8.55547 7.99875 7.8881 6.84589 6.29784 6.05546 5.55684 7.73415 4.80037 4.00251 5.16181 6.89595
threshold=0.76927912235260021 66.501647949218764 66.312053680419936 52.957075119018562 1.0000000180025095e-35 -1.0000000180025095e-35 1.0000000180025095e-35 16.657057762146 2.5000000000000004 1.5000000000000002 43.288288116455085 0.38357569277286535 44.033897399902351 0.23611111193895343 0.72930285334587108 17.467581748962406 93.40579986572267 83.225109100341811 14.043861865997316 64.051280975341811 8.1674318313598651 39.296045303344734 98.469348907470717 1.0000000180025095e-35 15.548498630523683 97.912307739257827 46.021402359008796 96.785671234130874 96.014438629150405 1.5000000000000002
decision_type=2 2 2 2 2 2 2 2 2 2 2 2 2 2 2 2 2 2 2 2 2 2 2 2 2 2 2 2 2 2
left_child=1 2 3 4 20 16 7 9 -9 -4 12 17 22 -14 15 -5 21 -8 -13 -16 -1 24 23 -3 -2 -26 -6 28 -12 -30
right_child=5 10 6 14 26 -7 11 8 -10 -11 27 18 13 -15 19 -17 -18 -19 -20 -21 -22 -23 -24 -25 25 -27 -28 -29 29 -31
leaf_value=0.025549826152589827 0.038469668414032099 0.087387330153708198 0.0090596992584601552 0.061372037424308933 -0.07583436537841369 0.073913441386552384 0.23769282056696017 0.065610568936111044 -0.013193523554227888 -0.025052437959268745 0.029075941734060095 0.011380386508802066 -0.11576502863298323 0.031551872639792283 -0.062694228599757137 -0.010233337863552756 0.080246344923768448 0.071226287460810139 0.097023179670345294 -0.50004536034953717 -0.018899457607312896 -0.32536869087275366 0.039126681869188544 -0.0033018489246577631 -0.016447085651710477 0.080807270261370218 -0.045833441556368419 0.059126190340041261 -0.25759679497738686 0.081442707000407497
leaf_weight=34.114093669690192 27.930740335723385 4.8600751190679139 241.25944533897564 14.369635246694086 138.53743268060498 127.33479696488939 3.9694751901552063 79.783897013636306 138.09958121110685 331.84824287029915 104.3233995065093 26.22837603604421 11.320077117998155 6.1009863067883989 0.54770992137491592 273.53514871175867 14.33738559996709 4.5240373471751809 10.435366030549629 0.52337944065220654 101.80523188970983 0.39238107344135542 30.510884930379689 154.78243329119869 47.060132755897939 5.8880660417489699 45.293691772967577 32.160133620491251 0.92317296005785354 0.65733543853275478
leaf_count=627 2494 457 10542 248 49392 52936 103 2024 4682 12777 7005 1387 117 156 58 8850 4833 50 1121 16 1486 20 547 1551 2109 816 10298 3656 45 105
internal_value=-1.75241e-05 -0.00628098 -0.0110641 -0.0260341 -0.0426405 0.0502858 -0.000165659 -0.00343268 0.0156627 -0.0106924 0.0137137 0.0570608 -5.0782e-05 -0.0641736 -0.00765924 -0.00665944 0.0188177 0.149025 0.0357563 -0.276402 -0.00774323 0.00798085 0.00582388 -0.000540954 0.00959808 -0.00563199 -0.0684425 0.0344082 0.026902 -0.11659
internal_weight=2013.46 1790.51 1444.87 608.726 319.75 222.944 836.148 790.991 217.883 573.108 345.638 45.1573 207.574 17.4211 288.976 287.905 95.6087 8.49351 36.6637 1.07109 135.919 81.2713 190.153 159.643 80.8789 52.9482 183.831 138.064 105.904 1.58051
internal_count=180508 117300 103661 70975 61803 63208 32686 30025 6706 23319 13639 2661 2828 273 9172 9098 10272 153 2508 74 2113 5439 2555 2008 5419 2925 59690 10811 7155 150
is_linear=0
shrinkage=0.08


Tree=70
num_leaves=31
num_cat=0
split_feature=14 10 10 9 5 14 1 2 1 0 8 2 0 3 2 3 1 14 2 14 5 1 1 0 14 1 0 2 14 0
split_gain=88.3557 25.3741 24.7089 59.1473 20.7013 14.022 13.7055 10.3972 17.7031 17.3658 13.3759 9.40757 9.01543 8.3033 7.70701 11.1088 23.898 7.19511 6.81384 7.81769 5.50082 6.92853 49.8299 6.63779 6.2346 9.5665 5.11948 4.46421 4.38259 7.34893
threshold=0.76927912235260021 -1.0000000180025095e-35 -1.0000000180025095e-35 44.255041122436531 1.0000000180025095e-35 0.6038089692592622 84.028984069824233 14.459930419921877 42.179391860961921 30.0684928894043 90.57450103759767 93.40579986572267 75.123764038085952 99.523811340332045 58.898942947387702 78.629974365234389 78.319625854492202 0.64402773976326 86.70682525634767 0.13425981253385547 0.58571431040763866 99.494949340820327 92.40384674072267 81.28433990478517 0.9182887375354768 97.590011596679702 53.410852432250984 87.20676422119142 0.18751127272844317 45.035211563110359
decision_type=2 2 2 2 2 2 2 2 2 2 2 2 2 2 2 2 2 2 2 2 2 2 2 2 2 2 2 2 2 2
left_child=2 11 3 18 28 7 12 -4 9 -9 -10 20 -6 -8 15 17 -17 -7 -1 -20 24 22 -22 -23 26 -26 -2 -21 -5 -30
right_child=1 -3 5 4 6 14 13 8 10 -11 -12 -13 -14 -15 -16 16 -18 -19 19 27 21 23 -24 -25 25 -27 -28 -29 29 -31
leaf_value=-0.075175555167319136 -0.3460693963604688 0.073419868481604311 0.048891008623468173 0.14094422879638338 -0.019176986766630717 -0.1164557544724704 0.029865117055301999 -0.0098014474030258016 -0.00080598696356934971 -0.063674039951063466 0.045269201414718248 0.080227357265012372 -0.070930250229225139 -0.011139077723326667 0.060013367229281793 -1.5271524836462658 0.080427486777591484 0.080610424804760078 0.66289110188288247 0.19060315517872745 0.016916551336889102 -0.034189535928134847 -0.27116202474687839 0.03926967968610421 -0.37570026696970055 0.024669753831936703 0.075404518680737567 -0.033346121067796469 -0.046643087321756871 0.054347797328124114
leaf_weight=111.31212386791594 0.18703072099015017 118.30366761726327 25.305682595819235 3.0199187565594903 108.56266482477076 2.4030633324291548 56.828269853023812 127.63914808747359 1046.0840436856961 54.708556723315269 41.941166444914415 13.238080726936458 26.875121308490634 71.21315915742889 34.431676868582144 0.099510390311479457 0.14603724726475775 2.3407585374079645 0.10611896961927669 0.58946517831646161 21.518359749112282 10.941734182648359 4.6782536683604112 28.064892062684521 0.524473220342769 1.4055848643183708 13.336087556090204 16.966173268156126 5.3124793567694715 34.947405423270538
leaf_count=47490 13 52936 574 121 7348 170 1699 5930 31111 4116 1528 4833 801 1696 7879 20 35 533 1 130 1263 596 147 1902 60 134 1324 3785 225 2108
internal_value=-7.59687e-06 0.0487745 -0.00585314 -0.0223946 -0.00328292 -0.000454537 -0.0117058 -0.0018846 -0.00289604 -0.0259645 0.000970118 0.0177222 -0.0294465 0.0070597 0.0465482 -0.0463752 -0.571059 -0.0192168 -0.067851 -0.0216885 0.00746332 -0.00270756 -0.0345292 0.0186637 0.0503784 -0.0841266 0.0695753 -0.0258266 0.0479938 0.0410216
internal_weight=1983.03 212.198 1770.83 435.733 306.759 1335.1 263.479 1295.68 1270.37 182.348 1088.03 93.8945 135.438 128.041 39.421 4.98937 0.245548 4.74382 128.974 17.6618 80.6564 65.2032 26.1966 39.0066 15.4532 1.93006 13.5231 17.5556 43.2798 40.2599
internal_count=180508 63208 117300 65404 13998 51896 11544 43259 42685 10046 32639 10272 8149 3395 8637 758 55 703 51406 3916 5439 3908 1410 2498 1531 194 1337 3915 2454 2333
is_linear=0
shrinkage=0.08


Tree=71
num_leaves=31
num_cat=0
split_feature=14 10 10 9 5 8 14 7 6 7 2 4 2 2 3 7 2 13 7 9 4 7 2 8 7 4 3 8 5 0
split_gain=78.8518 24.6409 21.7036 55.236 17.7613 12.6487 12.6478 10.2518 20.7015 15.8061 10.0656 10.7546 9.85857 8.83778 7.78094 7.69513 6.51445 7.04905 12.6074 5.16817 5.83186 5.74243 5.08344 9.34702 7.75709 4.91021 13.0455 8.15398 3.9178 3.2575
threshold=0.76927912235260021 -1.0000000180025095e-35 -1.0000000180025095e-35 44.255041122436531 1.0000000180025095e-35 35.094879150390632 0.6038089692592622 16.225119590759281 2.5000000000000004 20.743985176086429 14.459930419921877 39.415279388427741 73.746868133544936 93.40579986572267 70.659969329833999 19.148090362548832 61.143791198730476 1.5000000000000002 8.856173515319826 98.280788421630874 58.898942947387702 15.548498630523683 93.957649230957045 28.625336647033695 19.259087562561039 75.809822082519545 77.032970428466811 38.11738586425782 0.47222222387790685 14.907407283782961
decision_type=2 2 2 2 2 2 2 2 2 2 2 2 2 2 2 2 2 2 2 2 2 2 2 2 2 2 2 2 2 2
left_child=2 13 3 15 25 14 7 10 28 -10 29 -12 -7 19 -6 -1 17 18 -8 20 -2 -22 24 -24 -17 26 -5 -27 -9 -4
right_child=1 -3 6 4 5 12 16 8 9 -11 11 -13 -14 -15 -16 22 -18 -19 -20 -21 21 -23 23 -25 -26 27 -28 -29 -30 -31
leaf_value=-0.072984904652212648 -0.16999994812306252 0.072894151119112655 0.062237821317655907 0.050694882957991565 -0.09393392812561667 -0.034475314283952452 -0.27335871098302994 -0.01675950528522693 -0.061679874981827483 0.011065878804119068 -0.018967801140871259 -0.00095664263530322426 -0.0017165469046657609 0.080209831462980732 0.057845488629324912 0.61905183613397097 0.06040202360175756 0.056868548282834261 0.037742227288752352 0.06993713683378508 0.037691072961891753 -0.011513758959802002 0.41571313801956217 0.02572969429598972 -0.045724432230374645 0.27840578529955645 -0.095000861846539067 0.064851028063738658 0.054812597164891307 -0.0049014818055424635
leaf_weight=110.84775935031939 1.2600884838029731 109.96437983715441 18.784025828354064 29.776550086215138 2.3903615528252002 107.27054376085289 1.5739585896953934 5.2875075913034371 25.16363719268702 79.533821305260062 288.3300814263057 803.2908729352057 130.10514394380152 12.222850301070137 22.592841506935656 0.11420001834630777 31.276221144828014 3.2476295488886535 1.7725625351304186 7.6016860411036751 21.921737286495045 49.355705843307078 0.47652585594914887 2.2530127796344459 6.8906964417546988 1.3686591912410202 4.5318221219349644 6.9796991965267807 65.903353218454868 6.135735002346336
leaf_count=49266 48 52936 402 1626 383 7318 187 72 344 1299 16325 23307 3243 4833 600 10 7667 573 210 1470 1704 2217 55 352 1723 43 95 690 1338 172
internal_value=1.5487e-05 0.0473075 -0.00543382 -0.0211585 -0.0030375 -0.0108217 -0.000403088 -0.00173836 0.0162134 -0.00641829 -0.00456629 -0.00571393 -0.0165203 0.0168446 0.0433234 -0.066996 0.0451667 -0.0270947 -0.108577 0.00718012 0.0006034 0.00361944 0.00120089 0.0938134 -0.0348867 0.0448388 0.0314498 0.0998619 0.0494968 0.0457068
internal_weight=1958.22 202.326 1755.9 425.598 305.016 262.359 1330.3 1292.43 175.888 104.697 1116.54 1091.62 237.376 92.3621 24.9832 120.582 37.8704 6.59415 3.34652 80.1392 72.5375 71.2774 9.73444 2.72954 7.0049 42.6567 34.3084 8.34836 71.1909 24.9198
internal_count=180508 63208 117300 65404 13998 11544 51896 43259 3053 1643 40206 39632 10561 10272 983 51406 8637 970 397 5439 3969 3921 2140 407 1733 2454 1721 733 1410 574
is_linear=0
shrinkage=0.08


Tree=72
num_leaves=31
num_cat=0
split_feature=14 10 9 9 2 9 5 2 7 11 2 2 3 1 5 3 9 1 15 5 6 7 7 2 3 1 7 7 9 9
split_gain=70.1024 23.9996 20.8854 64.6124 33.3497 12.0565 10.3553 15.5276 11.7289 9.53273 8.34005 8.20403 30.9057 20.8501 15.0129 12.8445 11.6391 7.75509 6.43167 5.49981 7.10563 22.1877 10.6819 6.32518 6.81952 6.64663 4.96716 16.3843 4.84627 3.25147
threshold=0.76927912235260021 -1.0000000180025095e-35 54.434123992919929 1.0000000180025095e-35 80.810150146484389 45.176797866821296 0.5634920895099641 90.366767883300795 16.561747550964359 1.0000000180025095e-35 93.40579986572267 43.521308898925788 43.534002304077156 58.919960021972663 0.23611111193895343 52.240802764892585 92.145847320556655 42.179391860961921 1.0000000180025095e-35 0.31666667759418493 1.5000000000000002 10.603652477264406 15.632611751556398 74.322341918945327 84.028984069824233 46.265329360961921 9.4405131340026873 9.5763545036315936 90.636241912841811 99.808429718017592
decision_type=2 2 2 2 2 2 2 2 2 2 2 2 2 2 2 2 2 2 2 2 2 2 2 2 2 2 2 2 2 2
left_child=2 10 3 19 5 -5 7 -6 -8 11 26 12 13 -4 -14 17 -17 -13 -7 23 21 -21 -22 25 -25 -1 -2 -28 -29 -11
right_child=1 -3 9 4 6 18 8 -9 -10 29 -12 15 14 -15 -16 16 -18 -19 -20 20 22 -23 -24 24 -26 -27 27 28 -30 -31
leaf_value=0.11245374975845372 0.08079704304428198 0.072334458779382757 -0.0021169782950460842 -0.071196914298696221 0.0052289731676278071 -0.021701018826830558 -0.039685272954523447 0.18113214994138571 0.026066918986025724 0.098712449136549252 0.080193664273280063 -0.10787763603213535 -0.095860795343731001 0.081419502518112905 0.0099050108068157016 -0.00050075286377630702 0.042540550985729689 0.048829339949340612 -0.075789850691435706 0.0012368047480945286 -0.014229446123044599 0.064661711332186483 0.011617790319297334 0.10209125456607994 -0.04105253430988838 -0.054822224645781736 -0.50322364862857405 0.037763329976503848 -0.0083798518421500552 0.0099018407965276879
leaf_weight=1.6087315324693943 5.3981663847807786 102.26414942077827 273.13553478056565 151.9319663583301 10.072248324751852 65.42298803688027 41.587811517994851 4.7152386496309182 29.806747067486867 9.1463586795143765 11.285295568173749 2.0882406672462812 32.588981926441193 20.561617989325896 11.663197628920896 308.91850308765424 46.226639647386037 62.871965600876138 17.924684118712321 151.97043503820896 224.88483342714608 45.980233369395137 187.77099675405771 4.3926000595092756 4.1353454552590847 27.640030767768621 0.40965347876772185 19.976807515136898 53.792601729510352 3.7079136987449592
leaf_count=39 943 52936 5495 60622 1269 8936 5017 128 2237 491 4833 43 721 838 287 10077 6201 2014 6072 1219 1236 402 2617 20 25 1153 22 1187 3287 141
internal_value=2.28814e-05 0.0457516 -0.00505046 -0.012863 -0.0421887 -0.0577838 0.000386336 0.0613187 -0.0122342 0.00477816 0.0158331 0.00361973 -0.00565939 0.00373138 -0.0679849 0.0110842 0.00510162 0.0437918 -0.0333333 0.00167635 0.003509 0.0159692 -0.00246816 -0.0279458 0.0326784 -0.0456218 0.00670575 0.00131397 0.00411575 0.0730943
internal_weight=1933.88 193.127 1740.75 969.845 321.462 235.28 86.182 14.7875 71.3946 770.909 90.8625 758.055 337.949 293.697 44.2522 420.105 355.145 64.9602 83.3477 648.383 610.606 197.951 412.656 37.7767 8.52795 29.2488 79.5772 74.1791 73.7694 12.8543
internal_count=180508 63208 117300 90992 84281 75630 8651 1397 7254 26308 10272 25676 7341 6333 1008 18335 16278 2057 15008 6711 5474 1621 3853 1237 45 1192 5439 4496 4474 632
is_linear=0
shrinkage=0.08


Tree=73
num_leaves=31
num_cat=0
split_feature=14 13 8 8 9 1 8 4 7 9 6 5 8 4 14 8 7 5 13 14 4 14 1 11 3 3 7 5 14 7
split_gain=62.3243 20.177 19.5441 22.5363 64.423 15.1676 12.1976 12.9545 10.4189 10.3222 9.92993 8.39537 8.31618 9.20083 9.8326 20.9019 8.40574 15.9848 8.03439 7.86166 6.22688 6.13056 5.91646 5.61258 10.1235 5.56869 10.0069 8.11047 4.65315 11.0772
threshold=0.76927912235260021 1.0000000180025095e-35 66.501647949218764 23.345499038696293 43.842941284179695 74.133811950683608 36.009479522705085 51.787994384765632 17.492466926574711 50.694578170776374 2.5000000000000004 0.47222222387790685 81.696132659912124 83.75235748291017 0.90606895089149486 83.10181045532228 37.701477050781257 0.81666666269302379 2.5000000000000004 0.2742076069116593 72.834224700927749 0.15910186618566516 97.590011596679702 -1.0000000180025095e-35 93.582702636718764 58.898942947387702 7.9240460395812997 0.47222222387790685 0.20779820531606677 24.345026969909672
decision_type=2 2 2 2 2 2 2 2 2 2 2 2 2 2 2 2 2 2 2 2 2 2 2 2 2 2 2 2 2 2
left_child=2 12 3 25 8 11 7 -6 -5 -8 -10 18 23 14 20 -16 22 -18 19 -4 -14 -7 -15 24 -2 26 27 -1 -27 -30
right_child=1 -3 5 4 6 21 9 -9 10 -11 -12 -13 13 16 15 -17 17 -19 -20 -21 -22 -23 -24 -25 -26 28 -28 -29 29 -31
leaf_value=-0.015421601125590687 -0.40198548894194475 0.075029085504598733 0.013391988355367772 -0.070270025459108446 -0.022001802846843731 -0.23364270370016346 -0.03743658685418385 0.053768993164269779 0.12885104572755254 -0.0053920454196180545 -0.032766535851236428 0.069939387830734973 -0.068269523900995527 -0.0064229142330901471 -0.6271502230004663 -0.070249229516829159 -0.97233415056781214 -0.051649248110553263 0.030351963590874786 -0.017645858010606405 0.04382665184415413 0.053248069612762176 0.057746465280357095 0.053806269415984105 0.083337457326927503 0.0027591886897289516 -0.07166222672099562 0.15070902076410783 0.055310180077080551 0.63569792557814919
leaf_weight=6.5195474077481794 0.48681289656087645 78.225048198015429 89.339268238749355 143.82691143895499 22.291014581453055 0.4808576786890616 75.565509008942172 41.006723035185132 3.0238435628125435 432.85649763909169 12.452738521387799 12.193068806664085 4.6862516727997017 15.142018325976094 0.4511239854618897 9.8307691948721168 0.15144507202785362 0.59426485851872712 51.76750552514568 125.73579838080332 9.8120940711814892 55.156764992279932 23.416656328015961 41.257854783558287 0.63241903181187809 624.42486688867211 16.588169701048173 2.6432399014011025 4.5125820797402403 0.22075680620037008
leaf_count=327 7 44442 1141 59629 1468 5 13762 1500 485 15925 2909 958 430 2055 45 937 9 124 1411 2610 932 7514 4827 9355 45 6338 862 15 431 10
internal_value=1.80576e-05 0.0441813 -0.00472235 -0.00891217 -0.0185679 0.0126284 -0.00603171 0.0270854 -0.0635587 -0.0101547 -0.00118939 0.0050235 0.0215152 0.00333311 -0.0348432 -0.0946836 0.0274022 -0.23863 0.00205724 -0.00475316 0.00759418 0.0507686 0.0325471 0.049011 -0.127755 0.00186576 -0.0345978 0.032503 0.00335819 0.0823787
internal_weight=1905.29 184.687 1720.61 1385.93 731.023 334.673 571.72 63.2977 159.303 508.422 15.4766 279.036 106.462 64.0846 24.7802 10.2819 39.3044 0.74571 266.843 215.075 14.4983 55.6376 38.5587 42.3771 1.11923 654.909 25.751 9.16279 629.158 4.73334
internal_count=180508 63208 117300 103661 95678 13639 32655 2968 63023 29687 3394 6120 18766 9359 2344 982 7015 133 5162 3751 1362 7519 6882 9407 52 7983 1204 342 6779 441
is_linear=0
shrinkage=0.08


Tree=74
num_leaves=31
num_cat=0
split_feature=14 10 7 6 9 7 9 9 0 7 5 5 3 4 1 1 6 7 1 7 10 4 10 1 1 5 4 0 14 4
split_gain=55.517 22.6381 16.2252 41.1706 22.6412 47.0903 41.6145 30.5799 18.1758 17.772 15.8666 12.4515 8.72363 15.3017 15.2547 8.44891 6.8467 21.0431 7.36705 6.61458 6.27716 5.03219 5.0227 4.92009 22.0498 27.4697 10.8493 19.8127 7.83464 4.8511
threshold=0.76927912235260021 -1.0000000180025095e-35 16.657057762146 2.5000000000000004 60.248685836791999 16.561747550964359 1.0000000180025095e-35 42.461925506591804 56.048780441284187 20.743985176086429 0.58571431040763866 0.47222222387790685 99.523811340332045 81.120250701904311 93.643951416015639 92.63776016235353 1.5000000000000002 10.813905239105226 67.041198730468764 21.221125602722172 -1.0000000180025095e-35 97.182540893554702 1.0000000180025095e-35 92.40384674072267 99.494949340820327 0.73214286565780651 72.834224700927749 72.438781738281264 0.95388785004615795 85.857143402099624
decision_type=2 2 2 2 2 2 2 2 2 2 2 2 2 2 2 2 2 2 2 2 2 2 2 2 2 2 2 2 2 2
left_child=2 21 4 11 6 12 16 22 -9 -5 -11 -4 13 -6 -14 -12 17 -1 -18 -13 -21 23 -8 26 25 -25 27 -2 -28 -26
right_child=1 -3 3 9 5 -7 7 8 -10 10 15 19 14 -15 -16 -17 18 -19 -20 20 -22 -23 -24 24 29 -27 28 -29 -30 -31
leaf_value=-0.0016165160358069441 -0.016715056839344152 0.071140757111440328 -0.040081810034411157 -0.0581848573367751 0.0036587781940543578 -0.47515662471038483 -0.075146779653222737 -0.052113675108575966 -0.0027880437826584858 -0.12075016918077804 0.050562955857974226 0.055225414664453347 -0.25022420790441052 0.065074115827387868 -0.020813106582885776 -0.0012242545342065708 -0.074737480940983064 0.06545014049698214 -0.0075185571859434841 0.20799333755148774 0.080224081976983608 0.080244808076347207 -0.027359502687065024 0.027294714338459182 -0.014230616112952238 -0.25670208054959381 0.068740592919178542 -0.52784922657456856 -0.11325537652364244 0.042237059372591916
leaf_weight=197.8842796375975 7.0267077125608912 88.923715822631493 8.0943462662398797 38.861858199583367 572.75200193584897 1.3099268518853922 109.9676127549028 72.035366869065911 142.17474684398621 6.146348927053622 26.617690947139636 78.270770485280082 2.221753318444823 27.196556623966899 11.239084802917205 83.132429830962792 10.886362785473464 35.27976234909147 251.6510865483433 3.5903319758363068 7.8227071572327969 6.7597851253813124 16.142797445412725 4.124398587853646 17.298477051779628 4.6230220170691609 23.845648417365741 0.52136124880053092 1.6164434750098724 22.274890743079595
leaf_count=2451 532 52936 520 2079 15170 34 51320 18011 9083 322 881 2912 74 3798 703 2993 103 392 1437 89 282 3489 4646 563 998 183 2389 33 185 1900
internal_value=2.47116e-05 0.0426659 -0.0044068 0.0143076 -0.00766449 0.00399058 -0.0162344 -0.0377755 -0.0193754 -0.0113677 0.00433077 0.0549451 0.00501379 0.00644283 -0.0586781 0.0113357 -0.00144541 0.00853126 -0.0103059 0.0635217 0.120418 0.0139217 -0.0690298 0.00840927 -0.00785391 -0.122798 0.0322156 -0.0520202 0.0571867 0.0175537
internal_weight=1880.29 177.014 1703.28 252.536 1450.74 614.719 836.022 340.321 214.21 154.758 115.896 97.7782 613.409 599.949 13.4608 109.75 495.701 233.164 262.537 89.6838 11.413 88.0907 126.11 81.3309 48.3208 8.74742 33.0102 7.54807 25.4621 39.5734
internal_count=180508 63208 117300 10078 107222 19779 87443 83060 27094 6275 4196 3803 19745 18968 777 3874 4383 2843 1540 3283 371 10272 55966 6783 3644 746 3139 565 2574 2898
is_linear=0
shrinkage=0.08


Tree=75
num_leaves=31
num_cat=0
split_feature=14 10 2 5 9 8 9 9 8 1 3 5 2 8 14 4 2 3 14 6 2 9 4 1 0 9 1 2 1 2
split_gain=49.419 21.6874 16.5031 23.6758 21.0966 45.4201 28.6406 11.5592 11.442 9.35238 14.1239 11.9529 10.6816 7.53376 9.78098 9.49984 7.50355 6.99949 5.89189 4.95315 4.83596 4.76701 4.66377 6.10174 5.38991 4.4976 8.1743 3.92772 2.97967 2.6219
threshold=0.76927912235260021 -1.0000000180025095e-35 91.945945739746108 0.58571431040763866 60.248685836791999 25.728429794311527 45.176797866821296 42.631273269653327 33.809621810913093 86.72955703735353 84.475742340087905 0.47222222387790685 73.20508193969728 56.804151535034187 0.76345023512840282 94.957626342773452 93.40579986572267 82.637680053710952 0.15910186618566516 2.5000000000000004 91.266208648681655 98.280788421630874 81.53021621704103 80.810150146484389 70.926910400390639 90.636241912841811 92.40384674072267 86.70682525634767 71.516754150390639 60.922586441040046
decision_type=2 2 2 2 2 2 2 2 2 2 2 2 2 2 2 2 2 2 2 2 2 2 2 2 2 2 2 2 2 2
left_child=2 16 4 -4 5 7 27 19 -8 10 11 -6 -12 22 -15 -16 21 18 -11 -1 -19 25 24 -24 -5 28 -27 -7 -2 -9
right_child=1 -3 3 13 9 6 8 29 -10 17 12 -13 -14 14 15 -17 -18 20 -20 -21 -22 -23 23 -25 -26 26 -28 -29 -30 -31
leaf_value=0.001026951727272459 -0.24776957190133447 0.070470275794173101 0.10165656111413497 -0.010816446620450096 0.00018314674798453897 -0.070404977904022448 0.053517904935533878 0.25207961955760488 -0.023964803204633966 -0.18582514442482609 -0.13646036221441443 0.039960716487841039 -0.021670007651997131 0.085664256974166908 0.080639928215245182 -0.69468058046590375 0.080170458485462281 0.018986366153006775 0.078611566869449881 -0.022103584092034043 -0.12935490082096496 0.068754335589205032 -0.18622715008888424 0.0013303407097269395 0.099251172548781907 0.022995485394507721 -0.041462511730252304 -0.012994671747042219 0.035355154528469636 0.086750745902234944
leaf_weight=480.46195219259243 0.24091647751629608 82.836874403757975 19.619254581048153 4.9492839805316162 509.1682123048231 126.98891297192313 13.139383903937413 1.2681479977909469 170.15732424659654 0.55342084448784845 7.7156112482771304 53.420377262635157 15.837309864698907 10.96706284198444 0.19830434024334032 0.20642884669359773 9.5492357542971131 25.814786723232832 21.061148494831286 67.58470459387172 1.4875441601034243 6.8433413398452094 1.119092971086501 138.26139127917122 6.7045334365684539 22.206956785637885 29.080040516797453 8.1140911650145409 18.994529925519601 1.1899428493343291
leaf_count=7206 11 52936 651 130 12104 60543 798 43 18367 5 115 2406 725 1042 46 66 4833 1547 3650 623 130 1470 6 4934 189 1274 1365 1958 1319 16
internal_value=3.69203e-05 0.0411801 -0.00410554 0.0186454 -0.00685909 -0.0149593 -0.0390097 -0.00104913 -0.0184106 0.00422389 0.00141928 0.00396021 -0.0592737 0.0086173 0.0714113 -0.314802 0.0132643 0.0378298 0.0718409 -0.00182549 0.0109041 0.00500609 0.00388937 -0.000175568 0.0525063 -0.00117989 -0.0135526 -0.066957 0.0318091 0.172045
internal_weight=1855.74 169.752 1685.99 182.025 1503.96 868.904 318.4 550.505 183.297 635.058 586.142 562.589 23.5529 162.406 11.3718 0.404733 86.915 48.9169 21.6146 548.047 27.3023 77.3658 151.034 139.38 11.6538 70.5224 51.287 135.103 19.2354 2.45809
internal_count=180508 63208 117300 7064 110236 89554 81666 7888 19165 20682 15350 14510 840 6413 1154 112 10272 5332 3655 7829 1677 5439 5259 4940 319 3969 2639 62501 1330 59
is_linear=0
shrinkage=0.08


Tree=76
num_leaves=31
num_cat=0
split_feature=14 10 7 6 9 7 14 9 0 5 4 7 6 5 14 0 4 10 7 10 5 9 9 1 14 14 9 0 1 9
split_gain=43.7325 20.8562 14.1284 35.339 18.1502 33.4262 19.3824 41.2591 17.8063 16.0366 15.5718 10.9941 15.9731 10.8565 8.15029 7.32712 6.60909 6.51509 6.33342 5.69668 5.24305 4.5614 4.56942 5.2289 14.1058 10.7656 4.52691 3.95748 3.87416 3.63569
threshold=0.76927912235260021 -1.0000000180025095e-35 16.657057762146 2.5000000000000004 79.557674407958999 16.460883140563968 0.10771195217967035 42.461925506591804 45.035211563110359 0.64583334326744091 70.064933776855483 24.345026969909672 3.5000000000000004 0.47222222387790685 0.2742076069116593 14.907407283782961 89.498748779296889 1.0000000180025095e-35 21.221125602722172 -1.0000000180025095e-35 0.31666667759418493 98.280788421630874 90.636241912841811 92.40384674072267 0.92686292529106151 0.95388785004615795 70.051548004150405 91.458969116210952 82.972846984863295 63.847667694091804
decision_type=2 2 2 2 2 2 2 2 2 2 2 2 2 2 2 2 2 2 2 2 2 2 2 2 2 2 2 2 2 2
left_child=2 21 4 13 6 10 15 17 -9 16 14 29 -13 28 -6 26 -5 -8 27 -20 -17 22 -2 25 -25 -24 -1 -15 -4 -11
right_child=1 -3 3 9 5 -7 7 8 -10 11 -12 12 -14 18 -16 20 -18 -19 19 -21 -22 -23 23 24 -26 -27 -28 -29 -30 -31
leaf_value=0.021226649875231648 0.037571091130734584 0.069758705189728126 -0.066186308840191999 -0.073484814571059653 0.021377856089583491 -0.59469905248845423 -0.074354795247061858 -0.042767795776447029 -0.0029910582968673324 -0.025857782279422176 0.071324337186141715 0.062541677726479658 -0.019563338629090123 0.043130001140240085 -0.0038592747420816121 -0.029075711938392854 0.052698409437448954 -0.013495128783786621 0.20484224272296622 0.078879453383259357 0.00027871441525286627 0.070267465447830718 0.041099447889747218 -0.093445567340794761 0.014302889480802071 -0.15419611685789475 0.17558487576379203 0.088168521967340166 0.070851718949593079 0.055862317296425323
leaf_weight=2.4961601162794969 21.872079215827398 77.217035095440224 6.2368707051500669 27.83650870341808 123.37648084620014 0.58845743897836555 95.573031124542467 92.4799504900584 325.67449645139277 57.466692892601714 23.857998476305511 34.979587516631 26.769965639454313 59.494756255648099 243.60248037916608 42.55303668207489 2.9368246517842627 12.760533508961087 3.3505315412767231 7.3134824155131337 458.88496059353929 7.9257136692758641 20.713071578647945 12.372852368978782 20.929613249958493 1.9790793166030187 2.3709316106978804 15.802761137951164 1.6748697818256912 3.7091392695438108
leaf_count=231 3086 52936 425 1511 1604 36 50992 12890 18517 2124 5810 1061 1054 2019 6930 3255 111 3689 89 282 3248 2391 1486 1029 2154 126 20 893 95 414
internal_value=4.28263e-05 0.0395961 -0.00381385 0.0138255 -0.00688011 0.00778973 -0.0124399 -0.0231872 -0.0117882 -0.00979567 0.00869685 0.00313371 0.0269471 0.0525006 0.00462532 -0.00126421 -0.0614426 -0.0671862 0.0607543 0.118456 -0.00221236 0.0124483 0.00656318 -0.00554883 -0.0257289 0.0240669 0.09642 0.0525823 -0.0371761 -0.020903
internal_weight=1834.8 163.009 1671.79 247.572 1424.22 391.425 1032.79 526.488 418.154 153.699 390.837 122.925 61.7496 93.8733 366.979 506.305 30.7733 108.334 85.9615 10.664 501.438 85.7924 77.8667 55.9946 33.3025 22.6922 4.86709 75.2975 7.91174 61.1758
internal_count=180508 63208 117300 10078 107222 14380 92842 86088 31407 6275 14344 4653 2115 3803 8534 6754 1622 54681 3283 371 6503 10272 7881 4795 3183 1612 251 2912 520 2538
is_linear=0
shrinkage=0.08


Tree=77
num_leaves=31
num_cat=0
split_feature=14 13 2 9 8 9 2 1 0 7 6 7 11 2 1 9 9 8 0 9 7 8 7 1 4 4 4 6 8 7
split_gain=38.6894 18.2838 13.339 20.9797 42.2463 18.0157 10.5618 10.4816 9.20388 8.67078 11.2101 9.41784 8.11713 7.52904 19.2088 17.1778 7.31137 8.4198 8.11741 6.879 6.8324 6.49973 7.1406 6.43114 17.2067 6.03007 5.98812 5.97981 5.50031 5.29322
threshold=0.76927912235260021 1.0000000180025095e-35 87.20676422119142 56.268712997436531 25.728429794311527 45.176797866821296 93.40579986572267 92.031745910644545 56.048780441284187 15.466296195983888 2.5000000000000004 13.959958076477053 1.0000000180025095e-35 92.031745910644545 93.063350677490249 57.212205886840827 96.56854629516603 48.358831405639656 51.89995193481446 43.305536270141609 39.296045303344734 81.696132659912124 39.296045303344734 93.788581848144545 92.907444000244155 83.75235748291017 94.957626342773452 3.5000000000000004 81.696132659912124 18.923236846923832
decision_type=2 2 2 2 2 2 2 2 2 2 2 2 2 2 2 2 2 2 2 2 2 2 2 2 2 2 2 2 2 2
left_child=2 6 3 4 19 20 21 9 -7 11 -11 26 16 14 15 -9 17 -5 -18 -1 -6 -2 25 -15 -25 -23 -4 -16 -14 -12
right_child=1 -3 7 12 5 8 -8 13 -10 10 29 -13 28 23 27 -17 18 -19 -20 -21 -22 22 -24 24 -26 -27 -28 -29 -30 -31
leaf_value=-0.003384439216932625 0.036000083152098447 0.073303878980988071 0.044108521040683052 0.015401887233990818 -0.068399053544026894 -0.051811404670163048 0.080140169279383666 -0.120223588413701 -0.0048238204784039358 0.12380171566510927 -0.15078181205488783 -0.029251782229063279 0.12223995597336497 0.1125978242224011 -0.0033540767725325766 -0.59105792721951478 0.0079497594623675998 -0.008141868574741527 0.055137710311576889 0.16607421048371479 0.49369116108527816 -0.038070679799334484 -0.36965076025077886 -0.2264787012622152 0.013824422018388065 0.015946284422029024 -0.1599404981724214 -0.10493756912180353 0.012139026081700166 0.035196911135357091
leaf_weight=455.09892946016043 29.709297201246955 58.796191573608667 40.360595175880007 129.33652554138098 112.74576863984112 42.8767115798546 14.402462664991615 3.2362069383962075 70.628092790720984 13.624194905743936 1.0672171264886845 18.481675271177664 6.0486280077602697 4.0600107394857323 72.164525453466922 0.58566854975651939 101.4683653388638 391.42360643518623 30.297577116638422 1.5383078022859979 0.13857169961556692 23.957718447432853 0.35219663544557889 1.9343657654244442 134.99854220810812 29.528048802167177 0.94193388556595792 3.909619494341313 5.5855004813056439 11.906839459436013
leaf_count=6988 4891 44442 1169 3041 60686 11822 8922 121 5068 554 68 482 203 200 2182 23 1572 12245 4303 43 5 1924 15 114 5515 3014 29 134 295 438
internal_value=5.14363e-05 0.0380382 -0.00354749 -0.00697809 -0.0168226 -0.0450794 0.0168693 0.0114935 -0.0225735 0.035121 0.0731201 0.018215 0.00314605 0.00225357 -0.0173669 -0.192375 0.00196512 -0.00229452 0.0187999 -0.00281357 -0.0677091 0.00596218 -0.0106136 0.0133718 0.0104298 -0.00824937 0.039455 -0.00857468 0.0693809 0.0198987
internal_weight=1811.2 156.746 1654.46 1347.19 683.026 226.389 97.9497 307.271 113.505 86.3825 26.5983 59.7842 664.16 220.889 79.896 3.82188 652.526 520.76 131.766 456.637 112.884 83.5473 53.838 140.993 136.933 53.4858 41.3025 76.0741 11.6341 12.9741
internal_count=180508 63208 117300 106271 84612 77581 18766 11029 16890 2740 1060 1680 21659 8289 2460 144 21161 15286 5875 7031 60691 9844 4953 5829 5629 4938 1198 2316 498 506
is_linear=0
shrinkage=0.08


Tree=78
num_leaves=31
num_cat=0
split_feature=14 10 8 2 3 10 9 7 0 4 0 7 3 2 2 4 4 0 7 7 13 4 8 14 0 4 4 7 9 4
split_gain=34.1506 19.1489 12.0936 18.5952 20.0316 17.9534 23.0747 16.9074 11.7631 10.4119 12.7512 8.71053 21.4815 8.04573 6.64358 6.35977 6.05664 5.93643 4.43412 7.30562 4.15706 5.19394 8.81596 6.64077 4.79393 41.231 6.80617 3.36578 3.33311 2.85819
threshold=0.76927912235260021 -1.0000000180025095e-35 66.501647949218764 80.229885101318374 83.935482025146499 -1.0000000180025095e-35 42.461925506591804 1.0000000180025095e-35 65.142410278320327 87.226108551025405 81.872947692871108 16.080695152282718 99.523811340332045 93.788581848144545 93.40579986572267 80.810150146484389 68.457099914550795 86.512474060058608 9.4405131340026873 9.5763545036315936 2.5000000000000004 35.948717117309577 97.746780395507827 0.4615586400032044 25.176055908203129 26.747966766357425 22.401432991027836 19.148090362548832 98.280788421630874 84.475742340087905
decision_type=2 2 2 2 2 2 2 2 2 2 2 2 2 2 2 2 2 2 2 2 2 2 2 2 2 2 2 2 2 2
left_child=2 14 3 5 15 6 -1 -8 20 10 -7 12 -6 -13 18 16 -5 -11 -2 -20 24 22 -22 -23 26 -26 -4 -17 -21 -10
right_child=1 -3 8 4 11 9 7 -9 29 17 -12 13 -14 -15 -16 27 -18 -19 19 28 21 23 -24 -25 25 -27 -28 -29 -30 -31
leaf_value=-0.078665152308808731 0.080776078289783546 0.068221941548295986 -0.00025581610612345157 0.1419059485282346 0.01957081008192613 -0.0067344263537781179 0.036146148552966335 -0.031663814381801644 0.035558120433780774 0.28014446631730094 -0.087394617695297064 0.0042022289034282919 -0.025881894820503588 0.042353309612244788 0.080145314264567086 0.10013844389595093 0.012568297927143923 0.060860903409285474 -0.26106688615333867 -0.0035534003403033939 -0.039588229278743538 0.093385142110022801 0.050853140428901149 0.0061206860179775823 -0.17035147551444721 0.0025385955093497931 0.058424520787230851 0.23114465160683653 0.064346936703446642 0.079915036499065839
leaf_weight=55.145000391523354 4.4791378831723696 67.326708392705768 36.389427106129006 2.8713850007625323 115.68115419952665 638.20621668640524 29.532259234052617 115.83388428029139 32.936321861634497 0.90314989781472732 12.794798417715354 105.43385659565683 156.67518790706526 53.243478948250413 8.019871127442455 10.982432914664967 12.005789578310212 6.3133755945600569 0.68615075154229899 65.521307144779712 14.990473915357143 12.283713249955328 12.777403991669416 10.228510424960403 9.3347289268858713 162.63203042652458 19.39127508434467 1.4170556484023098 4.9784139746334395 12.953624293266328
leaf_count=42017 943 52936 539 76 3186 33965 1051 11152 4995 78 216 3313 5041 2578 4833 387 355 214 22 3360 163 197 258 695 77 3448 243 32 1114 3024
internal_value=5.59843e-05 0.0364615 -0.00329429 -0.00670023 0.00631163 -0.0136448 -0.0346028 -0.0178877 0.0105542 -0.00726036 -0.00831972 0.00210429 -0.00657623 0.0170037 0.0109094 0.0727973 0.0375312 0.0883043 0.00357098 -0.0012869 0.00436049 0.0251799 0.00202842 0.0537362 -0.000235836 -0.00684625 0.0201435 0.11511 0.00124146 0.048079
internal_weight=1791.97 151.012 1640.96 1317.04 458.31 858.729 200.511 145.366 323.918 658.218 651.001 431.034 272.356 158.677 83.6849 27.2767 14.8772 7.21653 75.665 71.1859 278.028 50.2801 27.7679 22.5122 227.747 171.967 55.7807 12.3995 70.4997 45.8899
internal_count=180508 63208 117300 103661 14968 88693 54220 12203 13639 34473 34181 14118 8227 5891 10272 850 431 292 5439 4496 5620 1313 421 892 4307 3525 782 419 4474 8019
is_linear=0
shrinkage=0.08


Tree=79
num_leaves=31
num_cat=0
split_feature=14 10 2 5 7 10 5 14 6 7 3 13 5 10 4 4 3 7 5 4 6 7 7 3 4 2 10 14 2 14
split_gain=30.0886 18.2514 10.5747 36.6365 17.7924 12.7783 27.1409 25.3264 11.7202 12.1772 10.5016 7.37488 8.19305 22.6668 17.8405 8.1456 10.3728 7.21392 13.3607 10.2791 6.97168 10.6115 8.83761 6.58545 7.98665 6.21179 5.72574 9.56541 5.54577 5.3004
threshold=0.76927912235260021 -1.0000000180025095e-35 87.20676422119142 0.5634920895099641 15.266396999359133 -1.0000000180025095e-35 1.0000000180025095e-35 0.36395762860774999 2.5000000000000004 16.460883140563968 84.028984069824233 2.5000000000000004 0.47222222387790685 1.0000000180025095e-35 80.982517242431655 35.948717117309577 29.459980010986332 8.0660772323608416 0.47222222387790685 86.996780395507827 1.5000000000000002 11.964374065399172 9.7771067619323748 84.660633087158217 76.028167724609389 93.40579986572267 -1.0000000180025095e-35 0.51081699132919323 93.582702636718764 0.40008068084716802
decision_type=2 2 2 2 2 2 2 2 2 2 2 2 2 2 2 2 2 2 2 2 2 2 2 2 2 2 2 2 2 2
left_child=2 25 5 17 20 6 23 -8 9 -6 -9 12 14 -14 -7 16 -13 18 -4 -20 22 -22 -5 24 -1 -2 27 -19 -10 -17
right_child=1 -3 3 4 8 11 7 10 28 -11 -12 15 13 -15 -16 29 -18 26 19 -21 21 -23 -24 -25 -26 -27 -28 -29 -30 -31
leaf_value=0.032442961551973404 0.0033448395679120863 0.067378325849982504 0.079024303573227081 -0.019717402451283325 0.010191822342273383 -0.011998447267123727 -0.073295044336315202 0.0022424607739363711 -0.019801320667994941 0.085543363113750784 -0.038506328614222346 0.033248747189964359 0.00079784556223835889 0.087114479701659461 0.062649437621273008 0.10136860589611889 -0.059812475126003697 0.29790460394804369 -0.24311864174256362 0.0073012660791657259 -0.17404910853410094 -0.028832782610289032 0.076766379049098415 -0.077318299266599624 0.14041613292891994 0.080134130151758784 0.080754021943321153 0.0972533224060185 0.02181611659437583 0.030781854304989913
leaf_weight=34.127348878420889 75.38942759425845 62.897521969745867 11.744801702210681 18.663327014306564 28.035851041553542 597.39715519722085 67.909615079406649 94.236995811574161 44.450731034739874 26.892039690865204 70.951933155301958 19.121584298205565 346.68592441850342 20.629266326897778 21.218265943811275 10.016879546805287 12.794592300197108 2.285462932894009 1.632853707531466 2.9341079294681549 3.3395955706946543 90.310211000265554 9.0085680829361063 2.9662615403067312 5.0307383033796205 7.4042655668454236 22.456589443841949 4.5431800149381161 38.020044951234013 21.255385138676502
leaf_count=2979 5439 52936 451 703 871 34334 48270 3108 1434 1409 4766 412 4583 2000 2157 258 142 122 26 92 124 2796 278 243 685 4833 637 112 1974 2334
internal_value=6.05205e-05 0.0348918 -0.0030553 0.0103923 -0.00126062 -0.0061454 -0.0214879 -0.0321676 0.0184532 0.047083 -0.01526 -0.00212049 -0.00381854 0.00564559 -0.00943805 0.0243742 -0.00405774 0.076512 0.0338756 -0.0822329 -0.0235868 -0.0340113 0.0116928 0.0376087 0.0463145 0.0102121 0.10026 0.164409 -0.000615169 0.0533916
internal_weight=1774.35 145.691 1628.66 304.317 258.72 1324.34 275.223 233.099 137.399 54.9279 165.189 1049.12 985.931 367.315 618.615 63.1884 31.9162 45.597 16.3118 4.56696 121.322 93.6498 27.6719 42.1243 39.1581 82.7937 29.2852 6.82864 82.4708 31.2723
internal_count=180508 63208 117300 11029 9589 106271 60051 56144 5688 2280 7874 46220 43074 6583 36491 3146 554 1440 569 118 3901 2920 981 3907 3664 10272 871 234 3408 2592
is_linear=0
shrinkage=0.08


Tree=80
num_leaves=31
num_cat=0
split_feature=14 10 8 1 3 4 1 3 5 0 5 4 5 5 1 5 0 4 3 1 4 4 8 11 14 8 6 6 4 14
split_gain=26.4286 17.4787 10.0649 11.9754 17.5189 11.1352 10.5171 10.33 14.1189 24.783 21.8668 9.1581 8.31589 7.03737 6.24715 6.02184 5.83876 37.1009 5.64339 5.48019 5.25087 4.61462 4.56168 5.5206 4.66811 4.63764 6.09973 4.37259 4.08201 4.04869
threshold=0.76927912235260021 1.0000000180025095e-35 66.501647949218764 84.028984069824233 74.601570129394545 69.614067077636733 74.133811950683608 99.523811340332045 0.47222222387790685 69.614067077636733 1.0000000180025095e-35 61.938297271728523 0.81666666269302379 0.47222222387790685 99.494949340820327 0.17424242943525317 21.680376052856449 22.401432991027836 54.201978683471687 41.728857040405281 97.182540893554702 81.872947692871108 85.777496337890639 -1.0000000180025095e-35 0.92312401533126842 87.041835784912124 3.5000000000000004 2.5000000000000004 60.49571609497071 0.15910186618566516
decision_type=2 2 2 2 2 2 2 2 2 2 2 2 2 2 2 2 2 2 2 2 2 2 2 2 2 2 2 2 2 2
left_child=2 20 3 7 5 18 13 8 10 -10 -1 14 -9 16 -6 -13 19 -18 -5 -4 22 -14 23 -2 -25 26 -24 -15 -27 -8
right_child=1 -3 6 4 11 -7 29 12 9 -11 -12 15 21 27 -16 -17 17 -19 -20 -21 -22 -23 25 24 -26 28 -28 -29 -30 -31
leaf_value=-0.0035499036531903504 -0.12562336120085291 0.07068435672187412 0.01543627316801151 0.12740289052679818 -0.10963744517065385 0.1597846198102183 -0.16316355185253778 -0.086742051892275601 0.031545747732360054 -0.026026763384408413 -0.038280467931981116 -0.053216745965294472 0.023143724366064267 0.081568433209806543 -0.02039185269104981 0.0035993508620828407 -0.19126997335753704 0.0016328115513039683 -0.040943382533423195 0.092413527589476796 0.080164583154895053 -0.11060393346797609 -0.068474572381167609 0.05088318199366796 -0.015676027912533506 -0.13551109635826894 -0.4490843230718668 -0.11472001778053603 0.0010350841600276729 0.047346794890136427
leaf_weight=271.89847564406227 1.4465508550638322 51.044146483473014 38.190021563554183 1.8589365845546106 7.4102734298212463 7.2803973044210579 0.59212996251881023 21.120297025772743 112.95840466069058 83.02357420604676 202.38100104278419 12.205481058103031 9.0729815509403107 9.968629228882488 15.561165256542154 546.75129908043891 6.5820353627204886 208.8899863489205 4.0530459197470918 7.0046758318785569 6.7026781745953476 2.0182383061619467 2.6689520081272344 26.312300730729476 9.067885193275286 1.4497667412506405 0.29974774527363468 0.78340198704972941 41.811099071055651 46.723263930296525
leaf_count=24291 41 47082 609 76 896 656 5 1609 6819 4179 43415 585 304 941 896 19494 57 4333 374 163 5504 67 356 4093 1665 122 22 17 4323 7514
internal_value=6.55758e-05 0.0333073 -0.00283021 -0.005959 0.00239083 0.0935528 0.00990734 -0.0130328 -0.0109061 0.00715638 -0.0183699 0.00032418 -0.0572857 0.00383991 -0.0491813 0.0023587 0.00122367 -0.0042598 0.0119906 0.0273669 0.0120518 -0.00119396 0.00655502 0.0275611 0.0338242 -0.0101785 -0.106904 0.0672667 -0.00354088 0.0447124
internal_weight=1757.13 140.803 1616.33 1297.59 595.121 13.1924 318.734 702.473 670.261 195.982 474.279 581.928 32.2115 271.419 22.9714 558.957 260.667 215.472 5.91198 45.1947 89.759 11.0912 83.0563 36.8267 35.3802 46.2296 2.9687 10.752 43.2609 47.3154
internal_count=180508 63208 117300 103661 22977 1106 13639 80684 78704 10998 67706 21871 1980 6120 1792 20079 5162 4390 450 772 16126 371 10622 5799 5758 4823 378 958 4445 7519
is_linear=0
shrinkage=0.08


Tree=81
num_leaves=31
num_cat=0
split_feature=14 13 7 5 1 3 5 8 7 14 9 8 1 3 0 9 9 3 8 4 14 0 0 7 3 14 5 4 14 1
split_gain=23.2548 15.9311 8.92362 15.4519 15.3182 21.492 12.311 11.8476 13.5995 12.7868 34.4931 10.6799 9.96539 9.53857 8.15834 7.21606 7.22132 5.95878 5.73283 5.78691 5.65235 13.9557 8.56503 4.96699 4.91365 7.4158 6.27551 4.78783 4.63115 16.0916
threshold=0.76927912235260021 1.0000000180025095e-35 16.657057762146 0.64583334326744091 92.63776016235353 94.804317474365249 0.77500000596046459 63.661756515502937 16.561747550964359 0.10771195217967035 42.461925506591804 38.11738586425782 69.00656890869142 82.097072601318374 87.841831207275405 54.953443527221687 79.557674407958999 52.97661209106446 81.696132659912124 83.75235748291017 0.90606895089149486 73.546314239501967 83.75235748291017 8.856173515319826 93.063350677490249 0.40008068084716802 0.81666666269302379 68.323558807373061 0.95525321364402782 87.841831207275405
decision_type=2 2 2 2 2 2 2 2 2 2 2 2 2 2 2 2 2 2 2 2 2 2 2 2 2 2 2 2 2 2
left_child=2 18 7 14 24 6 -6 9 12 15 27 -12 13 -9 -4 17 -17 -1 -2 20 22 -22 -20 -14 25 -5 -26 -11 -21 -30
right_child=1 -3 3 4 5 -7 -8 8 -10 10 11 -13 23 -15 -16 16 -18 -19 19 28 21 -23 -24 -25 26 -27 -28 -29 29 -31
leaf_value=-0.047625893224478223 0.03978187561873827 0.071089035651275889 -0.04010108437944096 0.04428677216811331 0.0074906378522271826 0.017499472221476176 -0.16189840534716146 0.0037801709660907163 -0.2930492707573219 -0.0780394604514692 0.017393112486391697 -0.014686840133965056 0.060232718822695604 -0.22386717577024384 0.050344636701502757 0.17093686955543783 0.0079410764959766487 0.00044848671116910939 0.02155702093985204 0.0030078608450360158 0.035235648830368595 -0.14305046806047889 -0.22357370756985237 0.011111161639990028 -0.041134561764963273 0.11560993320984754 0.057312609273366899 -0.038779507844489414 -1.2140905564692182 0.082135909707497276
leaf_weight=17.092328104772605 32.468454377143644 44.484484791930299 44.106828959658742 23.052114950842224 4.4648968761321139 116.70215867913794 7.1328735421411693 270.85359108599368 0.95647825463674863 55.795833052718081 80.793207439011894 373.26109866471961 32.375346812303178 1.1831260067410756 7.4626449067145577 3.1289301975630215 3.9176689824089408 476.94874566840008 12.719782024156302 25.802378953667358 4.683916650246827 7.0232963865855709 0.98272945219650942 22.213627776247449 6.3865275649586701 15.673414602526462 11.801946021500044 30.884184035705402 0.061763464123940959 8.0594447116600332
leaf_count=2662 9407 44442 2355 621 199 4610 237 5147 23 41165 6077 26840 5687 34 339 111 35 3960 1273 4429 430 552 89 1965 338 904 475 13516 13 2573
internal_value=6.92003e-05 0.0317967 -0.0026229 0.0117172 0.0225008 0.00717748 -0.0966872 -0.00510245 0.00816769 -0.009275 -0.0178068 -0.00897862 0.00904976 0.0027901 -0.0270126 -6.8196e-05 0.0803168 -0.00121474 0.0127568 -0.00203197 -0.0308999 -0.0717203 0.00397651 0.0402439 0.0570439 0.0731535 0.0227448 -0.0640511 0.0195909 0.0722778
internal_weight=1742.47 136.286 1606.19 236.783 185.214 128.3 11.5978 1369.4 327.582 1041.82 540.734 454.054 326.626 272.037 51.5695 501.088 7.0466 494.041 91.8018 59.3333 25.4097 11.7072 13.7025 54.589 56.914 38.7255 18.1885 86.68 33.9236 8.12121
internal_count=180508 63208 117300 10078 7384 5046 436 107222 12856 94366 87598 32917 12833 5181 2694 6768 146 6622 18766 9359 2344 982 1362 7652 2338 1525 813 54681 7015 2586
is_linear=0
shrinkage=0.08


Tree=82
num_leaves=31
num_cat=0
split_feature=9 0 1 10 13 5 6 5 9 7 4 6 7 7 8 0 7 7 1 0 7 13 4 0 11 4 0 1 4 4
split_gain=20.7913 16.0038 12.5865 15.9134 9.32351 9.51887 16.3278 28.8101 24.0669 8.52064 7.54589 6.82016 13.8498 12.6143 6.62904 6.77094 8.9312 14.0386 7.10006 8.04991 6.08999 5.67404 8.36243 5.51151 5.18596 4.84718 7.50641 4.80721 4.37969 4.15397
threshold=93.583862304687514 88.982257843017592 84.028984069824233 1.0000000180025095e-35 2.5000000000000004 0.81666666269302379 1.5000000000000002 0.47222222387790685 93.364780426025405 8.9296073913574237 61.451047897338874 3.5000000000000004 33.47633361816407 25.309873580932621 40.074350357055671 45.867485046386726 8.6932015419006365 8.7877659797668475 64.747306823730483 32.495286941528327 15.466296195983888 1.0000000180025095e-35 78.319625854492202 71.148777008056655 -1.0000000180025095e-35 35.948717117309577 28.743545532226566 76.50690078735353 52.027397155761726 57.93287658691407
decision_type=2 2 2 2 2 2 2 2 2 2 2 2 2 2 2 2 2 2 2 2 2 2 2 2 2 2 2 2 2 2
left_child=2 14 4 10 5 6 7 -1 -8 21 -4 13 -13 -12 -2 18 28 -18 19 -16 27 23 -23 -5 -3 26 -6 -7 -17 -11
right_child=1 24 3 9 25 20 8 -9 -10 29 11 12 -14 -15 15 16 17 -19 -20 -21 -22 22 -24 -25 -26 -27 -28 -29 -30 -31
leaf_value=-0.015556693945778513 -0.062507933384201797 -0.160731990558136 -0.043360514234395471 0.2689054524918093 0.051331270143637926 0.04256130651364836 -0.037763176054208029 0.035571750611564472 -0.78773096807522691 -0.23808184068735663 0.0023363664355662969 -0.089254291227638338 0.02366360368310489 0.057463383187037746 0.012459556722132326 0.02859242281944871 -0.44406213908322228 0.010409762560848128 0.076710686639297226 -0.031093458486002135 0.068691285106611794 -0.087593541207969638 0.049999374604836833 0.03539959913005792 0.075769241086433251 0.077925159350579587 -0.10008067077450372 -0.020224805064936405 0.073662058082096277 0.091386229039314204
leaf_weight=509.70299919770332 7.2413484030403188 0.60417591442819585 23.190517963201273 0.91487521654926185 6.1789485692279431 12.923524964251554 135.06049985467689 81.862408107728697 0.27440793556161125 0.24773842399008827 536.88897339787218 14.596505884896034 13.273605503141878 27.948236429831013 83.285424066707492 26.066118865506724 0.43856693769339372 53.483779083297122 7.8516050825128323 40.303816506871954 13.405976371199356 5.5903738809283805 5.7189385384554043 2.2088469556183554 33.249058368615806 11.250903300358912 3.1708954031346366 19.703361336956732 29.32222261762945 21.496175837994087
leaf_count=64364 184 41 2018 37 87 531 12468 4325 14 28 23966 750 619 1135 1100 636 34 18238 551 408 871 293 1413 237 25796 588 82 607 8059 11028
internal_value=7.57237e-05 0.0199526 -0.00379961 0.00443517 -0.0105664 -0.0119821 -0.0142162 -0.0084814 -0.0392838 0.0560009 0.00140627 0.00315783 -0.0354753 0.00506406 0.0129093 0.0151777 0.0298894 0.0067134 0.00294289 -0.00174356 0.0232968 0.00834682 -0.018015 0.103789 0.0715484 0.0425497 -1.84025e-05 0.0046448 0.052452 0.0876324
internal_weight=1727.45 281.846 1445.61 652.075 793.534 772.933 726.9 591.565 135.335 36.1769 615.898 592.707 27.8701 564.837 247.993 240.752 109.311 53.9223 131.441 123.589 46.0329 14.433 11.3093 3.12372 33.8532 20.6007 9.34984 32.6269 55.3883 21.7439
internal_count=180508 55047 125461 41524 83937 83180 81171 68689 12482 13036 28488 26470 1369 25101 29210 29026 26967 18272 2059 1508 2009 1980 1706 274 25837 757 169 1138 8695 11056
is_linear=0
shrinkage=0.08


Tree=83
num_leaves=31
num_cat=0
split_feature=2 5 8 9 11 7 6 2 3 1 1 9 8 5 0 8 6 7 7 8 1 3 13 9 8 8 2 0 7 9
split_gain=20.2261 18.1862 19.1685 14.5982 12.2712 8.59503 15.5383 8.41099 19.5141 22.6915 17.4787 16.418 16.4514 9.35252 7.5345 6.45811 5.54403 7.88422 5.19532 4.81962 16.0214 77.405 4.75249 4.59845 4.35947 5.6752 3.39064 4.03872 4.01289 2.86192
threshold=91.945945739746108 0.58571431040763866 54.801107406616218 98.006622314453139 1.0000000180025095e-35 16.013139724731449 2.5000000000000004 59.417230606079109 82.097072601318374 87.841831207275405 97.825057983398452 56.268712997436531 25.728429794311527 0.47222222387790685 55.848154067993171 31.437556266784672 1.5000000000000002 13.120303630828859 10.699700832366945 43.085422515869148 71.834934234619155 69.028213500976577 1.0000000180025095e-35 35.663852691650398 92.545253753662124 80.604629516601577 93.40579986572267 97.332859039306655 19.560612678527836 54.434123992919929
decision_type=2 2 2 2 2 2 2 2 2 2 2 2 2 2 2 2 2 2 2 2 2 2 2 2 2 2 2 2 2 2
left_child=3 -2 5 4 7 16 23 11 9 -9 -10 12 -1 -13 22 -8 18 -18 -3 20 -16 -22 -5 -7 25 -24 27 28 -4 -28
right_child=1 2 26 14 -6 6 15 8 10 -11 -12 13 -14 -15 19 -17 17 -19 -20 -21 21 -23 24 -25 -26 -27 29 -29 -30 -31
leaf_value=-0.0074124021971086612 0.092227513170798261 0.0029954224376583416 -0.0347932680832828 0.082910771485025361 0.087844104625794089 0.050743075402354051 0.021549586925874137 0.0098897023819471373 -0.020474115907257961 0.092658101860079042 0.0081626868065290542 -0.0073396384480141083 -0.055939016922125218 0.047753636426205386 0.085611607808866341 -0.03941180434350134 -0.10662059214075521 -0.017488253287864512 0.11601342789045903 0.060514283183965914 -3.8927018248115384 0.080292107858547998 0.012534510920370006 0.13181607893608641 0.028187772596326825 -0.03996247359426483 0.19073657048738907 -0.36156622196515587 0.06654421483465113 0.069397364357223448
leaf_weight=82.542589015909471 21.912130183714908 15.878907685459128 3.9819180191843735 5.6157194674015036 8.9303192025981826 10.480533538386227 29.51455866813194 220.35833692218876 345.95778485707706 23.455428977060365 225.20375680079451 344.44984762539389 97.556813958741259 20.917775510635693 0.47844222059938957 17.847008059266955 7.1948213105788446 54.179517638985999 3.1135668102651826 31.356977851479314 0.04025281616486609 0.1424496712279506 35.582646928029135 7.8172409252147181 37.798440582409967 20.932358467311133 1.2943788394331921 0.17230379581451494 6.7240462900954299 31.991117955883965
leaf_count=3526 4573 763 1293 497 1135 605 1052 19574 20997 1852 13706 8323 50558 772 32 1855 286 1968 179 16133 3 71 391 1092 1191 332 10 1 1875 25863
internal_value=8.8258e-05 0.0232131 0.0152618 -0.00317875 -0.00562749 0.00129466 0.0227675 -0.00624106 -0.00109488 0.0178522 -0.00918289 -0.0139299 -0.0336985 -0.00418548 0.0222347 -0.00142217 -0.0162485 -0.0279371 0.0215232 0.0560074 -0.157748 -0.795034 0.0114137 0.0853794 0.00715652 -0.00690963 0.0614438 0.0226693 0.0288533 0.0741159
internal_weight=1713.42 212.102 190.19 1501.32 1369.37 146.026 65.6593 1360.44 814.975 243.814 571.162 545.467 180.099 365.368 131.947 47.3616 80.3668 61.3743 18.9925 32.0181 0.661145 0.182702 99.9292 18.2978 94.3134 56.515 44.1638 10.8783 10.706 33.2855
internal_count=180508 41415 36842 139093 120443 7800 4604 119308 56129 21426 34703 63179 54084 9095 18650 2907 3196 2254 942 16239 106 74 2411 1697 1914 723 29042 3169 3168 25873
is_linear=0
shrinkage=0.08


Tree=84
num_leaves=31
num_cat=0
split_feature=2 8 9 0 0 4 9 8 10 9 4 4 1 0 8 3 6 8 10 2 4 3 1 1 0 4 8 8 1 0
split_gain=17.479 15.4812 13.1821 9.0285 8.18058 37.0415 26.6956 9.24966 8.78654 27.0907 9.48261 7.55024 13.918 13.8894 9.89195 6.56581 10.784 6.17515 6.22718 4.83298 10.1329 4.64221 4.53813 5.64758 4.10013 16.1996 4.51064 3.69907 3.69402 9.58357
threshold=91.945945739746108 54.801107406616218 98.651679992675795 55.848154067993171 21.680376052856449 22.401432991027836 96.982700347900405 81.696132659912124 -1.0000000180025095e-35 41.781599044799812 36.98005676269532 17.267080307006839 39.696969985961921 14.907407283782961 82.018428802490249 99.523811340332045 3.5000000000000004 44.030927658081062 -1.0000000180025095e-35 93.127067565917983 91.945945739746108 93.788581848144545 56.562757492065437 33.084575653076179 25.176055908203129 25.19841289520264 33.97142410278321 45.474052429199226 33.084575653076179 14.907407283782961
decision_type=2 2 2 2 2 2 2 2 2 2 2 2 2 2 2 2 2 2 2 2 2 2 2 2 2 2 2 2 2 2
left_child=2 15 4 24 11 6 7 -6 9 -7 -10 12 13 -1 -14 16 19 -17 27 20 -2 -18 23 -13 28 -26 -27 -19 29 -4
right_child=1 -3 3 -5 5 8 -8 -9 10 -11 -12 22 14 -15 -16 17 21 18 -20 -21 -22 -23 -24 -25 25 26 -28 -29 -30 -31
leaf_value=0.048095230702895675 0.064398341674441556 0.062010241095638713 0.094208951300900207 0.063980057334884072 -0.10042145607505949 -0.071827760802614729 -1.0345990769596527 -0.29481290116325259 -0.021505766014497416 -0.0070692514748307437 0.0018583250032638669 0.019794806226670344 -0.1030496173533241 -0.095777732053871481 -0.48754671826130103 0.009853708594009249 -0.30232069604464801 -0.13608365435363762 0.059580871252046481 0.086295597928191803 -0.075319247207568135 -0.0065455579422577384 -0.098966028661700456 0.087525548786591453 -0.17457980550519597 -0.12709504250145717 0.012420890632924135 -0.039687546383505801 0.063186538770409889 -0.052522273815425111
leaf_weight=16.570582127897076 10.985155027476145 47.436545010248665 4.629965722793715 26.200928313657641 9.2073568956111504 48.134774941834621 0.21447976492345411 1.887769294902683 128.30734790524002 293.02576427964959 832.65550264139893 14.967034507077189 1.8814971827669063 5.7966731553897253 0.55441284598782647 107.30402925901581 0.79162056138738879 3.0684868909884306 3.5693541339715003 14.379440222342962 4.7623076948220833 0.59477274282835424 1.266899961978196 16.637183549406473 3.2265840657055369 1.5190208829008032 62.716141799231991 15.012113532284273 15.277862805756738 7.4051814479753375
leaf_count=405 409 32887 126 14826 1144 44176 5 11 11253 20958 42562 514 89 323 10 4730 29 129 1671 840 110 43 63 472 23 13 1608 567 370 142
internal_value=0.000127574 0.0218591 -0.00290045 0.0224142 -0.00513402 -0.00642891 -0.150585 -0.133496 -0.00517684 -0.0162061 -0.00126124 0.0243549 -0.00896724 0.0108093 -0.190561 0.00998983 0.0427248 0.00199019 -0.0369839 0.052764 0.0221453 -0.175431 0.0494984 0.0554498 0.0109231 0.000335507 0.00912164 -0.0560471 0.037074 0.00392577
internal_weight=1699.99 207.904 1492.08 120.976 1371.11 1313.43 11.3096 11.0951 1302.12 341.161 960.963 57.6743 24.8032 22.3673 2.43591 160.467 31.5133 128.954 21.65 30.1269 15.7475 1.38639 32.8711 31.6042 94.7748 67.4617 64.2352 18.0806 27.313 12.0351
internal_count=180508 41415 139093 17108 121985 120109 1160 1155 118949 65134 53815 1876 827 728 99 8528 1431 7097 2367 1359 519 72 1049 986 2282 1644 1621 696 638 268
is_linear=0
shrinkage=0.08


Tree=85
num_leaves=31
num_cat=0
split_feature=2 5 8 9 11 7 2 3 2 7 4 9 0 8 7 6 7 7 2 4 9 14 14 7 2 8 8 9 9 0
split_gain=15.1005 16.0005 15.8267 11.4884 10.9595 8.33396 6.68789 16.5816 21.2175 14.7908 14.6752 15.999 6.51249 7.17287 6.34405 6.14936 7.40624 5.32852 4.88313 19.3191 23.4334 4.46658 9.83875 4.23655 4.06118 3.76118 3.50495 2.85388 2.78868 2.24398
threshold=91.945945739746108 0.58571431040763866 57.979591369628913 97.62308502197267 1.0000000180025095e-35 15.266396999359133 59.417230606079109 82.097072601318374 76.689495086669936 8.6068124771118182 77.849929809570327 56.268712997436531 51.89995193481446 39.915254592895515 14.270077705383303 2.5000000000000004 16.460883140563968 37.701477050781257 93.40579986572267 94.957626342773452 92.60501861572267 0.15910186618566516 0.16487035155296328 13.709346771240236 53.694938659667976 93.362701416015639 90.674945831298842 60.248685836791999 50.694578170776374 95.024753570556655
decision_type=2 2 2 2 2 2 2 2 2 2 2 2 2 2 2 2 2 2 2 2 2 2 2 2 2 2 2 2 2 2
left_child=3 -2 5 4 6 14 10 8 -8 -9 11 -1 21 24 23 16 -7 -17 19 25 -21 -5 -23 -3 -14 -4 -24 -16 -12 -15
right_child=1 2 18 12 -6 15 7 9 -10 -11 28 -13 13 29 27 17 -18 -19 -20 20 -22 22 26 -25 -26 -27 -28 -29 -30 -31
leaf_value=-0.033895771647598834 0.088740617227466428 -0.013466025478684853 0.067246375486047588 0.06621886055934724 0.085407634864321777 0.010188185188390446 0.0045987935033425607 -0.038891131198630739 0.063161147863665792 -0.0028927923678711397 0.20808807108065938 -0.0041225298746332814 0.087299162859853188 0.05400054371623135 -0.0443215667191093 -0.0049723915651476679 0.088050484877273127 0.11050008554476348 0.079301903698356796 -1.6668420486016953 -0.18867987035529013 -0.25513918583634337 -0.0075863166438411176 0.047055803803598958 -0.29349547894811367 -0.049975968437918884 0.025505008272022938 -0.14478947258281907 0.081794377616017974 -0.15082508781692627
leaf_weight=170.70022180950036 19.871233261888847 37.727843966975342 6.3785452105221303 7.8063505312893531 8.5497836561989953 16.501919797039594 192.58544770535082 86.119974692584947 49.841885834292043 481.24384307424771 1.5911565470159974 357.27113044110592 0.2542308596894135 38.170040767756291 20.742548607988287 45.351838387083262 14.858206054079345 2.7104326463886528 25.8974627055577 0.091495760250837388 0.27476265002042055 0.9345685918815424 50.43226972076809 9.2092108780634572 0.60772767697926611 2.415063631371595 34.497189841640648 1.9824487196165126 3.7705715582123958 0.34541695937514205
leaf_count=54033 4573 1724 2147 247 1131 695 18553 6477 2681 27838 46 7999 5 17119 654 3117 1669 214 25059 20 53 25 718 377 53 846 991 267 964 213
internal_value=0.000131531 0.0205394 0.0131796 -0.00267268 -0.00488051 0.00180646 -0.00545525 -0.000873942 0.0166389 -0.00835697 -0.0124113 -0.0137486 0.0197574 0.0470558 -0.0183899 0.0195209 0.0470788 0.00153958 0.0615451 0.0113416 -0.557943 0.00828158 0.00301419 -0.00159144 -0.181182 0.0350526 0.00585493 -0.053086 0.119274 0.0521636
internal_weight=1688.73 204.013 184.142 1484.72 1351.67 149.084 1343.12 809.791 242.427 567.364 533.333 527.971 133.048 39.3774 69.6621 79.4224 31.3601 48.0623 35.0573 9.15987 0.366258 93.6704 85.864 46.9371 0.861959 8.79361 84.9295 22.725 5.36173 38.5155
internal_count=180508 41415 36842 139093 119722 8717 118591 55549 21234 34315 63042 62032 19371 17390 3022 5695 2364 3331 28125 3066 73 1981 1734 2101 58 2993 1709 921 1010 17332
is_linear=0
shrinkage=0.08


Tree=86
num_leaves=31
num_cat=0
split_feature=2 5 10 7 9 8 9 10 0 0 8 8 9 13 10 7 9 3 7 7 7 5 7 0 2 0 9 8 9 7
split_gain=13.6547 27.2134 19.5354 10.7425 10.5112 28.4306 17.3988 9.88828 14.5777 7.94425 9.09431 17.5104 31.5375 6.60371 28.4211 13.7965 6.32113 8.79846 5.98156 10.424 8.00657 5.34178 10.6933 8.92799 4.98772 6.64031 4.98386 7.66813 14.5587 8.41319
threshold=86.319076538085952 0.5634920895099641 1.0000000180025095e-35 16.225119590759281 56.268712997436531 29.740898132324222 45.176797866821296 1.0000000180025095e-35 62.258651733398445 87.20676422119142 96.014438629150405 97.448913574218764 97.15900039672853 1.0000000180025095e-35 1.0000000180025095e-35 10.603652477264406 53.866081237792976 90.366767883300795 11.50551748275757 9.5763545036315936 11.964374065399172 0.64583334326744091 11.964374065399172 78.611557006835952 94.474967956542983 91.010101318359389 98.499961853027358 47.087102890014656 65.142410278320327 15.830689430236818
decision_type=2 2 2 2 2 2 2 2 2 2 2 2 2 2 2 2 2 2 2 2 2 2 2 2 2 2 2 2 2 2
left_child=4 9 3 18 5 7 -7 21 -9 10 16 12 -12 14 -8 -15 17 -2 19 -3 -20 22 -1 -23 25 -5 27 28 -6 -29
right_child=1 2 -4 24 26 6 13 8 -10 -11 11 -13 -14 15 -16 -17 -18 -19 20 -21 -22 23 -24 -25 -26 -27 -28 29 -30 -31
leaf_value=0.00099459999658315593 0.047470453432028215 -0.022398631443696172 0.066390431660044366 0.021365785883759609 0.059342052380647103 -0.069334053528243442 -0.018245619942153065 -0.051394000283505346 0.2692532700342623 0.080508059334636978 0.081441560883635605 0.080263047154050929 -2.3661175100040404 -0.057652044205193959 0.17649244448134652 0.19941280248207766 0.086365497208805209 -0.11871583677723717 -0.1347927889709345 0.075160504769322345 -0.019492604257592763 0.022197227517817626 -0.03596211453707656 -0.012944572414889794 0.035706228041573189 -0.023975287801730062 0.018302470467905983 -0.00069368287696664312 -0.0013298104560054735 -0.03423166417901552
leaf_weight=173.41207517299335 4.8395386475603974 17.307376196607951 29.541695410967804 52.336503847269341 37.503880829666741 71.366043293266557 59.883805903838947 1.6069872670341276 2.0844951048493385 44.060467747913208 0.069573037559167328 0.19610238366294652 0.065332422964274883 31.345735521521419 5.2140696414280674 1.3956695101223875 5.7597716496675284 3.5232514552772045 3.9737561198999165 11.780314138857646 128.41999602812575 115.62955423252424 70.470024921232834 77.132815033663064 47.57196700660279 34.167917136393953 113.83811709360452 401.11135592311621 77.863595536880894 54.357676262210589
leaf_count=10282 73 1122 30849 2608 988 52246 7131 469 17 7031 34 177 18 9517 41 11 1118 90 199 846 5500 1301 2177 885 6502 2003 12974 17027 2017 5255
internal_value=0.000144886 0.0134009 0.00436114 -0.00183883 -0.00378428 -0.0114253 -0.0392972 -0.000715144 0.129668 0.0636251 0.0121587 -0.402342 -1.10387 -0.0173877 -0.00264791 -0.0466941 0.0218739 -0.022544 -0.0157363 0.0171121 -0.0229533 -0.00181743 -0.00968409 0.00813543 0.0148993 0.00345676 0.00301827 -2.97535e-05 0.0183935 -0.00469625
internal_weight=1677.83 383.614 325.1 295.558 1294.22 609.541 169.205 440.336 3.69148 58.514 14.4536 0.331008 0.134905 97.8393 65.0979 32.7414 14.1226 8.36279 161.481 29.0877 132.394 436.644 243.882 192.762 134.076 86.5044 684.675 570.837 115.367 455.469
internal_count=180508 58170 49629 18780 122338 84077 68946 15131 486 8541 1510 229 52 16700 7172 9528 1281 163 7667 1968 5699 14645 12459 2186 11113 4611 38261 25287 3005 22282
is_linear=0
shrinkage=0.08


Tree=87
num_leaves=31
num_cat=0
split_feature=14 10 10 9 5 8 14 9 14 3 4 0 3 4 0 0 0 4 0 9 9 14 5 7 7 9 4 3 8 0
split_gain=12.3391 13.1819 6.77333 21.465 16.7622 8.85581 8.13052 6.8891 19.5503 6.48131 5.93901 21.3516 20.8754 19.0289 35.6798 9.80849 7.41483 6.29222 5.97712 5.62908 4.79341 4.74175 4.35715 4.25465 4.6379 5.1294 4.23932 7.48438 7.73543 4.00166
threshold=0.76927912235260021 1.0000000180025095e-35 -1.0000000180025095e-35 41.189094543457038 1.0000000180025095e-35 33.809621810913093 0.36395762860774999 43.305536270141609 0.28531220555305487 70.659969329833999 39.415279388427741 30.848532676696781 40.936473846435554 29.459980010986332 27.475490570068363 42.644809722900398 49.719100952148445 33.549783706665046 35.948717117309577 74.037036895751967 53.866081237792976 0.64402773976326 0.47222222387790685 9.4405131340026873 9.5763545036315936 93.861850738525405 81.872947692871108 81.872947692871108 23.345499038696293 97.467948913574233
decision_type=2 2 2 2 2 2 2 2 2 2 2 2 2 2 2 2 2 2 2 2 2 2 2 2 2 2 2 2 2 2
left_child=2 23 3 26 7 9 -7 8 -5 -6 11 13 16 14 -4 18 -12 -15 -13 -17 -18 22 -14 -2 25 -25 -1 -28 -29 -26
right_child=1 -3 10 4 5 6 -8 -9 -10 -11 12 15 21 17 -16 19 20 -19 -20 -21 -22 -23 -24 24 29 -27 27 28 -30 -31
leaf_value=-0.075551598441369036 0.080634628851489795 0.066311913013898646 0.0099871143423167566 1.1956203135270951 -0.09398436427523392 -0.070919071356082108 -0.011379858906667869 0.043140814976244092 -0.080236450038095972 0.055639544618562235 0.04340379597724444 -0.030062174889520357 -0.0060765716160853028 0.06858309599469517 -0.10529480688413217 -0.083132152377296778 0.32656528786057826 -0.073346329183837308 -0.071963213098296175 0.071717632214288105 0.11183850742780745 0.043518342747672016 0.0054785092370643667 -0.44617169288724745 0.0010305434457898795 -0.040562751393572259 0.62679961209560775 0.22068989256816912 -0.043098428546922973 0.08016892809899305
leaf_weight=35.167974191484973 4.8375574492965816 34.903359755815472 128.07278640568256 0.12541187228634854 2.067424948501869 15.777488954016006 210.80126811721129 37.243286280980101 0.19856782723218203 17.852454650274012 22.752119123702872 54.33184258302208 339.3477641522768 33.035252016154118 19.844593163114041 1.8916872643167133 0.72302100178785522 2.1278900539036831 36.375685936654918 7.3015996918547899 8.3418759193154965 17.140972487395629 543.1019417551579 0.30209378042491053 73.807620599167421 0.58779278735164553 0.11248509568394816 0.75326926447451192 12.819768788293002 4.3291240460821419
leaf_count=39948 2070 47082 5194 61 706 8391 7922 2500 76 878 1106 4430 17949 1111 1901 472 48 87 3652 77 343 7264 8262 27 8874 41 29 92 4801 5114
internal_value=0.000149181 0.0249991 -0.00175824 -0.0118673 -0.00344321 -0.0110297 -0.0155258 0.046336 0.413645 0.0401105 0.00101313 -0.00913671 0.00409686 0.00709596 -0.00547911 -0.0388851 0.0677809 0.0599943 -0.0468654 0.0398545 0.128965 0.00184447 0.00103498 0.00780512 0.00334691 -0.178257 -0.0608506 -0.0230731 -0.0284588 0.00541516
internal_weight=1666.08 118.768 1547.31 332.919 284.066 246.499 226.579 37.5673 0.32398 19.9199 1214.39 282.981 931.408 183.081 147.917 99.9008 31.817 35.1631 90.7075 9.19329 9.0649 899.591 882.45 83.8642 79.0266 0.889887 48.8535 13.6855 13.573 78.1367
internal_count=180508 63208 117300 65404 20534 17897 16313 2637 137 1584 51896 16924 34972 8293 7095 8631 1497 1198 8082 549 391 33475 26211 16126 14056 68 44870 4922 4893 13988
is_linear=0
shrinkage=0.08


Tree=88
num_leaves=31
num_cat=0
split_feature=14 4 5 1 3 1 1 8 9 8 9 4 3 7 8 5 3 13 7 7 7 14 1 4 6 3 9 3 1 1
split_gain=11.1389 7.86565 33.7996 19.0029 22.6354 17.7311 11.9665 11.6471 8.2818 33.98 10.8327 7.53766 15.0789 7.518 6.85948 6.57952 6.45401 17.1804 40.6602 12.6348 7.82716 7.66513 6.51736 5.04722 4.8178 4.50133 3.60924 2.99688 1.97376 1.94978
threshold=0.98772960901260387 85.857143402099624 0.5634920895099641 96.720428466796889 92.63776016235353 96.580947875976577 94.028518676757827 54.801107406616218 50.694578170776374 30.025906562805179 43.305536270141609 67.962265014648452 49.151567459106452 8.7877659797668475 43.341543197631843 0.64583334326744091 82.097072601318374 1.0000000180025095e-35 7.7057902812957773 7.3471546173095712 10.448974132537844 0.7151908576488496 85.880397796630874 86.996780395507827 2.5000000000000004 97.467948913574233 55.585266113281257 92.907444000244155 27.681992530822757 82.972846984863295
decision_type=2 2 2 2 2 2 2 2 2 2 2 2 2 2 2 2 2 2 2 2 2 2 2 2 2 2 2 2 2 2
left_child=1 8 23 4 6 -6 -4 14 9 10 15 28 -13 -12 -5 -1 17 18 -10 -19 21 -18 -22 27 25 -25 -9 -3 -11 -2
right_child=29 2 3 7 5 -7 -8 26 16 11 13 12 -14 -15 -16 -17 20 19 -20 -21 22 -23 -24 24 -26 -27 -28 -29 -30 -31
leaf_value=-0.010589668866004008 -0.082092668382337489 0.019451007341363898 0.021996921630037507 0.0079147047769717004 -0.086585304221634088 -0.67396455766039098 -0.10995564888478841 0.13593422644833378 0.074200634289551148 0.039558876132927627 0.25632878049102353 0.65671468302232627 -0.026278537058344972 -0.053551558955603984 -0.034178837523337217 0.0091685304914354854 -0.065414587106916069 -0.0051720367121350207 -0.0081844870352361897 0.060956275986402235 -0.026924902959985397 0.032203465789819134 0.014260076493390027 0.089288628140218193 -0.14015962652645891 0.0085375821299947877 0.041516996343828209 -0.15685824483748037 -0.068783568495328337 0.080088467896082011
leaf_weight=247.61015271657379 0.49315140774706101 4.8127534690429448 30.406826174701564 171.3522284940118 27.240333360270601 0.33293107768986274 5.1424505694303653 2.7675955002196124 69.345476864313241 1.0934758372604836 1.7378515040036284 0.20803584274835785 37.202427417214494 0.70406442967941973 28.964609989721794 191.12176612002077 27.337804719049018 423.72265037184115 85.749474987969734 19.335332827933598 41.536403359146789 6.34234462090535 60.276553865289316 41.54159961026744 0.640825149952433 4.9437643954297519 40.643062598421238 0.70775735867209721 67.96552666608477 12.491935174679384
leaf_count=13572 573 676 2352 6447 2931 37 228 21 4550 344 114 2 12850 105 2490 2288 608 13839 3553 2600 4489 2761 7785 8318 33 594 20889 47 49001 16411
internal_value=0.000125521 -0.000458556 0.00999845 -0.000162186 -0.039282 -0.0936776 0.00290906 0.00996939 -0.00339252 -0.0108368 -0.00104731 -0.0514012 -0.0224805 0.166983 0.00182823 -0.00198254 0.0021644 0.0057356 0.0286512 -0.00228615 -0.0136011 -0.047032 -0.00254207 0.0692195 0.0776974 0.0807007 0.0475365 -0.00315273 -0.0670681 0.0739291
internal_weight=1653.77 1640.79 359.497 306.85 63.1225 27.5733 35.5493 243.727 1281.29 547.643 441.174 106.469 37.4105 2.44192 200.317 438.732 733.646 598.153 155.095 443.058 135.493 33.6801 101.813 52.6467 47.1262 46.4854 43.4107 5.52051 69.059 12.9851
internal_count=180508 163524 45063 35395 5548 2968 2580 29847 118461 78276 16079 62197 12852 219 8937 15860 40185 24542 8103 16439 15643 3369 12274 9668 8945 8912 20910 723 49345 16984
is_linear=0
shrinkage=0.08


Tree=89
num_leaves=31
num_cat=0
split_feature=2 10 9 0 0 4 8 4 1 0 0 4 9 9 8 2 4 7 6 7 1 1 13 0 4 14 7 8 8 0
split_gain=10.4973 12.6434 7.78574 7.40157 6.53264 31.4523 10.8545 6.39027 10.913 11.8952 6.36086 19.8016 9.01143 4.86165 4.57468 4.5939 9.49992 4.20425 6.03657 5.43641 3.83297 5.07566 3.62611 3.8135 12.5064 3.83395 2.83537 2.21949 2.08156 1.87701
threshold=91.945945739746108 1.0000000180025095e-35 98.651679992675795 55.848154067993171 21.680376052856449 22.401432991027836 81.696132659912124 17.267080307006839 37.590579986572273 14.907407283782961 26.766168594360355 29.459980010986332 71.465583801269545 87.112743377685561 57.979591369628913 93.40579986572267 94.494949340820327 37.701477050781257 3.5000000000000004 25.309873580932621 56.562757492065437 33.084575653076179 1.0000000180025095e-35 25.176055908203129 25.19841289520264 0.23983619362115863 27.66486740112305 93.362701416015639 89.239040374755874 99.523811340332045
decision_type=2 2 2 2 2 2 2 2 2 2 2 2 2 2 2 2 2 2 2 2 2 2 2 2 2 2 2 2 2 2
left_child=2 14 4 22 7 6 -6 8 9 -1 12 -12 -7 -10 17 16 27 18 19 -2 21 -9 -4 25 -25 -24 -20 -16 -18 -19
right_child=1 -3 3 -5 5 10 -8 20 13 -11 11 -13 -14 -15 15 -17 28 29 26 -21 -22 -23 23 24 -26 -27 -28 -29 -30 -31
leaf_value=0.044670240097686595 0.0048796123854087641 0.075989158801330309 0.082068181945201449 0.060142853465856634 -0.097425292830224358 -0.057013183188669291 -0.28861887878119358 0.017581843423243343 -0.062128247947885226 -0.09046360978803529 -0.073966684429256913 -0.0033644320254438832 0.052801271946831319 -0.28267319536066904 0.062931270150080557 0.08380422318971098 -0.14533777888585953 0.051790515028617659 0.038683540220630044 0.071275872567152232 -0.091340246687193385 0.082279234870740334 0.012055615685755619 -0.15726378108222794 0.0025095473966619342 0.083168656198301605 -0.069467651261250346 -0.03596886397976401 -0.38957308609250918 0.1956656291832401
leaf_weight=16.281357074622072 132.95061179774348 21.129790311562829 4.0422560407896517 21.538197486312129 8.4429401116794889 5.909954670409209 2.4523847177624694 14.824930138071069 1.3836319295223796 5.6037760279141358 25.970909593510441 1207.2104270186392 25.069090939126909 1.1897381623275576 5.2376513520721346 10.252765283628833 0.6644267000374382 1.4067508252919645 1.8541901399730694 8.3904056893079524 1.2515446902834799 16.286360065219924 18.039494931697849 3.3111362420022479 59.102726026671007 6.6373059886973342 9.5006383292493393 2.009380966948811 0.33640955260489136 0.98784657666692499
leaf_count=405 5482 26862 443 14826 1145 1682 15 514 87 322 3669 113335 263 13 839 6929 45 69 80 394 63 472 418 21 1309 91 441 202 19 53
internal_value=0.000123044 0.0175597 -0.00222737 0.0179656 -0.0039356 -0.00511835 -0.14046 0.022605 -0.00825543 0.0100687 -0.00395189 -0.00485132 0.0318517 -0.164092 0.0104476 0.0480491 0.00360269 0.0059621 0.00431263 0.00882108 0.0459281 0.0514501 0.00799747 0.00455953 -0.00596663 0.0311829 -0.0518071 0.0355093 -0.227432 0.111144
internal_weight=1639.27 194.721 1444.55 112.671 1331.88 1275.06 10.8953 56.8213 24.4585 21.8851 1264.16 1233.18 30.979 2.57337 173.591 18.5006 8.24787 155.09 152.696 141.341 32.3628 31.1113 91.1329 87.0907 62.4139 24.6768 11.3548 7.24703 1.00084 2.3946
internal_count=180508 41415 139093 17108 121985 120109 1160 1876 827 727 118949 117004 1945 100 14553 8034 1105 6519 6397 5876 1049 986 2282 1839 1330 509 521 1041 64 122
is_linear=0
shrinkage=0.08


Tree=90
num_leaves=31
num_cat=0
split_feature=14 2 5 7 6 6 7 2 7 5 8 8 8 9 7 0 8 14 9 0 7 5 7 14 0 7 10 2 7 14
split_gain=9.46756 7.43259 13.3612 9.15368 7.92093 6.69219 20.1055 10.465 11.3701 8.36207 7.87958 12.3012 6.56068 6.24921 9.02238 5.72704 5.19147 4.63007 4.58542 2.67245 2.37821 2.95879 2.22119 1.89438 1.73333 3.60738 1.58674 1.35601 1.04129 0.736671
threshold=0.98772960901260387 91.945945739746108 0.58571431040763866 16.013139724731449 2.5000000000000004 2.5000000000000004 20.338431358337406 91.715686798095717 22.244734764099125 0.58571431040763866 60.805404663085945 69.052959442138686 54.801107406616218 82.679485321044936 16.657057762146 87.20676422119142 27.650925636291507 0.88238859176635753 92.759792327880874 92.40384674072267 7.9240460395812997 0.47222222387790685 22.682869911193851 0.55730250477790844 94.185260772705092 8.2508149147033709 -1.0000000180025095e-35 73.746868133544936 9.9202895164489764 0.45185735821723944
decision_type=2 2 2 2 2 2 2 2 2 2 2 2 2 2 2 2 2 2 2 2 2 2 2 2 2 2 2 2 2 2
left_child=1 5 20 17 19 6 13 8 15 -10 -9 -12 -6 14 -1 -7 -15 18 -4 -5 21 29 27 -24 25 -22 -23 -8 -26 -3
right_child=-2 2 3 4 12 7 22 10 9 -11 11 -13 -14 16 -16 -17 -18 -19 -20 -21 24 26 23 -25 28 -27 -28 -29 -30 -31
leaf_value=-0.0074728846692408632 0.073016052052928576 0.033612732690905464 -0.01230981943184019 0.12126229337688528 -0.0031334774951344499 -0.068248482634133092 0.032695182332698462 -0.12449365210265739 -0.10036897923305846 0.0089424878294615713 -1.1846031675856548 -0.22091630239134169 0.06041532761082001 -0.11544485015527275 0.027190998351299546 -0.0029293530573352108 0.0073732151469879719 0.080248486172311007 -0.26626015661802477 0.053292913973447188 0.3170268382586417 -0.15614524112067404 0.24331183208892448 0.082672159744018911 0.0027454209875352091 0.11144703374393161 0.082867122258535209 0.08107327135089723 0.088284872547115992 0.098641193086704979
leaf_weight=865.83950948930578 11.325079741567604 2.2739615151658681 84.300484248786233 4.6363650615676333 44.916620073781814 31.251180106773973 5.0079022228601451 1.302041993883903 4.7985648706089696 67.213024409371428 0.12604941090103228 0.25887317833257839 13.528719625493975 2.215581506228772 50.879850040771998 11.847512097912839 377.44231855013641 3.4972477956325738 0.45752202096627925 18.375071880640462 0.60295163100817983 0.66945860651321709 0.90104804828297236 0.98173614568077028 1.191224462148966 5.8113975978048984 0.24203288945136581 14.286071485374121 3.8688606716750655 2.1874266978702508
leaf_count=90495 16984 63 4046 1227 2714 2156 330 38 265 4121 6 51 8895 82 1950 716 29531 4447 87 6053 66 28 14 182 220 1300 81 1575 1457 1328
internal_value=0.000124632 -0.00038465 0.0146364 0.00789089 0.0272301 -0.00233837 -0.0007114 -0.0206917 -0.0177927 0.00165841 -0.218501 -0.536492 0.0115766 -0.00197447 -0.00554897 -0.0502927 0.00665648 -0.00995855 -0.0136806 0.0669874 0.0825874 0.0386624 0.07661 0.15955 0.103155 0.130772 -0.0926791 0.0685164 0.0681475 0.0654963
internal_weight=1632.24 1620.91 186.559 169.712 81.4568 1434.35 1317.55 116.797 115.11 72.0116 1.68696 0.384923 58.4453 1296.38 916.719 43.0987 379.658 88.2553 84.758 23.0114 16.8473 5.37288 21.1768 1.88278 11.4744 6.41435 0.911491 19.294 5.06009 4.46139
internal_count=180508 163524 32012 27469 18889 131512 124159 7353 7258 4386 95 57 11609 122058 92445 2872 29613 8580 4133 7280 4543 1500 2101 196 3043 1366 109 1905 1677 1391
is_linear=0
shrinkage=0.08


Tree=91
num_leaves=31
num_cat=0
split_feature=9 2 2 10 4 9 8 1 3 13 7 6 7 7 6 9 3 1 9 7 9 1 8 11 3 1 3 1 4 9
split_gain=8.04644 12.4871 7.52275 20.9443 12.1737 8.98037 24.6081 13.0924 15.1654 14.0731 10.1512 8.80123 33.4203 10.0257 9.71606 8.06816 7.99431 5.63523 26.5515 7.62249 8.60532 5.45952 5.0908 5.10735 4.925 8.75063 3.29407 2.56393 1.91731 1.27938
threshold=93.583862304687514 89.386734008789077 66.312053680419936 1.0000000180025095e-35 82.097072601318374 50.917509078979499 29.519198417663578 64.051280975341811 51.022111892700202 1.0000000180025095e-35 8.1674318313598651 1.5000000000000002 10.813905239105226 15.32244396209717 2.5000000000000004 65.142410278320327 82.097072601318374 68.614070892333999 54.434123992919929 10.150055885314943 46.68135070800782 96.225070953369155 32.44658279418946 -1.0000000180025095e-35 13.484848499298097 35.948717117309577 87.570224761962905 61.651582717895515 81.120250701904311 51.693037033081062
decision_type=2 2 2 2 2 2 2 2 2 2 2 2 2 2 2 2 2 2 2 2 2 2 2 2 2 2 2 2 2 2
left_child=2 22 4 11 5 6 10 9 -9 -7 -1 12 16 21 -15 -14 -4 18 -5 20 -19 -13 -2 -24 -25 -26 -21 -20 -8 -6
right_child=1 -3 3 17 29 7 28 8 -10 -11 -12 13 15 14 -16 -17 -18 19 27 26 -22 -23 23 24 25 -27 -28 -29 -30 -31
leaf_value=0.030687140364469321 -0.1170028617748213 0.06796283705796867 0.021925741691287075 0.56798930545683479 0.16842185818157279 0.049924230085997542 -0.066859030802049427 0.062001557533506654 -0.038615515256858635 -0.0015382212362388206 -0.018586811924239287 -0.028607336010708667 0.10827313995333801 0.018697283538569864 -0.010586262829353391 0.012155853198527258 -0.012116428024523321 0.11030262966208813 0.0004486575975437728 0.1270853573470925 -0.015585224566606156 -0.0050087490787556156 -0.11346616162876311 0.077942405052485744 -0.030300332659633313 0.014570100501304764 0.056082242806913096 0.10252488321395715 0.13630188286992145 0.084003181703190447
leaf_weight=36.9495127092232 2.0833007989567696 24.176092073728796 68.324075111653656 0.74991085100918908 1.8914149136398908 40.411780139198527 61.91116193664493 10.757103335985446 88.151089793769643 214.63603995367885 97.017742114374414 137.3830368554336 25.621058113873005 144.12325613474241 145.94493372587021 7.1487111229798748 124.77914407238131 4.3154251906089511 2.4204173938487656 5.9130391272483402 17.84868880698923 115.4839328477392 2.171339201857335 6.5918111472856245 32.807414206676185 182.83978145071887 14.282350462308386 4.5079127036151476 0.29873267997754638 2.9269602107815444
leaf_count=3795 43 28415 4879 37 45 1620 49262 380 3054 7513 6463 7625 550 7286 7085 490 6299 97 88 880 2487 3932 38 221 451 25879 10690 207 26 671
internal_value=0.000129988 0.0133109 -0.00227507 0.00259845 -0.00946609 -0.010575 -0.0243045 -0.00296555 -0.0276726 0.00661589 -0.00499656 -0.000665629 0.0126051 -0.00618654 0.00396356 0.0873052 -7.15757e-05 0.0527497 0.115808 0.0413195 0.00892555 -0.0178299 0.00747736 0.00863296 0.00982591 0.00774375 0.0768714 0.0668645 -0.0658834 0.117141
internal_weight=1624.47 250.67 1373.8 818.846 554.952 550.133 196.177 353.956 98.9082 255.048 133.967 768.808 225.873 542.935 290.068 32.7698 193.103 50.0377 7.67824 42.3595 22.1641 252.867 226.494 224.41 222.239 215.647 20.1954 6.92833 62.2099 4.81838
internal_count=180508 55047 125461 52632 72829 72113 59546 12567 3434 9133 10258 38146 12218 25928 14371 1040 11178 14486 332 14154 2584 11557 26632 26589 26551 26330 11570 295 49288 716
is_linear=0
shrinkage=0.08


Tree=92
num_leaves=31
num_cat=0
split_feature=14 2 5 7 6 3 4 1 1 5 3 5 1 3 7 6 7 3 7 9 4 2 7 5 14 8 4 3 7 3
split_gain=8.21886 6.35763 23.382 8.92885 11.8018 8.15575 36.0099 16.2315 10.7209 19.6124 13.1703 9.86175 20.436 18.6992 7.0106 6.49017 7.26831 6.40328 5.99351 5.13066 4.96199 4.76199 4.72515 9.01124 4.68602 5.27316 3.69435 5.27038 4.25823 3.43635
threshold=0.98772960901260387 86.319076538085952 0.5634920895099641 16.225119590759281 2.5000000000000004 84.028984069824233 78.08689117431642 97.70084381103517 92.63776016235353 0.77500000596046459 92.718276977539077 0.47222222387790685 79.118217468261733 80.982517242431655 6.870572805404664 2.5000000000000004 25.066986083984379 87.226108551025405 20.253064155578617 53.368236541748054 80.982517242431655 78.611557006835952 8.0660772323608416 0.47222222387790685 0.88238859176635753 93.075534820556655 88.493064880371108 90.366767883300795 24.573199272155765 88.273490905761733
decision_type=2 2 2 2 2 2 2 2 2 2 2 2 2 2 2 2 2 2 2 2 2 2 2 2 2 2 2 2 2 2
left_child=1 5 22 24 17 6 11 8 9 -7 -10 13 -13 -1 19 21 -17 -5 -6 -8 -16 -9 23 -3 25 -4 27 -24 -28 -25
right_child=-2 2 3 4 18 7 14 15 10 -11 -12 12 -14 -15 20 16 -18 -19 -20 -21 -22 -23 26 29 -26 -27 28 -29 -30 -31
leaf_value=-0.0047074829581806458 0.072134678194023541 0.06118526882410457 -0.013607862904257416 -0.21271092400142433 -0.050058069780474133 -0.033115760262996272 0.19235101200568913 0.02603550108168514 -0.10631015937413635 0.032952779580501891 -0.0035759162121350684 0.035075562569728151 -0.025282124951617937 -0.081049425533839745 0.023048899065472798 -0.068367378228529757 0.021290376511562684 0.056416907330161109 0.0083997715467162178 0.083721701489849351 0.081922016974930914 -0.0064057677570262964 0.074222352400886302 0.10765040170169243 0.055638875431254384 -0.22193273154720369 0.10453099783589805 -0.034697204704862199 -0.23264405213372308 -0.083337498724503703
leaf_weight=653.83330833443324 10.078198748233261 13.801889565511376 159.3238481473818 0.57414828479522739 12.898241405346196 139.93316016992321 4.0498498671804546 79.85972339939326 21.65488654281944 36.192963078734465 12.652478463307487 107.45215314876987 53.91517905856017 21.199990560649894 20.52840871817898 13.980478271842005 9.8737074574455601 38.927869868115522 86.512088024959667 8.8931270212633518 16.547931473993231 45.43289720377652 11.30611548561137 0.68849765695631404 6.3142648234497747 0.78143554017878969 18.314874598640021 3.7984346513403571 0.24289613164728407 4.8511903283651918
leaf_count=72907 16984 2860 6999 41 1418 11104 128 4651 1307 1952 661 8110 3746 2288 1257 630 449 9828 13321 3550 1350 3305 1127 31 5959 91 3621 481 21 331
internal_value=0.000116097 -0.000336313 0.00905452 0.000540129 0.015514 -0.00303701 0.0010853 -0.0131991 -0.0275085 -0.019539 -0.068422 -0.00285784 0.0149092 -0.00710507 0.0670209 0.00699017 -0.0312563 0.0525052 0.000815013 0.117712 0.0493252 0.0142718 0.0581021 0.0265906 -0.0119587 -0.0146246 0.0762079 0.0468317 0.100118 -0.0596007
internal_weight=1614.41 1604.34 358.336 305.332 138.912 1246 886.42 359.58 210.433 176.126 34.3074 836.401 161.367 675.033 50.0193 149.147 23.8542 39.502 99.4103 12.943 37.0763 125.293 53.0039 19.3416 166.42 160.105 33.6623 15.1046 18.5578 5.53969
internal_count=180508 163524 46129 37657 24608 117395 93336 24059 15024 13056 1968 87051 11856 75195 6285 9035 1079 9869 14739 3678 2607 7956 8472 3222 13049 7090 5250 1608 3642 362
is_linear=0
shrinkage=0.08


Tree=93
num_leaves=31
num_cat=0
split_feature=14 2 5 13 3 4 3 2 13 9 4 9 3 4 2 4 1 4 8 4 1 1 1 9 1 10 2 1 9 9
split_gain=7.51812 5.71971 10.9295 7.69475 6.43396 16.5783 19.5063 19.5089 13.4686 11.225 11.3175 8.6526 7.62687 6.91884 6.90412 3.87846 4.34194 3.88062 3.49608 2.57985 3.02774 2.33771 65.2845 1.79186 1.07587 2.49297 0.987087 0.625307 0.139084 0.0035733
threshold=0.98772960901260387 91.945945739746108 0.58571431040763866 1.0000000180025095e-35 28.759398460388187 39.415279388427741 40.936473846435554 41.060766220092781 1.0000000180025095e-35 66.846843719482436 26.747966766357425 72.804313659667983 58.102025985717781 39.415279388427741 28.730158805847172 82.097072601318374 80.810150146484389 73.375530242919936 24.264069557189945 95.293468475341811 89.417694091796889 82.972846984863295 82.637680053710952 60.248685836791999 89.927536010742202 -1.0000000180025095e-35 92.907444000244155 97.402160644531264 65.142410278320327 42.631273269653327
decision_type=2 2 2 2 2 2 2 2 2 2 2 2 2 2 2 2 2 2 2 2 2 2 2 2 2 2 2 2 2 2
left_child=1 4 19 15 8 11 14 -8 23 13 -11 18 -13 -10 -7 17 -17 -4 -6 24 -21 22 -2 -1 26 -26 -3 -22 -25 -5
right_child=21 2 3 29 5 6 7 -9 9 10 -12 12 -14 -15 -16 16 -18 -19 -20 20 27 -23 -24 28 25 -27 -28 -29 -30 -31
leaf_value=0.16820519899954436 0.080113248329605952 -0.00013618172282960821 0.00063193110927975177 0.089881560015179732 -0.0093871240209164389 -0.20588392734948849 -0.057365003065545574 -0.00042603812035721633 -0.07366823248247481 -0.00090696398335122878 0.049649253703982502 -0.021344868938395205 0.12477855889294275 0.49316577934417738 0.066880191920353382 -0.15409610388283571 0.00069036378681601744 0.090594121765139118 -0.074181673318165317 -0.15494506117803267 0.062583405924948224 0.080065575861996793 -5.3382264505233881 0.11752194013675109 0.17377056319322706 0.078592861876707776 0.090352879746630671 -0.034391613946364454 0.081291768549946464 0.080163017351325208
leaf_weight=2.8232377209933466 0.39416077052009946 1.1165104373940251 6.0496504659822659 0.24928970262408157 6.4334855576744294 0.60563637031009676 39.966691904177424 1057.9833646935585 11.58847083727596 91.654758417978883 41.022477708291262 94.942225836217403 2.3424558474216601 0.13947532966267395 30.64926991428365 1.1691878922865715 145.05975300673163 6.2279248706472572 31.056823507067747 0.52426007023313914 3.3146736971975774 8.9690685878740624 0.014764822670258582 0.82130762934684742 2.883564741438021 4.5253318251052415 2.4968345203669742 0.48823464103043068 3.8901968925492838 8.429414123616878
leaf_count=33 549 266 451 3 444 56 5902 101700 4631 1092 420 951 52 52 1716 15 11753 601 14042 35 1404 16411 24 4 424 1799 526 89 417 14646
internal_value=0.000117043 -0.000301971 0.0130263 0.00709481 -0.0020202 -0.00388991 -0.000724662 -0.00249868 0.0135339 0.00809313 0.0147245 -0.0304098 -0.0178265 -0.0669271 0.0615948 0.00307882 -0.000547247 0.0462662 -0.0630627 0.0776318 0.0252869 0.071537 -0.115523 0.117807 0.0981816 0.115636 0.0623921 0.0501333 0.0876074 0.0804422
internal_weight=1607.83 1598.45 182.535 167.185 1415.92 1263.98 1129.2 1097.95 151.94 144.405 132.677 134.775 97.2847 11.7279 31.2549 158.507 146.229 12.2776 37.4903 15.3494 4.32717 9.37799 0.408926 7.53474 11.0222 7.4089 3.61334 3.80291 4.7115 8.6787
internal_count=180508 163524 32012 27469 131512 124863 109374 107602 6649 6195 1512 15489 1003 4683 1772 12820 11768 1052 14486 4543 1528 16984 573 454 3015 2223 792 1493 421 14649
is_linear=0
shrinkage=0.08


Tree=94
num_leaves=31
num_cat=0
split_feature=14 11 2 5 4 10 9 2 1 1 1 9 5 2 4 8 4 6 9 4 9 8 8 2 5 1 1 1 1 1
split_gain=9.72244 6.6663 5.43772 19.2434 14.5418 8.47201 19.1712 7.12353 9.41011 6.78798 36.8033 8.42991 6.26233 3.99364 5.28399 3.57559 4.07086 2.99443 2.85138 2.27186 1.5084 4.0824 1.21585 1.07581 0.289503 2.01198 2.04192 0.180428 0.0181435 0.00367883
threshold=0.98772960901260387 1.0000000180025095e-35 81.28433990478517 0.5634920895099641 87.226108551025405 -1.0000000180025095e-35 42.461925506591804 90.366767883300795 90.070423126220717 97.590011596679702 92.031745910644545 94.094394683837905 0.64583334326744091 76.689495086669936 97.01425933837892 81.696132659912124 30.860805511474613 1.5000000000000002 62.617479324340827 89.009658813476577 70.051548004150405 66.501647949218764 41.435005187988288 32.757078170776374 0.6904762089252473 83.225109100341811 82.807880401611342 43.557312011718757 82.972846984863295 82.637680053710952
decision_type=2 2 2 2 2 2 2 2 2 2 2 2 2 2 2 2 2 2 2 2 2 2 2 2 2 2 2 2 2 2
left_child=1 2 4 7 5 6 -1 8 -4 10 -5 -11 -7 19 -15 18 -17 -9 -3 -6 21 -20 -22 -18 25 26 -2 -25 29 -26
right_child=24 15 3 9 13 12 -8 17 -10 11 -12 -13 -14 14 -16 16 23 -19 20 -21 22 -23 -24 27 28 -27 -28 -29 -30 -31
leaf_value=-0.077467858050738109 0.08640511018674675 -0.057317117437228185 0.041662341542879684 0.0076488894182771732 0.20097511715946362 -0.0044046128207511255 -0.0093279802151338218 0.055311765123888378 -0.030336023047263794 0.0029049624116527367 -0.089572817453822257 0.069160546559050226 0.013515704179772032 0.051887553527028903 -0.24286184426581783 -0.068843215652639803 -0.014243369711016481 0.11363552514682182 0.041771943131988037 0.095509504018429628 0.29636854754057779 0.65216113208960191 0.1011364583029947 0.15840797552576674 0.080079310103919513 0.080077655423019145 -0.29730708552005825 0.086892696597503843 0.080054243648463738 0.089528373862656482
leaf_weight=30.721986458433094 0.16175749307149034 0.66050127241760304 52.765873203752562 103.03884610536625 1.6742651198874208 711.04591385566164 188.96337939496152 15.794580429297639 14.898223251162561 245.00807927348069 32.868741291051265 12.93923834103043 151.37170131667517 3.9084548159735277 0.4323119488544761 2.3146120831370354 0.76411202945746515 8.7576112247479614 0.16802258335519571 5.9622303564101458 0.21246176119893778 0.12036065722350031 5.2208985140314326 0.24997474253177676 0.30238818938960177 2.2274607192666736 0.19667689502239227 2.3327928554208484 6.0525326706992928 2.0611493960022926
leaf_count=42348 57 25 4633 9727 243 41636 15441 3379 1450 19291 2598 10457 5536 221 18 34 11 1961 28 1654 11 19 1081 1 493 3515 1 1721 12896 22
internal_value=0.000236291 -0.00028158 -0.000733504 0.00630733 -0.00386156 -0.00483189 -0.018857 0.0392035 0.0258098 -0.0013949 -0.0158638 0.0062285 -0.00125924 0.0838041 0.0225324 0.0590113 0.0127302 0.0761155 0.100066 0.118632 0.118234 0.296526 0.108771 0.0691441 0.0751821 0.0517705 -0.124142 0.0938143 0.0823754 0.0883195
internal_weight=1603.2 1592.2 1580.15 486.071 1094.08 1082.1 219.685 92.2163 67.6641 393.855 135.908 257.947 862.418 11.9773 4.34077 12.0437 5.66149 24.5522 6.38224 7.6365 5.72174 0.288383 5.43336 3.34688 11.002 2.5859 0.358434 2.58277 8.41607 2.36354
internal_count=180508 163524 160593 53496 107097 104961 57789 11423 6083 42073 12325 29748 47172 2136 239 2931 1767 5340 1164 1897 1139 47 1092 1733 16984 3573 58 1722 13411 515
is_linear=0
shrinkage=0.08


Tree=95
num_leaves=31
num_cat=0
split_feature=14 11 13 4 0 8 2 3 4 0 5 0 8 8 8 4 9 9 1 0 3 8 8 5 1 1 0 1 1 1
split_gain=8.93207 5.82936 4.75411 7.03586 6.82036 10.8417 5.73662 19.3413 12.9892 13.4934 10.0681 6.37501 4.38682 7.83953 3.25238 3.49559 2.59962 2.65985 2.58395 1.99447 1.04009 0.62247 0.40294 0.279551 1.76213 1.4983 0.213236 0.127331 0.0141202 0.00284425
threshold=0.98772960901260387 1.0000000180025095e-35 2.5000000000000004 35.948717117309577 28.743545532226566 97.746780395507827 81.28433990478517 84.475742340087905 87.226108551025405 80.982517242431655 0.41428571939468389 97.332859039306655 38.243330001831062 41.103500366210945 81.696132659912124 30.860805511474613 68.588039398193374 70.051548004150405 91.715686798095717 26.138715744018558 32.466217041015632 41.435005187988288 49.238500595092781 0.6904762089252473 83.225109100341811 82.807880401611342 56.543697357177741 43.557312011718757 82.972846984863295 82.637680053710952
decision_type=2 2 2 2 2 2 2 2 2 2 2 2 2 2 2 2 2 2 2 2 2 2 2 2 2 2 2 2 2 2
left_child=1 2 6 4 19 -6 8 18 9 -1 -9 -10 -5 -14 16 -16 22 -18 -8 -4 -17 -19 -3 24 25 -2 -24 -22 29 -25
right_child=23 14 3 12 5 -7 7 10 11 -11 -12 -13 13 -15 15 20 17 21 -20 -21 27 -23 26 28 -26 -27 -28 -29 -30 -31
leaf_value=-0.0043125824925500413 0.085914344594905753 -0.085939150963464647 0.010766107522361675 -0.33630333028091275 -0.10144681877915442 0.071463776079262589 0.079114079006075921 0.044848595616882647 0.093233033191115991 -0.060758755872372207 -0.0015492518891034887 -0.21223996838887207 0.43103344043620345 0.045700826199919005 -0.060564083487431024 -0.014741161857357203 0.42002049596582192 0.22852958840208007 -0.0071859962000917548 0.077187315994164743 0.1469213264938212 0.099481756989830639 -0.059215586586315483 0.080073227152277035 0.080071693101206889 -0.24141915211327949 0.084162690422930744 0.086424712901839312 0.080050080163501819 0.088715609483975444
leaf_weight=994.00820996792754 0.15013928784173769 0.47986326285172065 13.894648747518664 0.18935713922838004 8.5050535047776048 3.191692177206277 24.643615876673724 32.21936088820803 10.738329512387278 27.863738702610135 421.5403763159411 0.45579411147628057 0.34164815064287068 30.865913244604599 2.4159527160227299 0.75811647996306453 0.17837059713201586 0.25150717780343246 2.4403387330821706 3.654236987233161 0.24801893532276187 4.8964186862867791 0.10271462239325047 0.27915982235572312 2.0563523210585117 0.22156523168087006 0.18769359125872143 2.1781752657261677 5.5874706989561673 1.9194002151489258
leaf_count=99257 57 15 333 11 120 30 1796 4791 1827 1783 40860 18 10 9535 34 9 12 11 160 62 1 1081 7 493 3515 1 38 1723 12896 22
internal_value=0.000224882 -0.000255294 -0.000673288 0.0212905 -0.00694354 -0.0542647 -0.00155309 0.00566513 -0.00491283 -0.00585172 0.00174524 0.080795 0.04759 0.0499193 0.0560124 0.011998 0.0964438 0.11631 0.0713382 0.0245971 0.0670512 0.105787 -0.0409265 0.0747963 0.0510963 -0.109202 0.0334512 0.092609 0.0821871 0.0876183
internal_weight=1596.46 1586.25 1574.55 60.6425 29.2456 11.6967 1513.91 480.844 1033.07 1021.87 453.76 11.1941 31.3969 31.2076 11.6968 5.60026 6.09657 5.3263 27.084 17.5489 3.18431 5.14793 0.770271 10.2141 2.42806 0.371705 0.290408 2.42619 7.78603 2.19856
internal_count=180508 163524 160593 10101 545 150 150492 47607 102885 101040 45651 1845 9556 9545 2931 1767 1164 1104 1956 395 1733 1092 60 16984 3573 58 45 1724 13411 515
is_linear=0
shrinkage=0.08


Tree=96
num_leaves=31
num_cat=0
split_feature=14 11 10 9 5 14 14 7 5 13 10 7 1 7 7 8 3 3 0 9 9 3 8 8 5 1 1 0 14 1
split_gain=8.20821 5.1135 4.52023 17.3762 11.2063 9.32677 11.4563 84.5326 8.30238 5.92416 46.3999 17.7784 4.20873 3.10771 5.5501 2.98668 3.00002 3.37769 2.56124 2.30493 1.81805 1.38873 0.425185 0.366469 0.268515 1.56821 1.17126 0.194627 0.0168452 0.010999
threshold=0.98772960901260387 1.0000000180025095e-35 -1.0000000180025095e-35 39.482063293457038 1.0000000180025095e-35 0.64402773976326 0.9855765998363496 26.642148017883304 0.31666667759418493 1.0000000180025095e-35 1.0000000180025095e-35 10.603652477264406 52.704679489135749 15.882828235626222 15.946934223175051 81.696132659912124 34.833164215087898 26.006441116333011 88.982257843017592 68.588039398193374 70.051548004150405 41.444372177124031 39.915254592895515 49.238500595092781 0.6904762089252473 83.225109100341811 82.807880401611342 56.543697357177741 0.35741457343101507 82.972846984863295
decision_type=2 2 2 2 2 2 2 2 2 2 2 2 2 2 2 2 2 2 2 2 2 2 2 2 2 2 2 2 2 2
left_child=1 2 3 13 12 9 18 -8 -6 10 -4 -11 -5 21 -15 19 17 -17 -7 23 -21 -1 -22 -3 25 26 -2 -25 -18 -26
right_child=24 15 5 4 8 6 7 -9 -10 11 -12 -13 -14 14 -16 16 28 -19 -20 20 22 -23 -24 27 29 -27 -28 -29 -30 -31
leaf_value=0.03965521309150663 0.085460603668941343 -0.084646495924811799 0.0011803598873167875 0.1022295147129554 -0.052358710293374057 0.028577213032463265 0.080045230818073729 -7.6712889433764717 -0.0037585725438436836 -0.0089065038092043716 0.11103583995529707 0.10073668571814461 0.027617064465477889 0.47127710883906887 -0.027839946707829959 0.046488390182668191 0.10226612963797742 -0.11270879590500565 0.073638707357386604 0.35195582470907971 -0.072294893186789375 -0.077114143869307844 0.10611498218261929 -0.05683849910330787 0.086980921064916977 0.080066187338279013 -0.20679673807332294 0.083851980591957601 0.082854932045120913 0.080046235559543086
leaf_weight=0.66816574931727046 0.13930199271999133 0.44946211052592655 673.81136754353065 5.7549773961072779 24.404454918258125 23.089459452981828 0.070590987364993363 0.010320809378754348 287.68719359021634 442.24410413819714 25.539378641173244 9.6717684278846701 30.381954156342545 0.14497105774353158 8.6661494501167891 1.663686275482178 0.3408239439595494 1.7503602841170502 12.412394257582489 0.19513621987425711 0.087044712097849586 26.673531602980802 4.7894302957574837 0.098622245714068413 2.0437841495440807 1.8983776785316877 0.23719783127307892 0.17387899599270895 1.782684925914509 5.1581232504395302
leaf_count=981 57 15 16077 343 7606 19888 139 21 23588 26817 922 467 2826 96 3565 30 4 13 21607 12 6 35650 1086 7 515 3515 1 38 1720 12896
internal_value=0.000214537 -0.00022998 -0.000616156 -0.00815608 -0.00267551 0.00182578 0.0421648 -0.908686 -0.00755893 0.000578997 0.00519214 -0.00655995 0.0394995 -0.0609456 -0.0196279 0.0533191 0.0113083 -0.035131 0.0443319 0.0934735 0.112512 -0.0742606 0.10293 -0.0402664 0.0744459 0.0504858 -0.0986638 0.032934 0.0859704 0.0820142
internal_weight=1592.04 1582.56 1571.23 384.381 348.229 1186.85 35.5828 0.0809118 312.092 1151.27 699.351 451.916 36.1369 36.1528 8.81112 11.3311 5.53756 3.41405 35.5019 5.79357 5.07161 27.3417 4.87648 0.721963 9.47678 2.27488 0.3765 0.272501 2.12351 7.20191
internal_count=180508 163524 160593 74655 34363 85938 41655 160 31194 44283 16999 27284 3169 40292 3661 2931 1767 43 41495 1164 1104 36631 1092 60 16984 3573 58 45 1724 13411
is_linear=0
shrinkage=0.08


Tree=97
num_leaves=31
num_cat=0
split_feature=14 3 2 8 5 7 6 7 7 6 2 7 2 9 9 14 7 9 8 9 2 7 8 8 14 8 7 5 10 8
split_gain=23.4529 4.78748 4.64497 9.29483 5.51995 5.97445 4.31791 18.5991 8.15714 12.1131 9.12757 4.43376 3.5878 2.58324 5.89483 2.34325 2.10774 1.69525 3.82386 1.41571 1.22177 1.4285 1.21478 0.361617 0.352476 0.677111 0.31477 0.256787 0.60833 1.25953
threshold=0.98314553499221813 13.484848499298097 93.40579986572267 57.979591369628913 0.58571431040763866 16.013139724731449 2.5000000000000004 20.338431358337406 25.066986083984379 3.5000000000000004 93.127067565917983 17.188263893127445 93.788581848144545 86.855396270751967 85.201290130615249 0.98772960901260387 22.682869911193851 79.557674407958999 62.303319931030281 53.866081237792976 88.989898681640639 29.323286056518558 63.661756515502937 45.954339981079109 0.11751774698495866 81.326007843017592 26.642148017883304 0.6904762089252473 1.0000000180025095e-35 96.014438629150405
decision_type=2 2 2 2 2 2 2 2 2 2 2 2 2 2 2 2 2 2 2 2 2 2 2 2 2 2 2 2 2 2
left_child=1 13 6 4 12 -6 7 11 10 -10 -8 -3 -4 14 17 20 -9 18 -1 -5 21 -2 -21 -15 -25 -26 -22 28 29 -17
right_child=15 2 3 19 5 -7 8 16 9 -11 -12 -13 -14 23 -16 27 -18 -19 -20 22 26 -23 -24 24 25 -27 -28 -29 -30 -31
leaf_value=0.13076780801379301 0.11394827360377642 -0.0028341300747063707 0.24940182276654357 0.21256967564370033 -0.013855255419038962 0.023574519092081411 -0.027902397321694236 0.067196590433000566 0.0412950813660845 -0.03707298245081396 -0.23044789767418092 0.020254844271031122 0.053732169781133536 0.014095299995378015 -0.19774190104437089 0.080144818605375506 0.15829741894382729 -0.01194074649468913 -0.011987537266243607 0.02099137768750094 0.080076062163216194 -0.10922583811902374 0.082914759622704712 0.087701707279826527 -0.0097396268668942815 0.08351443341336541 0.15911928856434976 0.08185865366815423 0.08049025319087065 -0.13441213661334733
leaf_weight=2.49220328964293 0.692857712361726 1213.2921553349443 0.64957006403710504 0.46939560770988364 65.428847015835345 46.8245465021173 80.12075909084524 18.639187897468222 30.647566170460777 21.462796752690338 1.4496984806901299 55.670651368709514 7.8175979636289412 0.62286919355392267 0.78711788496002633 0.41701265366282325 1.7806438824918576 3.3813155151437968 2.3176276911981404 2.5011653127148739 0.34548354390426528 0.24971376912435517 10.707000574606353 5.7791567175881937 0.78022315120324526 1.3791636943351475 4.833461930626072 6.6602889240602963 1.4088766383356415 0.30185935064218938
leaf_count=192 236 118149 58 2 2819 4027 5311 2071 2204 1304 136 5856 591 3 7 337 219 26 17 1156 581 7 18138 190 13 55 156 13411 3174 62
internal_value=0.000734775 -0.000210579 -0.000678643 0.0135377 0.00645618 0.00175792 -0.00202128 -0.000602355 -0.0157071 0.00901747 -0.0315021 -0.00182119 0.0687432 0.0413519 0.0113714 0.100599 0.0751407 0.0314659 0.0619808 0.0760406 0.138599 0.0548232 0.0711886 0.072792 0.0773974 0.0498202 0.153846 0.0741293 0.0499348 -0.00994914
internal_weight=1589.91 1575 1557.46 134.398 120.721 112.253 1423.06 1289.38 133.681 52.1104 81.5705 1268.96 8.46717 17.5397 8.97826 14.9096 20.4198 8.19115 4.80983 13.6776 6.12152 0.942571 13.2082 8.56141 7.93854 2.15939 5.17895 8.78804 2.12775 0.718872
internal_count=180508 162544 162041 26791 7495 6846 135250 126295 8955 3508 5447 124005 649 503 242 17964 2290 235 209 19296 980 243 19294 261 258 68 737 16984 3573 399
is_linear=0
shrinkage=0.08


Tree=98
num_leaves=31
num_cat=0
split_feature=14 0 4 0 4 0 0 9 13 4 4 0 14 1 9 14 13 4 0 13 4 14 1 2 7 1 9 9 5 1
split_gain=20.9908 4.75152 24.8805 8.96482 25.936 16.2277 8.71941 5.58821 5.35439 4.84807 3.65289 6.95986 6.84848 5.36308 4.75647 3.61585 3.10849 2.17322 4.9221 3.27247 2.03294 1.72115 1.10737 0.960721 1.28573 0.676264 0.604562 0.400214 0.250178 1.30507
threshold=0.98314553499221813 21.680376052856449 23.629112243652347 27.475490570068363 29.459980010986332 31.400560379028324 33.520599365234382 71.465583801269545 1.0000000180025095e-35 25.19841289520264 21.52509689331055 20.169491767883304 0.19853325188159945 30.368906021118168 66.846843719482436 0.29078319668769842 1.0000000180025095e-35 22.401432991027836 24.068965911865238 1.5000000000000002 17.267080307006839 0.98772960901260387 27.681992530822757 88.989898681640639 29.323286056518558 39.696969985961921 57.212205886840827 68.588039398193374 0.6904762089252473 83.225109100341811
decision_type=2 2 2 2 2 2 2 2 2 2 2 2 2 2 2 2 2 2 2 2 2 2 2 2 2 2 2 2 2 2
left_child=1 8 15 7 6 -6 -5 16 25 -9 11 20 14 -14 -12 17 -4 19 -19 -3 -10 23 -13 24 -2 26 -1 -27 29 -23
right_child=21 2 3 4 5 -7 -8 9 10 -11 12 22 13 -15 -16 -17 -18 18 -20 -21 -22 28 -24 -25 -26 27 -28 -29 -30 -31
leaf_value=0.15269764570144095 0.11261522816877245 -0.094609769403874527 0.053796358600613665 -0.10078035052551934 0.055033334066963702 -0.0010571444698867774 0.03878506731379204 0.0029752489630998982 -0.0030600618290736931 0.064608535207294843 -0.080466685763911625 -0.19825234739248004 -0.14210297936652513 0.038793933568784252 0.14278481780374197 0.026762455643708462 -0.080627843330939919 0.085217387331634073 -0.10776615066734246 -0.18615294437762189 0.027955615093427238 -0.086060978447203368 -0.085953001070374277 0.14357010734364536 -0.10277433680842128 -0.081876764084905171 0.087431080672195419 0.072030223768268647 0.081729548383882092 0.080056970936992697
leaf_weight=1.8302716372418211 0.64686111587797945 6.6733041678962781 1.5551158217131149 21.520333569555081 33.819862448697677 1380.4101911849866 3.3048794015485319 11.693687598919494 27.35586396115832 27.091428496642038 0.69305963639635404 0.85196290002204422 1.4208555500954387 4.0066766560776159 5.1438246555626392 1.3723755813844025 3.769997603725642 1.0918059249524947 3.7546140331833158 3.9955994624178857 26.751601391704753 0.37184595910366591 1.6510570633690802 5.1078281625523232 0.24437955726170912 0.16453696475946333 1.8032120269490404 0.31543145852629095 6.1575408531061839 1.6271730677981395
leaf_count=20 236 927 224 2795 1521 151539 435 143 807 343 249 41 19 72 61 21 1513 51 459 228 604 58 147 737 7 65 209 51 13411 3515
internal_value=0.000687563 -0.000185726 -0.00114923 -4.98246e-05 -0.00113875 0.000284202 -0.0822006 0.0354753 0.0198912 0.0460261 0.0145201 0.00624142 0.0561253 -0.00856247 0.116276 -0.0977045 -0.0413714 -0.108714 -0.0642906 -0.128894 0.0122746 0.09767 -0.124177 0.130197 0.0535551 0.108518 0.120307 0.0192697 0.0737466 0.0491567
internal_weight=1586.2 1572.04 1500.05 1483.17 1439.06 1414.23 24.8252 44.1102 71.9884 38.7851 67.8749 56.6105 11.2644 5.42753 5.83688 16.8877 5.32511 15.5153 4.84642 10.6689 54.1075 14.1556 2.50302 5.99907 0.891241 4.11345 3.63348 0.479968 8.15656 1.99902
internal_count=180508 162544 160199 158513 156290 153060 3230 2223 2345 486 2000 1599 401 91 310 1686 1737 1665 510 1155 1411 17964 188 980 243 345 229 116 16984 3573
is_linear=0
shrinkage=0.08


Tree=99
num_leaves=31
num_cat=0
split_feature=9 0 11 0 1 3 3 5 9 9 13 9 0 4 7 13 3 5 1 7 7 3 4 0 1 9 8 1 4 9
split_gain=9.77017 14.0116 6.49201 4.78282 32.3443 15.5629 12.7075 12.898 11.7701 13.0619 9.18106 8.89113 7.38413 7.05163 6.36508 3.80081 4.10168 5.30728 5.21998 3.34528 10.2174 69.2109 3.17418 5.15041 4.88503 2.96702 1.75126 1.81557 1.6693 1.72355
threshold=98.006622314453139 55.848154067993171 1.0000000180025095e-35 48.050632476806648 52.704679489135749 41.444372177124031 27.475490570068363 0.31666667759418493 52.957075119018562 80.151515960693374 1.0000000180025095e-35 74.037036895751967 45.035211563110359 60.49571609497071 12.19912624359131 1.0000000180025095e-35 47.478813171386726 0.23611111193895343 59.317129135131843 19.560612678527836 19.443043708801273 85.880397796630874 39.415279388427741 34.851621627807624 52.240802764892585 53.866081237792976 42.88975906372071 71.834934234619155 22.401432991027836 68.588039398193374
decision_type=2 2 2 2 2 2 2 2 2 2 2 2 2 2 2 2 2 2 2 2 2 2 2 2 2 2 2 2 2 2
left_child=2 15 3 6 8 25 10 11 -5 -10 -1 -8 -12 -7 -9 -2 22 18 -18 20 26 -22 23 -17 -24 -6 27 -3 -4 -30
right_child=1 19 28 4 5 13 7 14 9 -11 12 -13 -14 -15 -16 16 17 -19 -20 -21 21 -23 24 -25 -26 -27 -28 -29 29 -31
leaf_value=0.12305458423514749 0.082776072711695112 0.084111650692246923 -0.0018525408648124545 -0.08366234332265611 0.22981939384825709 -0.014538395341399236 -0.057868984133293749 0.043074449649533546 0.23906558345790679 0.081670845689744087 0.0056753109703730651 -0.017857929209733954 0.33625873193588068 0.0013264044503695728 -0.078336206166555761 0.011488075180196242 -0.032690150876800238 0.08151637860364172 -0.17231423268590246 0.10419293636901805 -6.3311751918450874 0.080205770077217867 0.103400268059924 -0.053814135275195803 -0.0014937700475665049 0.094400324309371536 0.058098748338796843 -0.14187666149585951 -0.0355350605872903 0.10564213596191011
leaf_weight=4.6234328409191212 3.9894393376016515 0.37530599383172614 1.5428870739415277 1.8299640360928631 1.2759084879944556 221.96493638321408 55.532099066214869 23.014469410583846 4.9012496692594132 10.83260158356279 85.86180184292607 98.757068762497511 0.43462030403315921 933.03786789617152 3.1407042320352039 57.297571882605553 6.72737988992594 1.8194006046396669 2.2994047732790932 10.765629487606928 0.012477572308852269 0.079011502442881465 5.4184332182630879 8.9351698029786331 5.9746565741952509 5.4950685587828048 20.062129891040968 0.57779853561078198 0.61588433745782811 5.459200830271584
leaf_count=241 511 32 19 831 109 29900 22706 3395 89 133 4469 1095 5 82543 770 754 114 786 97 9986 10 144 50 57 110 294 18772 81 57 2348
internal_value=0.000634188 0.022161 -0.00120115 -0.00158795 0.000615485 -0.00101351 -0.011164 -0.0234525 0.108366 0.130701 0.0132245 -0.0322588 0.00734025 -0.00172244 0.0284955 0.00639342 0.00294912 -0.043133 -0.0682568 0.0679027 0.0493926 -0.794199 0.00938789 0.00267844 0.0483927 0.119918 0.0530651 -0.0528888 0.0724573 0.0913298
internal_weight=1582.65 124.334 1458.32 1450.7 1179.34 1161.77 271.364 180.444 17.5638 15.7339 90.9199 154.289 86.2964 1155 26.1552 92.4615 88.472 10.8462 9.02678 31.8724 21.1067 0.0914891 77.6258 66.2327 11.3931 6.77098 21.0152 0.953105 7.61797 6.07509
internal_count=180508 31504 149004 146580 113899 112846 32681 27966 1053 222 4715 23801 4474 112443 4165 2479 1968 997 211 29025 19039 154 971 811 160 403 18885 113 2424 2405
is_linear=0
shrinkage=0.08


Tree=100
num_leaves=31
num_cat=0
split_feature=14 10 9 14 5 14 8 13 10 7 9 7 7 8 8 9 7 8 2 2 13 3 2 14 3 0 2 4 0 14
split_gain=17.0312 4.62235 15.5418 10.81 9.224 7.79928 10.432 4.0391 39.1985 15.7648 16.5588 8.2614 7.85846 3.80173 5.4885 4.82701 3.05233 4.51569 3.02358 2.81196 2.73395 5.35051 14.9715 2.15851 1.36281 61.7283 1.10553 1.04475 37.4924 0.832458
threshold=0.98314553499221813 -1.0000000180025095e-35 39.482063293457038 0.64402773976326 1.0000000180025095e-35 0.36395762860774999 43.341543197631843 1.0000000180025095e-35 1.0000000180025095e-35 10.603652477264406 60.248685836791999 6.4860010147094735 7.3471546173095712 38.11738586425782 37.47340393066407 82.679485321044936 15.882828235626222 21.833460807800297 99.523811340332045 73.746868133544936 1.0000000180025095e-35 89.417694091796889 88.989898681640639 0.40679118037223821 41.444372177124031 52.689416885375984 88.989898681640639 86.899311065673842 88.396572113037124 0.98772960901260387
decision_type=2 2 2 2 2 2 2 2 2 2 2 2 2 2 2 2 2 2 2 2 2 2 2 2 2 2 2 2 2 2
left_child=1 2 16 7 13 19 -7 8 11 10 -9 -3 -10 14 -4 -15 24 -18 -19 -6 21 -5 -23 -11 25 -1 -2 28 -22 -28
right_child=26 3 4 20 5 6 -8 9 12 23 -12 -13 -14 15 -16 -17 17 18 -20 -21 27 22 -24 -25 -26 -27 29 -29 -30 -31
leaf_value=-0.080075618824016731 0.055973644032451517 0.046730322583524928 0.07431568649625421 0.08218876103915225 -0.070379664129737507 0.022039826422247898 -0.012785546322340718 -0.050985002224291524 0.14266378215164496 0.19799673951851138 -0.0015209913433809441 -0.00043379837637786463 0.051070922236496154 0.005481882252186516 0.39142885403727939 0.080536808141328187 0.22578006576606274 -0.06633044305117021 0.036907560964520143 0.059957675283037616 0.052007178955727554 -0.19739327739295906 0.05968603757418519 0.083170623080973324 -0.076824403177451386 4.9768037048365583 0.130456365100346 0.080051025039553941 -2.9803134941026976 0.081763685790746679
leaf_weight=0.65947491212864662 3.6827038660121607 24.675603311625309 5.6677971927565514 4.0870059853477851 15.01135240623262 73.39593850352685 220.23810033948394 48.635350627475418 14.247047317534454 1.2017679922282685 395.89598603179911 646.89455789461499 10.350492688477969 22.034159180650025 0.37224685237742949 7.3012086268863632 0.45817990100476791 5.5047861446219013 2.70914485771209 1.1398172621265974 15.276181444962276 2.3045951817184687 3.9088446713285521 8.1747769881912955 24.362414007744519 0.015819556079804897 4.8662735551042697 10.026453434678841 0.026140627596760946 4.1748455439665122
leaf_count=973 6351 1559 300 2286 12255 4669 13167 18682 639 12 8396 14521 318 707 48 2122 38 3190 433 757 13606 1332 4745 495 35650 8 737 21596 40 10876
internal_value=0.000740117 -9.54616e-06 -0.00770202 0.00244845 -0.00263838 -0.00705774 -0.00408069 0.00110397 0.00493218 -0.00476744 -0.00693276 0.00129916 0.104122 0.0360623 0.0938593 0.0241621 -0.0595495 -0.0186459 -0.0322802 -0.0611815 0.0458469 0.0110964 -0.0356659 0.0978876 -0.073717 0.0383876 0.0929219 0.0599789 0.0468271 0.107972
internal_weight=1577.3 1564.58 378.87 1185.7 345.161 309.785 293.634 1150.08 696.168 453.908 444.531 671.57 24.5975 35.3754 6.04004 29.3354 33.7098 8.67211 8.21393 16.1512 35.6292 10.3004 6.21344 9.37654 25.0377 0.675294 12.7238 25.3288 15.3023 9.04112
internal_count=180508 162544 74317 88227 34025 30848 17836 44622 17037 27585 27078 16080 957 3177 348 2829 40292 3661 3623 13012 43605 8363 6077 507 36631 981 17964 35242 13646 11613
is_linear=0
shrinkage=0.08


Tree=101
num_leaves=31
num_cat=0
split_feature=14 13 4 3 8 14 0 2 3 4 0 1 4 2 1 3 5 4 5 0 1 2 2 8 3 4 14 0 2 1
split_gain=15.2753 4.3816 6.05476 5.70611 5.8452 4.1839 6.44449 4.07418 16.6266 10.3673 13.0816 9.90527 16.2407 8.91821 20.4885 8.65515 8.10827 7.65747 7.52504 5.41144 3.98054 3.60098 3.0745 2.52338 4.36945 1.95114 3.80487 3.36798 1.02862 1.87405
threshold=0.98314553499221813 2.5000000000000004 35.948717117309577 29.459980010986332 96.563533782958999 0.40008068084716802 42.94755935668946 80.229885101318374 91.010101318359389 87.226108551025405 80.217391967773452 92.031745910644545 83.910789489746108 91.945945739746108 97.999198913574233 83.43881988525392 0.47222222387790685 80.810150146484389 0.58571431040763866 97.332859039306655 41.277891159057624 41.060766220092781 79.388423919677749 45.246784210205085 45.512083053588874 17.267080307006839 0.14652323722839358 20.169491767883304 88.762622833251967 95.861873626708999
decision_type=2 2 2 2 2 2 2 2 2 2 2 2 2 2 2 2 2 2 2 2 2 2 2 2 2 2 2 2 2 2
left_child=1 7 3 25 20 23 -7 9 11 10 16 17 -13 14 -10 -12 -1 -9 -15 22 -5 -8 -11 -4 -25 26 -3 -27 29 -2
right_child=28 2 5 4 -6 6 21 8 13 19 15 12 -14 18 -16 -17 -18 -19 -20 -21 -22 -23 -24 24 -26 27 -28 -29 -30 -31
leaf_value=-0.0085844643981427618 -0.053184146704810753 0.043305594711252032 0.22914172402950631 -0.021739204026674664 0.035118741744263361 -0.19220106111768767 -0.092536114265722433 0.013118686474360642 -0.051762055495652631 0.10538472666701137 0.019037716238864161 -0.13174482238859683 0.022671111464127022 0.067507807712605117 0.0029057227021629813 -0.08854489645333441 0.0068018812257392945 0.057531606708301028 0.0048827562423512175 -0.18742281024232074 -0.13198762677539841 0.044260035706574316 -0.038283625170109845 0.098157777237113969 -0.089681837703985065 0.10087548295125562 -0.12548471170947109 0.012796515026659412 0.10491673200073547 0.086107623411263448
leaf_weight=625.94749841553858 0.81024934884044286 2.050373159581802 0.77654487884138035 3.7579612589324807 3.8954477664083234 0.82793539017439144 1.3161825196584711 40.582768263295293 65.484733105025953 8.6091180421790288 6.4013157736917519 5.9374194356205434 16.398758709139656 13.286995789938372 132.96479405611171 18.966013589815702 337.32508560616407 64.070453461725265 162.0017767019599 0.47380716062616635 4.7390344779705629 19.15303502259485 1.072013863973553 7.5499123274930735 0.88551829929929216 4.0282943607307962 1.4657262116670606 8.9551814533770067 8.6598500594554917 2.6077170707430923
leaf_count=76705 254 66 25 45 34 22 46 2442 3819 1830 585 337 1052 3924 9094 1097 21864 5286 24186 19 63 9378 46 182 51 106 31 209 11896 5814
internal_value=0.000627346 -6.70035e-05 0.0212425 -0.00500374 -0.0460269 0.0460976 0.0266134 -0.000911144 0.00497825 -0.00386369 -0.00468973 0.0299869 -0.0183758 -0.00351924 -0.0151336 -0.061397 -0.00319637 0.040309 0.00962977 0.0765565 -0.0832281 0.035464 0.089476 0.0911429 0.0784391 0.0258078 -0.0270566 0.0401242 0.0902493 0.0530877
internal_weight=1571 1558.92 59.4011 28.892 12.3924 30.5091 21.2972 1499.52 500.728 998.795 988.64 126.989 22.3362 373.738 198.45 25.3673 963.273 104.653 175.289 10.1549 8.497 20.4692 9.68113 9.21198 8.43543 16.4996 3.5161 12.9835 12.0778 3.41797
internal_count=180508 162544 10258 554 142 9704 9446 152286 50140 102146 100251 9117 1389 41023 12913 1682 98569 7728 28110 1895 108 9424 1876 258 233 412 97 315 17964 6068
is_linear=0
shrinkage=0.08


Tree=102
num_leaves=31
num_cat=0
split_feature=14 10 9 14 5 14 8 3 2 4 1 3 3 4 2 13 9 2 2 8 8 13 3 1 2 1 14 2 1 8
split_gain=13.8359 4.42735 15.5289 9.58431 8.09774 7.02676 8.78333 3.73966 9.08204 7.65647 3.68454 11.3266 8.70872 11.1309 10.8265 6.21042 4.29144 3.00509 10.585 13.892 3.15306 2.61558 4.74296 16.0748 2.54204 1.69376 3.75733 0.954044 1.72458 1.07458
threshold=0.98314553499221813 -1.0000000180025095e-35 39.482063293457038 0.64402773976326 1.0000000180025095e-35 0.36395762860774999 43.341543197631843 74.601570129394545 54.446641921997077 75.809822082519545 42.179391860961921 28.759398460388187 46.709957122802741 49.018096923828132 43.521308898925788 1.0000000180025095e-35 79.557674407958999 81.769306182861342 81.872947692871108 30.449178695678714 26.198685646057132 1.0000000180025095e-35 89.417694091796889 62.397541046142585 73.746868133544936 89.699382781982436 0.95388785004615795 88.762622833251967 95.861873626708999 94.600204467773452
decision_type=2 2 2 2 2 2 2 2 2 2 2 2 2 2 2 2 2 2 2 2 2 2 2 2 2 2 2 2 2 2
left_child=1 2 17 10 7 24 -7 8 -4 -9 11 15 13 -12 -14 -3 -13 -1 19 -19 -20 22 -5 -24 -6 26 -23 28 29 -2
right_child=27 3 4 21 5 6 -8 9 -10 -11 12 16 14 -15 -16 -17 -18 18 20 -21 -22 25 23 -25 -26 -27 -28 -29 -30 -31
leaf_value=-0.07792792258461527 0.08385587833258118 0.11232321110617539 0.01160897134838435 0.081976687835771514 -0.069525621953617597 0.019951354342670119 -0.011961718639120562 -0.066986308706392522 0.11248430798778693 0.066770214253682236 0.013471396708480235 -0.077173822513461693 -0.040971167866577278 0.084924678015309799 0.0019631197522273964 0.001342721882725398 -0.02631162052971538 1.763473105418297 0.07177350582128561 0.21793765559148129 -0.056060901426006601 0.043693419579230869 -1.4105863860087047 -0.019758140468509204 0.051047069931787425 0.080368607464070013 -0.29506122730756845 0.10320561975311059 0.085989079334531898 -0.11130783986869368
leaf_weight=21.348930959851714 0.26712923555169199 3.321981970453634 14.341419779520949 3.7329135091858898 13.931991411460329 73.636594915878959 220.39606281812303 5.8718101573176664 9.4930762625735934 5.1334017285262235 123.35853785049403 14.294864676136056 39.460288841568399 15.732412049139382 792.66956892466987 112.94491648051189 41.2619340531528 0.043392188730648651 1.4140742304734875 0.26171607326250523 9.7433848684304376 12.012020224647129 0.053629212547093519 6.4001532000256702 1.2168313752044913 11.696509264133056 0.21327116317115802 8.1212080248078546 2.4104157037654659 0.55715398114989512
leaf_count=35774 147 172 1123 2286 12255 4669 13167 343 1047 664 8016 4922 2980 1020 22076 5129 307 25 308 100 4085 10806 15 6062 757 23975 461 11896 5814 107
internal_value=0.00058777 -5.51793e-05 -0.00760229 0.00236082 -0.00258688 -0.006707 -0.00396951 0.0339767 0.0517868 -0.00459533 0.00111385 -0.00968474 0.00302429 0.0215534 -7.28598e-05 0.00451366 -0.0393986 -0.0601877 -0.0271467 0.437742 -0.0398594 0.0441491 0.0102004 -0.0313156 -0.0598406 0.0586056 0.0377838 0.0885714 0.0518299 -0.0480602
internal_weight=1565.34 1553.99 376.833 1177.15 344.021 309.181 294.033 34.8397 23.8345 11.0052 1143.04 171.824 971.221 139.091 832.13 116.267 55.5568 32.8115 11.4626 0.305108 11.1575 34.1085 10.1867 6.45378 15.1488 23.9218 12.2253 11.3559 3.2347 0.824283
internal_count=180508 162544 74317 88227 34025 30848 17836 3177 2170 1007 44622 10530 34092 9036 25056 5301 5229 40292 4518 125 4393 43605 8363 6077 13012 35242 11267 17964 6068 254
is_linear=0
shrinkage=0.08


Tree=103
num_leaves=31
num_cat=0
split_feature=14 10 9 14 8 5 5 2 1 4 1 8 9 2 6 1 2 3 1 1 8 8 8 4 2 4 2 1 4 8
split_gain=12.5719 3.8129 14.2852 8.61669 6.98261 6.95549 6.40988 3.41044 8.70595 11.9469 6.33954 3.19277 3.15429 3.02232 10.6224 2.78342 2.57408 6.17851 6.43273 2.3165 3.0256 2.0353 1.63313 7.26359 1.61161 0.96964 0.865088 1.58662 0.933191 0.54817
threshold=0.98314553499221813 -1.0000000180025095e-35 39.482063293457038 0.64402773976326 26.198685646057132 1.0000000180025095e-35 0.31666667759418493 14.459930419921877 35.948717117309577 17.267080307006839 35.424837112426765 25.728429794311527 82.679485321044936 99.523811340332045 4.5000000000000009 84.273937225341811 88.989898681640639 84.475742340087905 89.699382781982436 37.590579986572273 88.249099731445327 60.805404663085945 23.345499038696293 84.134246826171889 61.143791198730476 63.702239990234382 88.762622833251967 95.861873626708999 78.319625854492202 37.981754302978523
decision_type=2 2 2 2 2 2 2 2 2 2 2 2 2 2 2 2 2 2 2 2 2 2 2 2 2 2 2 2 2 2
left_child=1 2 13 7 11 12 -7 19 10 -10 -9 25 -6 22 15 -15 17 24 -19 21 -21 -3 23 -1 -5 -4 27 28 -2 -24
right_child=26 3 4 16 5 6 -8 8 9 -11 -12 -13 -14 14 -16 -17 -18 18 -20 20 -22 -23 29 -25 -26 -27 -28 -29 -30 -31
leaf_value=-0.087832886974729935 0.083532934241981549 0.076992931471516285 0.14740944766763531 0.0056180024611723091 0.01893691309648567 -0.048710108460544563 -0.0040061635240209942 -0.020602383315015706 -0.17948588069561708 0.0026897567198778277 -0.12379093755795277 0.29192311399126453 0.080505433827952819 0.24905044712916963 0.91472988902346442 -0.030236291344422007 0.073122101495133887 -0.096648244287094981 0.031635152068918919 -0.097769363579782206 0.083766604899093378 0.022073982290386485 -0.080301708296499325 0.29111673398508198 0.084335838001299276 0.039629019584592834 0.10156937826133403 0.085851688312969396 -0.10267736717058962 -0.0495656949501957
leaf_weight=1.3154490474844411 0.24933863550540847 7.014602189883596 0.85473203676519904 2.0631714197224964 27.34414877492236 22.122555737820221 284.72261658305069 68.791084772383329 2.3089471057755864 1044.7010843604367 4.033878269721753 0.56876155608915713 6.6136261625069883 0.2413673346163695 0.080015097744762786 4.2444747149711475 11.496514430618843 4.0314302694459894 6.5929041354393121 1.7556001296034076 0.8831648090854286 11.23779167421162 20.211656660714656 0.42938743426930148 8.6148972104128898 1.4245608989731406 7.612683175568236 2.22851558002003 0.55706506720161997 4.5495746461674562
leaf_count=914 136 249 36 811 1010 7577 23162 4064 108 39497 379 23 2160 41 4 1163 25464 3622 7411 65 50 210 31975 55 6297 57 11896 5814 118 6140
internal_value=0.000539935 -5.58468e-05 -0.00708153 0.00218755 -0.00238471 -0.00342717 -0.00722918 0.00102516 0.000427697 0.00228801 -0.0263181 0.122359 0.030928 -0.0590277 0.001088 -0.0152089 0.0426149 0.0261507 -0.0170423 0.033051 -0.0370113 0.04318 -0.069383 0.00542296 0.0691263 0.0800465 0.0871715 0.0510563 -0.0451015 -0.0746543
internal_weight=1558.9 1548.25 374.723 1173.53 343.651 340.803 306.845 1140.73 1119.83 1047.01 72.825 2.84805 33.9578 31.0719 4.56586 4.48584 32.7989 21.3024 10.6243 20.8912 2.63876 18.2524 26.5061 1.74484 10.6781 2.27929 10.6476 3.03492 0.806404 24.7612
internal_count=180508 162544 74317 88227 34025 33909 30739 44622 44048 39605 4443 116 3170 40292 1208 1204 43605 18141 11033 574 115 459 39084 969 7108 93 17964 6068 254 38115
is_linear=0
shrinkage=0.08


Tree=104
num_leaves=31
num_cat=0
split_feature=14 7 6 6 7 8 1 5 7 4 5 1 7 8 14 1 4 14 13 8 2 5 8 14 4 14 7 1 9 14
split_gain=11.4255 3.95674 17.4687 10.7341 33.0002 15.7863 24.4767 15.2916 8.2909 7.03004 6.58538 9.5148 6.50406 5.92758 11.4873 10.8503 5.87687 8.66599 5.42797 6.52249 4.71849 3.81511 3.60499 4.75829 3.80526 3.44292 2.15124 1.81462 1.71281 1.66211
threshold=0.98314553499221813 16.657057762146 2.5000000000000004 1.5000000000000002 10.813905239105226 96.014438629150405 56.294013977050788 0.23611111193895343 22.244734764099125 59.317129135131843 0.58571431040763866 92.63776016235353 20.960980415344242 63.661756515502937 0.43391168117523199 74.133811950683608 87.939392089843764 0.87976694107055675 1.0000000180025095e-35 26.198685646057132 84.028984069824233 0.38750000298023229 55.829053878784187 0.37501408159732824 75.582656860351577 0.90606895089149486 30.45053863525391 81.754161834716811 91.689685821533217 0.95388785004615795
decision_type=2 2 2 2 2 2 2 2 2 2 2 2 2 2 2 2 2 2 2 2 2 2 2 2 2 2 2 2 2 2
left_child=1 3 12 4 13 7 -7 -6 16 28 26 -12 21 14 -1 -15 17 -4 19 -11 -18 27 23 -14 -24 -23 -10 -3 -5 -20
right_child=-2 2 8 9 5 6 -8 -9 10 18 11 -13 22 15 -16 -17 20 -19 29 -21 -22 25 24 -25 -26 -27 -28 -29 -30 -31
leaf_value=-0.00022877688439816189 0.085813998811753917 -0.095382371800933938 -0.043825210958699436 -0.063840373040909268 -0.10830845707193484 -2.3975316941229448 -0.16585859838919276 0.070939967591925848 -0.042593501904561792 -0.0049108040193791723 0.051554316618410485 -0.0037413783489927011 0.070326413418258099 0.0023358907844868958 -0.028227684176443339 0.052399988442008195 0.1275456032268357 -0.22436742686842459 0.07824813609103605 -0.028833894213406559 -0.011170907331252958 0.035718445976765295 -0.065457099836984375 0.18991350088373593 0.08195388022979809 -0.016842235819414849 -0.15353371048451084 0.049870507995311078 0.082689067726317816 -0.069593680611646336
leaf_weight=419.7564308453002 9.9812173681420955 2.3254397094424344 31.387369367730571 19.086524694779659 3.2018468426540485 0.032274134806356325 1.2373869580624157 62.56053491673083 2.7252478260197668 245.78716328229348 26.082593596773222 84.233713694891776 5.6039327532052976 258.70231653306109 120.76181841554353 31.02876690471021 1.695543551788435 1.7990632107248519 5.4251246859057565 103.71764596586581 21.090487993278657 75.05419896262174 1.7160330702317868 3.4344922882883111 3.2307183754310245 8.9243793058558349 1.8975175257364751 0.72114828345365811 0.52458474162267421 0.53464312946016423
leaf_count=66547 17964 252 2135 3877 1789 3 404 5914 206 2089 2654 10418 193 6324 5151 12445 40 351 5968 16651 2700 7576 282 327 1605 4983 61 39 132 1428
internal_value=0.000496794 -5.4641e-05 0.00870483 -0.00192667 0.00282408 0.0568183 -0.222587 0.0622127 -0.00688333 -0.0132917 0.00541251 0.00933244 0.0350803 -0.00153526 -0.00648425 0.00769751 -0.0321328 -0.0536125 -0.0107192 -0.0120101 -0.000848799 0.0269424 0.0857196 0.115768 0.0308169 0.0301328 -0.0881314 -0.061 -0.0599208 0.0649854
internal_weight=1554.26 1544.28 271.922 1272.36 897.281 67.032 1.26966 65.7624 170.912 375.076 114.939 110.316 101.01 830.249 540.518 289.731 55.9725 33.1864 355.465 349.505 22.786 87.0252 13.9852 9.03843 4.94675 83.9786 4.62277 3.04659 19.6111 5.95977
internal_count=180508 162544 33822 128722 98577 8110 407 7703 18565 30145 13339 13072 15257 90467 71698 18769 5226 2486 26136 18740 2740 12850 2407 520 1887 12559 267 291 4009 7396
is_linear=0
shrinkage=0.08


Tree=105
num_leaves=31
num_cat=0
split_feature=14 0 4 0 0 4 14 13 14 0 4 0 8 14 8 2 8 8 10 3 14 8 14 14 4 2 0 10 10 8
split_gain=10.2987 3.80241 28.1017 13.6844 13.0508 15.9286 9.36559 7.34819 7.0356 6.37905 6.35995 18.191 5.41444 3.91765 5.15811 3.79692 3.216 4.32861 3.09074 2.97524 2.17636 2.16963 1.43805 1.85083 1.10652 0.819558 0.912883 0.438019 0.689505 0.619244
threshold=0.98314553499221813 25.176055908203129 26.747966766357425 33.520599365234382 30.0684928894043 35.043859481811531 0.33928942680358892 2.5000000000000004 0.28322711586952215 32.495286941528327 22.401432991027836 21.680376052856449 86.162029266357436 0.28531220555305487 95.256843566894545 30.848532676696781 72.298423767089858 66.823898315429702 1.0000000180025095e-35 25.19841289520264 0.22581631690263751 85.777496337890639 0.21545267850160602 0.22442629933357242 20.550528526306156 88.762622833251967 88.396572113037124 1.0000000180025095e-35 -1.0000000180025095e-35 96.014438629150405
decision_type=2 2 2 2 2 2 2 2 2 2 2 2 2 2 2 2 2 2 2 2 2 2 2 2 2 2 2 2 2 2
left_child=1 10 3 21 8 9 -5 -7 15 -6 11 18 -10 14 -13 -4 17 19 -1 -12 -20 24 -18 -24 -3 26 27 28 -2 -30
right_child=25 2 4 6 5 7 -8 -9 12 -11 16 13 -14 -15 -16 -17 22 -19 20 -21 -22 -23 23 -25 -26 -27 -28 -29 29 -31
leaf_value=0.10169377523346518 0.080185533104500634 -0.024294841545068804 0.072855601633449743 -0.080634511451134053 -0.0094934855699550999 -0.00030044239596590329 0.80640029388988288 0.039859361238021578 -0.056461456877464143 -0.064729546483765388 0.068006656226526213 -0.11912333787971935 0.046897402226275954 0.097949553559449273 -0.38817319573397979 -0.035339360131726741 0.091575677844876677 -0.063474367192935435 0.016587014815417252 -0.021362731290933051 -0.029359438665912729 -0.15784186569342226 -0.033645394388410049 0.062657211866607665 -0.099508816007720061 0.098753877528598211 -0.1096690982005072 0.08740739039148851 0.080034711270743228 -0.12298209701416241
leaf_weight=2.5056135874183374 0.52149840834317729 1.3854182123905108 27.847634815028872 0.13290792662883077 22.094766920054099 1288.2576343545152 0.17847530543804169 29.834596645698184 6.6018108617572562 33.92947771481704 7.8030542622436787 5.7577185143891247 6.3768058433197439 0.474716241005808 0.49526992812752713 2.2430605107801957 8.4902486358769256 3.3031023619696489 55.048880268994253 3.4329978265741374 7.4963977433508253 4.1635691178962579 1.5612339596264044 7.0212825587950647 12.981881900108418 6.7411136114678811 0.22006073851662211 1.4990540902508656 0.14331848209258047 0.2922033749637194
leaf_count=254 380 151 1334 72 1960 136828 2 9716 138 5016 594 724 62 9 4 722 149 31 1744 526 75 27 31 111 2264 11896 27 5204 374 83
internal_value=0.000478613 -3.16118e-05 -0.00109845 -0.0981544 0.000191958 -0.00116719 0.427787 0.000608562 0.0435553 -0.0429456 0.0147861 0.0016186 -0.00567797 -0.123613 -0.140434 0.0647904 0.0446846 0.0170339 0.0145703 0.0407013 0.0110801 -0.106992 0.0682318 0.0451389 -0.092256 0.083884 0.0464273 0.0604134 0.0181305 -0.0561747
internal_weight=1548.84 1539.42 1436.03 18.8423 1417.19 1374.12 0.311383 1318.09 43.0693 56.0242 103.391 71.7786 12.9786 6.7277 6.25299 30.0907 31.6119 14.5392 65.0509 11.2361 62.5453 18.5309 17.0728 8.58252 14.3673 9.41725 2.67614 2.45607 0.95702 0.435522
internal_count=180508 162544 158292 2516 155776 153520 74 146544 2256 6976 4252 2810 200 737 728 2056 1442 1151 2073 1120 1819 2442 291 142 2415 17964 6068 6041 837 457
is_linear=0
shrinkage=0.08


Tree=106
num_leaves=31
num_cat=0
split_feature=14 9 8 0 9 5 3 8 2 3 10 0 7 8 13 0 14 3 0 9 2 5 14 4 9 7 2 0 10 4
split_gain=9.37098 3.60155 22.7129 10.6574 10.4345 9.65657 15.7366 8.82589 7.79335 5.00469 6.36033 4.20407 3.94544 3.73551 5.37108 11.1889 6.91966 8.29146 7.44621 4.87403 6.57118 5.99702 15.742 8.50594 4.13383 4.13053 3.07924 1.82786 3.10535 1.05684
threshold=0.98314553499221813 50.694578170776374 29.740898132324222 65.345367431640639 41.189094543457038 0.13392857462167743 83.75235748291017 29.519198417663578 80.810150146484389 52.97661209106446 1.0000000180025095e-35 64.051280975341811 7.9240460395812997 45.74815750122071 1.5000000000000002 57.985507965087898 0.41936402022838598 70.659969329833999 51.316701889038093 79.557674407958999 93.40579986572267 0.47222222387790685 0.40679118037223821 81.120250701904311 91.445995330810561 14.043861865997316 44.575162887573249 20.169491767883304 -1.0000000180025095e-35 55.646631240844734
decision_type=2 2 2 2 2 2 2 2 2 2 2 2 2 2 2 2 2 2 2 2 2 2 2 2 2 2 2 2 2 2
left_child=1 2 4 27 9 6 -5 11 -7 12 -11 -6 -1 14 16 24 18 -18 -3 21 25 23 -23 -15 -16 -21 -17 28 -4 -29
right_child=-2 13 3 5 7 8 -8 -9 -10 10 -12 -13 -14 19 15 26 17 -19 -20 20 -22 22 -24 -25 -26 -27 -28 29 -30 -31
leaf_value=0.006641964146363975 0.082676266332691567 0.020406625799351312 0.14029337256183633 0.16504815963495417 -0.033769955931304219 -0.064764286214395186 -0.079634597227972476 0.61171751518522233 -0.0070360610129445687 0.0017528974893692251 0.1338673974300538 0.15072325486151195 -0.085642584129966878 -0.022237841527377594 -0.018076333655089063 -0.10336006545800924 -0.042347873525574745 0.020327570800361849 0.089672486520816885 0.0088379911202432285 0.080046550141038633 0.17001015049351265 0.00094388062426207955 0.082675188361485186 -0.093575580621694798 -0.012453494989053069 0.10401918171056714 -0.077694151807311151 -0.080179461582241873 -0.050386240351110646
leaf_weight=4.9097252882202138 8.8178299197388679 24.591840803390369 0.72388477658387274 4.3905930519103995 1.0901150490972207 22.720718224882148 2.7271020074258558 0.22813301207497705 43.855778452329105 602.48820628097747 2.34122546610888 2.8758462883124594 7.4852452115155756 137.45888394390931 12.067637783591641 0.50692294037435104 16.54376326414058 73.636549134753295 16.663482647709316 320.93664263683604 7.6058684837116735 3.6640455995220682 92.701941521110712 5.1304748536786056 7.5422269157133988 71.26259485220362 4.7714775800268399 30.888901340833399 0.93953485006932058 12.84056785260327
leaf_count=1034 17964 1859 35 358 277 14059 276 25 6817 15248 51 124 2018 7090 589 8 327 3050 713 22314 19733 159 4125 491 59 15301 296 34300 566 11242
internal_value=0.000440964 -3.12567e-05 -0.00404583 -0.0360511 0.00208759 -0.0172683 0.0712994 0.127846 -0.0267371 0.00123305 0.0022643 0.100012 -0.0490881 0.00370774 0.0147922 -0.0192853 0.021245 0.00882963 0.0483839 0.000995035 0.00639759 -0.00804419 0.00737215 -0.018463 -0.0471144 0.00496933 0.0841031 -0.0665446 0.0157656 -0.0696756
internal_weight=1544.41 1535.59 740.506 119.087 621.418 73.6942 7.1177 4.19409 66.5765 617.224 604.829 3.96596 12.395 795.084 156.324 24.8883 131.436 90.1803 41.2553 638.76 399.805 238.955 96.366 142.589 19.6099 392.199 5.2784 45.3929 1.66342 43.7295
internal_count=180508 162544 86430 67653 18777 21510 634 426 20876 18351 15299 401 3052 76114 6901 952 5949 3377 2572 69213 57348 11865 4284 7581 648 37615 304 46143 601 45542
is_linear=0
shrinkage=0.08


Tree=107
num_leaves=31
num_cat=0
split_feature=9 7 11 7 9 2 0 0 4 10 13 7 2 5 5 9 4 8 8 0 8 4 8 7 9 8 8 2 2 9
split_gain=6.21427 9.89659 5.46946 5.3935 9.5854 3.62016 8.64716 9.68709 8.64102 8.11389 12.7705 13.0959 7.7369 7.57749 8.74612 8.03573 7.05188 4.43457 3.26768 4.60314 4.52988 1.95276 1.90226 1.85503 1.63644 1.85295 1.7463 1.24255 1.09823 0.639349
threshold=98.006622314453139 15.037680149078371 1.0000000180025095e-35 14.930132865905763 98.162322998046889 43.521308898925788 69.282051086425795 30.0684928894043 29.459980010986332 1.0000000180025095e-35 1.0000000180025095e-35 10.603652477264406 72.81223297119142 1.0000000180025095e-35 0.31666667759418493 42.461925506591804 36.98005676269532 25.728429794311527 41.961164474487312 51.89995193481446 57.979591369628913 25.866189002990726 47.087102890014656 10.699700832366945 62.617479324340827 94.851249694824233 95.071849822998061 53.694938659667976 19.399641990661625 98.499961853027358
decision_type=2 2 2 2 2 2 2 2 2 2 2 2 2 2 2 2 2 2 2 2 2 2 2 2 2 2 2 2 2 2
left_child=2 3 5 18 -5 6 7 8 -1 13 12 -12 -11 15 -15 -7 -9 -8 21 20 -20 -2 -21 -19 -4 28 -27 -23 -26 -3
right_child=1 29 24 4 -6 9 17 16 -10 10 11 -13 -14 14 -16 -17 -18 23 19 22 -22 27 -24 -25 25 26 -28 -29 -30 -31
leaf_value=-0.0026829059540477568 0.05519902599740089 0.044544937907962281 -0.056314149900480288 -1.2533107260585874 0.080276453539922146 -0.032634384078681952 0.66353461791644353 -0.049320551080942243 0.060914694525887193 0.1252071913884146 -0.00041354801139883383 0.072516702836492586 0.025652768023283836 -0.036815278685183465 -0.0018954996299187783 0.051561731503683199 -0.01206180956758798 0.10039124150060674 0.05597117131031789 -0.069200223906158695 -0.0013849255629414027 -0.047921668903804407 0.055902806913536697 0.35014373038754165 0.0011115983196173468 -0.22517170152601054 0.082136362770155652 -0.14716858261496504 0.10597661388491775 0.093939416556902341
leaf_weight=96.467512888877536 0.95719166425987978 2.0019235631552865 0.60703997884411265 0.059773866407339393 0.08156233886256814 9.4881105795502645 0.10603016614913841 49.901525340930675 15.931009455671299 10.288093732146082 126.64787381640053 17.997166456145351 9.7126142674242129 48.361620469862828 903.3890455327055 30.820358108729124 93.287953117163852 1.5568275060504673 10.090870155399896 0.81403987439989833 69.57185588759603 3.5709164766594768 17.513678191651707 0.21684156102128316 0.72801634250208724 0.23629116163647257 0.23709003157273401 1.0431982410082126 5.2371847841204726 10.336468017994774
leaf_count=6503 8 1148 25 4 155 1192 1 8695 883 532 11467 21572 2480 20262 57263 2461 13047 210 126 127 1716 36 12559 12 14 15 226 79 2144 15546
internal_value=0.000392643 0.0181933 -0.00106076 0.0101347 -0.483724 -0.00141107 -0.00999038 -0.0112477 0.00633122 0.000498581 0.0169456 0.00866065 0.0768622 -0.00223102 -0.00366989 0.031743 -0.0250465 0.160968 0.0108087 0.0141971 0.00588037 -0.0487882 0.0503463 0.130925 0.0692502 0.0810887 -0.0712584 -0.0703603 0.0931785 0.0859251
internal_weight=1537.26 116.041 1421.22 103.703 0.141336 1414.17 257.468 255.588 112.399 1156.7 164.646 144.645 20.0007 992.059 951.751 40.3085 143.189 1.8797 103.562 97.9904 79.6627 5.57131 18.3277 1.77367 7.04562 6.43858 0.473381 4.61411 5.9652 12.3384
internal_count=180508 31504 149004 14810 159 146580 29351 29128 7386 117229 36051 33039 3012 81178 77525 3653 21742 223 14651 14528 1842 123 12686 222 2424 2399 241 115 2158 16694
is_linear=0
shrinkage=0.08


Tree=108
num_leaves=31
num_cat=0
split_feature=14 7 7 7 14 14 5 1 3 0 2 8 9 7 13 2 4 1 5 3 3 5 9 3 5 7 9 0 4 2
split_gain=7.544 3.22189 7.68444 21.0216 12.3428 17.158 8.65262 7.32556 14.7323 15.4103 12.4995 9.64753 18.5873 5.1326 12.9308 10.2814 5.02594 4.33042 9.99085 9.08781 15.0846 11.8383 8.12944 6.20607 10.2344 7.56253 5.31283 4.74437 11.4254 3.76379
threshold=0.98314553499221813 17.188263893127445 11.79202461242676 10.813905239105226 0.69841983914375316 0.98192706704139721 0.23611111193895343 97.590011596679702 99.523811340332045 88.396572113037124 77.303031921386733 57.979591369628913 51.358736038208015 7.7057902812957773 1.0000000180025095e-35 74.023338317871108 80.243904113769545 92.63776016235353 0.64583334326744091 94.804317474365249 88.548007965087905 0.86607143282890331 82.167320251464858 91.945945739746108 0.81666666269302379 22.682869911193851 80.151515960693374 93.582702636718764 94.957626342773452 72.377109527587905
decision_type=2 2 2 2 2 2 2 2 2 2 2 2 2 2 2 2 2 2 2 2 2 2 2 2 2 2 2 2 2 2
left_child=1 2 3 13 6 -6 -5 8 10 -10 -4 16 -13 14 -1 -15 -9 18 22 20 29 -22 26 25 -25 -20 -3 28 -21 -19
right_child=-2 17 7 4 5 -7 -8 11 9 -11 -12 12 -14 15 -16 -17 -18 19 23 27 21 -23 -24 24 -26 -27 -28 -29 -30 -31
leaf_value=0.020315333429974238 0.078583737992212369 -0.025516249877812428 -0.033316538857554645 -0.085121111227669424 -0.049214443642227573 -1.5521723800742266 0.060088655576257428 0.02078056740861518 -0.048928362053158113 -0.21032954384262406 0.0080848575509613104 1.6864407221805362 0.061801072462473308 -0.025589855132237313 -0.0051723386890800607 0.011588223383427283 -0.012566956442520429 0.36898059129709987 0.042527832524537915 0.00094028279548925191 -0.018526373673624391 -0.14555027061496092 0.084709030279726219 -0.060576754734379533 0.047710940258738052 0.1302673864169577 -0.32270484833703583 0.031005708864985815 -0.29118801314095893 0.084801290838205617
leaf_weight=181.38034480936767 7.8519849374060859 27.955745551065778 95.912628700418281 2.7398763199598752 6.6000486769116824 0.04897383420029644 63.326921998814214 38.532424077653559 21.527869738827579 4.5938583878451018 90.903953880515473 0.045226408168672516 12.979431211235349 131.99337993802328 427.9995026406832 74.461227296647849 116.00542265769036 0.33357286563841926 27.689127762831049 97.149268199806102 10.74758476128045 8.3391224271035753 4.6317023845695067 8.5298039153422014 16.183788547394215 8.1341468701575632 0.39035842970770218 40.179578135139309 0.86447572879842383 2.8190005578799173
leaf_count=24349 17964 1825 10943 1778 2910 11 3998 1191 1992 238 6610 2 6125 27493 32289 6377 4305 21 2556 8404 784 324 1394 718 3019 546 38 12063 45 196
internal_value=0.000369732 -3.35087e-05 -0.0016795 0.00239424 0.0436105 -0.0602846 0.0540666 -0.0111925 -0.0210393 -0.0773129 -0.0131708 0.00132073 0.0674424 -0.00127939 0.002414 -0.012181 -0.00425209 0.00819201 0.0218753 0.000216169 -0.047247 -0.074024 -0.013553 0.0411751 0.0103358 0.0624503 -0.0296089 0.00785435 -0.00163627 0.11487
internal_weight=1530.85 1523 1269.05 888.55 72.7158 6.64902 66.0668 380.501 212.938 26.1217 186.817 167.563 13.0247 815.834 609.38 206.455 154.538 253.947 93.5147 160.433 22.2393 19.0867 32.9778 60.5369 24.7136 35.8233 28.3461 138.193 98.0137 3.15257
internal_count=180508 162544 130611 99205 8697 2921 5776 31406 19783 2230 17553 11623 6127 90508 56638 33870 5496 31933 10096 21837 1325 1108 3257 6839 3737 3102 1863 20512 8449 217
is_linear=0
shrinkage=0.08


Tree=109
num_leaves=31
num_cat=0
split_feature=14 3 4 0 4 13 1 1 4 0 2 0 0 8 2 4 14 0 8 0 13 8 0 1 2 1 8 1 3 14
split_gain=6.78454 3.38747 9.55954 8.36695 14.5172 7.53421 7.34094 7.30446 13.9453 12.0224 6.42458 6.24679 10.7778 8.68562 6.06722 7.46099 5.23769 4.58903 4.17842 3.54382 3.1787 2.93064 2.57057 2.07285 0.873895 1.78237 0.776102 0.5213 0.642098 0.513381
threshold=0.98314553499221813 28.759398460388187 30.471628189086918 31.851119995117191 35.043859481811531 1.0000000180025095e-35 52.704679489135749 35.948717117309577 17.267080307006839 14.907407283782961 30.471628189086918 33.520599365234382 26.766168594360355 1.0000000180025095e-35 31.643132209777836 33.549783706665046 0.34210884571075445 29.459980010986332 71.671482086181655 40.18348693847657 2.5000000000000004 32.44658279418946 25.176055908203129 41.728857040405281 88.762622833251967 95.861873626708999 94.600204467773452 35.424837112426765 26.006441116333011 0.13697500526905063
decision_type=2 2 2 2 2 2 2 2 2 2 2 2 2 2 2 2 2 2 2 2 2 2 2 2 2 2 2 2 2 2
left_child=1 5 10 14 19 27 -6 9 23 21 20 12 -12 -13 15 -4 -16 -10 -11 -5 22 -7 -3 -9 25 26 -2 28 -1 -29
right_child=24 2 3 4 6 7 -8 8 17 18 11 13 -14 -15 16 -17 -18 -19 -20 -21 -22 -23 -24 -25 -26 -27 -28 29 -30 -31
leaf_value=0.10195138681336356 0.08214803334547148 -0.01602142267528902 0.11536266067624426 -0.071913023629176676 0.023768019948507829 -0.10813126444489089 -0.001311763606526388 -0.17275702053149203 0.048570105314020971 -0.052266110765827184 0.027533355078356966 0.51042966438901372 -0.087184758250438144 0.038915524003672264 -0.082017863615970743 -0.067796734175474577 0.05233107372945469 -0.0031347464850769993 -0.0077930638078702813 0.036160379486054127 -0.21370915661735645 0.053741647673453831 -0.10868483226983841 -0.045500121452749481 0.094054049642016871 0.084627065724900863 -0.1172121364424588 -0.030525190245094848 0.18066214677047501 0.086174953572874177
leaf_weight=2.9357199113583188 0.1626717465114772 2.8175020552589523 9.8690672797965835 22.014835517577016 79.578079426457407 0.74660922819748776 1216.9533486833388 2.2631470689666453 46.899256719334517 24.992096418049186 9.160117052830179 0.26747369207441707 12.251747558504574 3.8337521036301041 3.1518788913381277 1.6632531456125423 4.5211351237085182 14.346591672161592 29.456606259569526 2.1296943281777194 1.2854040618403821 17.348111034720205 5.9880564126069658 1.2839367970009332 5.2927434572775383 1.4306423480884405 0.53929390506527852 0.28840666922042135 0.85691934777423728 1.4756652074865995
leaf_count=212 147 351 321 3664 7862 14 138285 86 1690 2464 786 6 2179 554 551 120 40 1132 323 198 16 414 962 72 11896 5814 107 39 25 178
internal_value=0.000349122 -2.39297e-05 -0.00124184 -0.000154671 -0.000917019 0.0116996 0.000227575 0.0080046 0.0275267 -0.00943177 -0.0421551 -0.020783 -0.0381077 0.0696667 0.052269 0.0889464 -0.00285605 0.0364585 -0.0282063 -0.0623803 -0.0961904 0.0470626 -0.0790355 -0.126694 0.0766329 0.0333969 -0.0710129 0.103024 0.119736 0.0670957
internal_weight=1525.8 1518.38 1375.49 1339.88 1320.68 142.893 1296.53 137.336 64.7929 72.5434 35.6041 25.5131 21.4119 4.10123 19.2053 11.5323 7.67301 61.2458 54.4487 24.1445 10.091 18.0947 8.80556 3.54708 7.42535 2.13261 0.701966 5.55671 3.79264 1.76407
internal_count=180508 162544 155895 151041 150009 6649 146147 6195 2980 3215 4854 3525 2965 560 1032 441 591 2822 2787 3862 1329 428 1313 158 17964 6068 254 454 237 217
is_linear=0
shrinkage=0.08


Tree=110
num_leaves=31
num_cat=0
split_feature=9 0 11 13 3 2 7 0 4 4 0 1 2 3 1 1 1 0 4 1 4 7 7 7 7 0 9 4 1 9
split_gain=4.90259 8.34997 4.71321 3.10287 3.37849 7.61678 4.98404 3.08374 17.7963 4.49555 6.74271 6.27902 3.83001 13.2297 10.4793 3.60358 4.53982 2.49505 2.85094 2.49886 1.90326 1.77718 3.62629 1.85761 23.0648 1.53629 1.48999 1.54698 1.37748 2.05012
threshold=98.006622314453139 55.848154067993171 1.0000000180025095e-35 1.0000000180025095e-35 47.478813171386726 50.28735542297364 6.9449577331542978 21.680376052856449 22.401432991027836 17.267080307006839 14.907407283782961 39.696969985961921 43.521308898925788 44.033897399902351 56.070175170898445 53.001201629638679 33.084575653076179 45.499549865722663 46.841754913330085 61.16780090332032 52.027397155761726 15.037680149078371 14.971567630767824 9.5406246185302752 9.5763545036315936 95.024753570556655 62.617479324340827 22.401432991027836 48.934240341186531 92.60501861572267
decision_type=2 2 2 2 2 2 2 2 2 2 2 2 2 2 2 2 2 2 2 2 2 2 2 2 2 2 2 2 2 2
left_child=2 3 7 -2 17 6 -6 9 28 10 11 -1 13 -10 -14 16 -11 19 -19 -5 -7 22 23 -3 -25 -24 -4 -28 29 -9
right_child=1 21 26 4 5 20 -8 8 12 15 -12 -13 14 -15 -16 -17 -18 18 -20 -21 -22 -23 25 24 -26 -27 27 -29 -30 -31
leaf_value=0.033761544062397883 0.082822009115282536 0.061356790899544586 -0.054141604248845336 -0.00040960292090473828 -0.12862986025406864 0.064933982703748769 0.082175213712772172 -0.10207648565931854 0.00080577915641879454 0.011002445319057778 -0.086489539225584139 -0.11944538847805719 0.03587866053254133 -0.046642538153095839 -0.0011907948796364147 -0.095887222844964579 0.075329049778931317 0.088341300823141844 -0.024461669397911858 0.06376927172495292 -0.062906851295896751 0.082525291705875595 0.080351811361693906 -1.9145116082301912 0.015652901062684414 -0.42094884296669732 0.0061419324387429405 0.10061171707029259 0.042047929227231925 -0.19566772666657589
leaf_weight=14.739553070859989 3.1622233637608579 9.98670087794744 0.60064169939141621 64.220930435229093 5.1702810179413046 3.5670755387545796 0.83351025580486737 5.9258636469457979 142.65642618460697 13.559786045341758 5.4558873157657208 1.9370363547932345 51.07625124140759 51.073389539538766 1098.4948715639257 1.2244141864794063 14.562415486550888 4.7480861032381645 2.0543409450910985 4.1325878575444213 0.94217559301614517 10.617369048602994 0.052428759714531092 0.040095963609929952 3.3555275410180911 0.15419197589653777 1.4597812111023811 4.6216297796781873 0.32604122829798132 2.0046436050906777
leaf_count=392 511 6625 25 709 126 230 357 1093 15786 506 375 42 6333 10587 110881 69 454 59 56 147 284 16521 67 44 5740 28 16 2383 50 12
internal_value=0.000319498 0.0163498 -0.000965885 0.00499965 0.00212706 -0.0403502 -0.0993637 -0.00128511 -0.00201708 0.0179323 -0.00929029 0.0159661 -0.00129738 -0.0117031 0.000456227 0.038463 0.0443125 0.00806891 0.0542747 0.00347059 0.0382226 0.0580022 0.0388417 0.0439768 -0.00713873 -0.293747 0.066063 0.0779352 -0.119109 -0.125734
internal_weight=1522.76 113.038 1409.72 88.8312 85.669 10.513 6.00379 1403.04 1351.56 51.4791 22.1325 16.6766 1343.3 193.73 1149.57 29.3466 28.1222 75.1559 6.80243 68.3535 4.50925 24.2063 13.5889 13.3823 3.39562 0.206621 6.68205 6.08141 8.25655 7.93051
internal_count=180508 31504 149004 2479 1968 997 483 146580 144742 1838 809 434 143587 26373 117214 1029 960 971 115 856 514 29025 12504 12409 5784 95 2424 2399 1155 1105
is_linear=0
shrinkage=0.08


Tree=111
num_leaves=31
num_cat=0
split_feature=14 10 9 14 7 14 14 2 5 9 9 14 9 13 15 7 7 9 2 2 2 9 9 2 2 0 7 7 9 14
split_gain=5.59576 3.0931 11.9267 5.47946 4.20317 5.6506 3.64531 7.37842 7.82764 4.98324 3.34987 7.12811 3.27564 26.1256 8.88376 3.19375 2.95895 5.92811 3.02604 2.68634 6.40531 7.35293 2.45213 1.31307 0.83725 0.844234 0.821539 42.7025 0.642104 2.95494
threshold=0.98314553499221813 -1.0000000180025095e-35 39.482063293457038 0.64402773976326 6.0029246807098398 0.31482248008251196 0.43391168117523199 43.288288116455085 0.23611111193895343 88.949935913085952 82.679485321044936 0.43391168117523199 50.694578170776374 1.0000000180025095e-35 1.0000000180025095e-35 15.882828235626222 15.946934223175051 31.6122579574585 99.523811340332045 88.989898681640639 80.982517242431655 70.051548004150405 98.280788421630874 66.312053680419936 88.762622833251967 88.396572113037124 9.651888847351076 9.5763545036315936 26.239753723144535 0.23059345781803134
decision_type=2 2 2 2 2 2 2 2 2 2 2 2 2 2 2 2 2 2 2 2 2 2 2 2 2 2 2 2 2 2
left_child=1 2 15 6 10 -6 12 8 -8 -9 11 -4 14 -14 -3 28 17 -17 -18 20 23 -22 -7 -5 25 -2 27 -21 29 -1
right_child=24 3 4 19 5 22 7 9 -10 -11 -12 -13 13 -15 -16 16 18 -19 -20 26 21 -23 -24 -25 -26 -27 -28 -29 -30 -31
leaf_value=-0.080197378044873174 0.048713877627578304 0.00066466412053352254 0.037943298657063147 0.013911280596358688 -0.080136574786564094 -0.0044146835342826008 -0.085258299653573247 -0.016129527246898933 0.052472500669670206 0.017304097902905814 0.080463272647839743 -0.050658726706682068 0.1003141202579938 0.0037965229248360932 -0.08009143440701845 0.74947998260460935 -0.063493057763390606 -0.080186939093347717 0.039265944778038901 0.0800790455625566 -0.4117889285503698 -0.022449117006227089 0.069457126860226509 0.072436644689170451 0.092008439121303895 -0.1154660309797091 0.080075979594281019 -3.4104277334997217 -0.077510591067585941 0.21680881962528048
leaf_weight=1.0554585394711526 1.7161940224395937 637.90943455221714 20.760722037695817 3.4550481147744057 6.3201970682566744 293.71227496502979 14.183963654562833 78.708905276434962 3.2450724267400792 44.754851179255638 5.6590335458749896 8.0701690762944036 19.042777048161952 312.40006899484433 8.8389840924646688 0.0957855400047255 4.5330915219674353 0.12981776249944232 3.0803685269784182 1.0549307966430195 0.32503090435056847 6.9171752474067034 2.9042840079782755 8.4635209165862744 4.6799073813017458 0.22695669576933131 8.344878254021749 0.02291874520597037 18.688864187672152 0.26903315001982253
leaf_count=1461 6041 18896 977 1915 8845 20822 118 2184 114 3161 2198 253 756 9790 9603 16 3146 80 419 2945 96 8280 930 7850 11896 27 22466 53 35000 170
internal_value=0.000306162 -1.50386e-05 -0.0064267 0.00202566 -0.00227354 -0.00528626 0.00114222 -0.0108886 -0.0596145 -0.00401004 0.0241882 0.0131424 0.00287506 0.00934186 -0.000439014 -0.0567415 -0.0134565 0.272069 -0.0219173 0.0366136 0.0194149 -0.0399227 -0.00369138 0.0554709 0.0736801 0.0295379 0.0715864 0.00585901 -0.0736958 -0.0198689
internal_weight=1519.57 1512.95 365.279 1147.67 337.427 302.937 1119.08 140.893 17.429 123.464 34.4899 28.8309 978.191 331.443 646.748 27.8524 7.83906 0.225603 7.61346 28.5835 19.1608 7.24221 296.617 11.9186 6.62306 1.94315 9.42273 1.07785 20.0134 1.32449
internal_count=180508 162544 74317 88227 34025 30597 44622 5577 232 5345 3428 1230 39045 10546 28499 40292 3661 96 3565 43605 18141 8376 21752 9765 17964 6068 25464 2998 36631 1631
is_linear=0
shrinkage=0.08


Tree=112
num_leaves=31
num_cat=0
split_feature=14 7 6 6 7 9 9 5 7 5 4 7 7 9 10 14 7 4 3 5 9 3 13 8 7 14 3 9 3 9
split_gain=5.05918 2.84033 14.4132 7.79633 25.7859 13.3328 19.2556 7.86533 7.04211 7.1256 6.07399 6.04313 7.56937 7.41385 5.26303 5.14053 11.6356 5.10086 10.0809 7.7202 4.23734 4.20785 3.92973 5.44565 2.00959 1.8671 1.77205 1.76703 1.6339 1.44832
threshold=0.98314553499221813 16.657057762146 2.5000000000000004 1.5000000000000002 10.9559383392334 91.239036560058608 91.445995330810561 0.23611111193895343 18.923236846923832 0.58571431040763866 59.317129135131843 20.338431358337406 20.175466537475589 62.617479324340827 -1.0000000180025095e-35 0.94740405678749096 18.852211952209476 86.996780395507827 82.097072601318374 0.47222222387790685 63.847667694091804 89.417694091796889 1.0000000180025095e-35 26.198685646057132 22.682869911193851 0.95388785004615795 91.476997375488295 80.972057342529311 73.20508193969728 91.689685821533217
decision_type=2 2 2 2 2 2 2 2 2 2 2 2 2 2 2 2 2 2 2 2 2 2 2 2 2 2 2 2 2 2
left_child=1 3 11 4 17 7 -7 -6 15 27 29 12 13 -3 -14 20 -17 18 -1 -19 -4 -11 23 -12 28 -24 -26 -10 -13 -5
right_child=-2 2 8 10 5 6 -8 -9 9 21 22 24 14 -15 -16 16 -18 19 -20 -21 -22 -23 25 -25 26 -27 -28 -29 -30 -31
leaf_value=0.0015652502888297329 0.07224393875793772 0.048287400182117801 -0.063115091905576709 -0.059877511603675312 -0.095110672435943053 -0.91264913942032466 -0.02570115572057818 0.0819583437409767 -0.097781103741254594 0.041134320149695425 -0.0035618991148645036 -0.058217728654463841 -0.0046294301802672147 -0.0037760711885274213 -0.19419021923887075 -0.81556807775949769 0.096016623142997692 0.071184040360437878 -0.023564344993565883 0.0013837030713152565 0.088240437485021236 -0.0025638185568508188 0.076076688618786317 -0.025587974172382535 0.2520760113860453 -0.092136670710239787 0.0837848817619785 0.083310073534269599 0.067606845661168369 0.082549910002409452
leaf_weight=656.68695576697064 6.231904770997061 43.663213846331928 14.174338488868665 17.845465320220686 1.6708169041521603 0.16057889282819715 6.4080877320520813 41.072131853550673 5.6463190611393648 15.796827799087621 245.74019027521717 0.68513416853966802 2.121524237969425 29.218805707008869 1.6794417564524327 0.17810906805971249 0.18036065124033485 15.450508948968489 120.98986803348816 29.512522062432254 1.2916706644755329 131.53476254738052 4.6339226685595341 101.51415340344829 0.69725521911459398 0.46465099550550792 0.9406641307141399 0.36728063377086062 18.370586293502129 0.46894688288739317
leaf_count=73735 17964 1739 1106 3877 1106 22 1886 2862 471 973 2089 36 137 9119 403 92 14 5307 10424 3235 325 15525 5968 16651 81 1428 273 59 3469 132
internal_value=0.000311501 1.4465e-05 0.00750804 -0.00159293 0.00253861 0.0587294 -0.0473837 0.0750367 -0.00660594 -0.00136258 -0.0113119 0.0320278 0.0216749 0.0274149 -0.0883861 -0.0574161 -0.356913 -0.000829648 -0.00234438 0.025369 -0.0504744 0.00212148 -0.00897714 -0.0100009 0.0703919 0.0607468 0.155426 -0.086721 0.0630829 -0.0562306
internal_weight=1515.4 1509.17 266.546 1242.62 871.951 49.3116 6.56867 42.7429 169.17 153.345 370.667 97.3766 76.683 72.882 3.80097 15.8245 0.35847 822.64 777.677 44.963 15.466 147.332 352.353 347.254 20.6936 5.09857 1.63792 6.0136 19.0557 18.3144
internal_count=180508 162544 33822 128722 98577 5876 1908 3968 18565 17028 30145 15257 11398 10858 540 1537 106 92701 84159 8542 1431 16498 26136 18740 3859 7396 354 530 3505 4009
is_linear=0
shrinkage=0.08


Tree=113
num_leaves=31
num_cat=0
split_feature=14 0 4 0 4 0 0 3 14 4 0 1 3 9 8 9 9 9 14 8 1 10 11 1 8 1 7 1 7 9
split_gain=4.53731 2.61361 23.4129 9.20044 12.4416 9.02399 8.81568 5.88975 5.82919 5.68851 16.9747 5.60659 6.99001 5.20076 4.56382 3.86568 4.26636 3.84414 3.56867 3.80746 2.74942 2.3994 1.44234 0.948687 0.870574 0.610048 0.934479 1.27631 0.867103 0.186444
threshold=0.98314553499221813 25.176055908203129 26.747966766357425 30.0684928894043 31.851119995117191 33.520599365234382 32.495286941528327 65.485893249511733 0.28322711586952215 21.52509689331055 20.169491767883304 35.948717117309577 16.2713737487793 75.099998474121108 86.162029266357436 68.588039398193374 72.804313659667983 95.071849822998061 0.2742076069116593 84.861217498779311 74.543037414550795 1.0000000180025095e-35 1.0000000180025095e-35 55.217784881591804 35.647869110107429 95.69842910766603 14.720004558563234 95.488464355468764 14.681009769439699 84.389335632324233
decision_type=2 2 2 2 2 2 2 2 2 2 2 2 2 2 2 2 2 2 2 2 2 2 2 2 2 2 2 2 2 2
left_child=1 9 5 8 7 22 -6 -5 13 10 20 12 29 -4 -10 -13 -17 -14 19 -12 21 -1 23 -3 -7 26 28 -28 -2 -11
right_child=25 2 3 4 6 24 -8 -9 14 11 18 15 17 -15 -16 16 -18 -19 -20 -21 -22 -23 -24 -25 -26 -27 27 -29 -30 -31
leaf_value=0.10178458222666491 0.081186477539537907 -0.095977928081474873 -0.009356250223126238 -0.063593877715126063 0.065051870391782535 0.41464942799271498 -0.00050535550758040487 0.41381334287134275 -0.055167840021002883 0.2044895721280367 -0.096033476392393777 -0.071172163439979758 -0.034233440366880634 0.074260670612749546 0.041801157250744569 0.24060059710773016 0.068700794982228752 0.042897669452432154 0.062542622634770964 -0.22958165398500341 -0.15076854912326396 0.011298341342945708 -0.24555176801054529 -0.23967535308757082 0.18021277634579216 0.088556534968581277 0.089988930668740447 -0.11804481161640816 -0.16617085384430777 0.14738414326377194
leaf_weight=1.9453745720093127 0.14231656557239958 16.217000821663543 5.9984013703651753 22.18627905470203 13.260595491970887 0.15792647234047663 1311.6965603678545 0.16662826674291764 6.4450695591367531 0.71363843604922539 4.3697789055004241 1.1795718075445645 11.519752902095208 23.069005602737889 5.996306338114664 0.98032137565315025 16.092231178190559 6.4513794943923122 0.62504765641642723 1.98779108421877 0.65159807272720982 52.215280123695266 0.438717320561408 0.29946893705346056 0.2831081736512715 3.9234868056264531 1.3726795832844798 0.21883014067134343 0.25006705962732667 0.75094990315847099
leaf_count=189 287 2329 1798 3305 672 20 149483 60 138 27 732 505 859 258 62 17 300 111 9 14 30 1444 2 111 54 16260 1409 3 5 15
internal_value=0.000300884 2.63483e-05 -0.000860174 0.000295132 -0.000847767 -0.0930934 0.000150762 -0.0600351 0.0373918 0.0125576 -0.00238205 0.0370533 0.00715168 0.0570053 -0.00843219 0.068894 0.0785714 -0.00654448 -0.119857 -0.137789 0.0125832 0.0145485 -0.102386 -0.0985834 0.26416 0.0702756 0.0341221 0.0613846 -0.076455 0.175209
internal_weight=1511.61 1505.7 1406.22 1388.82 1347.31 17.3962 1324.96 22.3529 41.5088 99.4827 61.7949 37.6878 19.4357 29.0674 12.4414 18.2521 17.0726 17.9711 6.98262 6.35757 54.8123 54.1607 16.9552 16.5165 0.441035 5.90738 1.98389 1.59151 0.392384 1.46459
internal_count=180508 162544 158292 155776 153520 2516 150155 3365 2256 4252 2418 1834 1012 2056 200 822 317 970 755 746 1663 1633 2442 2440 74 17964 1704 1412 292 42
is_linear=0
shrinkage=0.08


Tree=114
num_leaves=31
num_cat=0
split_feature=14 7 6 7 9 7 9 6 7 9 0 7 5 4 4 0 2 8 7 7 1 6 3 2 1 0 8 0 1 5
split_gain=4.14445 2.53735 10.4219 11.4103 11.061 6.96932 6.84291 5.8862 16.255 5.17573 5.30997 5.07501 4.36607 2.24187 4.58498 2.41765 2.23154 2.02552 6.65423 1.89377 1.3562 1.18666 1.5114 0.802249 1.57085 0.585796 0.197543 0.117766 0.238179 0.0599676
threshold=0.98314553499221813 33.47633361816407 3.5000000000000004 25.309873580932621 78.886161804199233 25.818117141723636 83.377899169921889 2.5000000000000004 17.577720642089847 92.60501861572267 84.889995574951186 23.624343872070316 0.86607143282890331 86.391696929931655 87.939392089843764 86.70682525634767 90.366767883300795 86.755847930908217 37.701477050781257 37.701477050781257 96.580947875976577 4.5000000000000009 96.449581146240249 88.762622833251967 95.861873626708999 79.205974578857436 43.085422515869148 79.337715148925795 95.488464355468764 0.73214286565780651
decision_type=2 2 2 2 2 2 2 2 2 2 2 2 2 2 2 2 2 2 2 2 2 2 2 2 2 2 2 2 2 2
left_child=1 2 3 7 16 11 -6 8 -1 10 -7 -4 -9 15 20 21 -5 19 -19 -16 -15 29 -23 24 25 -2 -13 -27 -29 -3
right_child=23 13 5 4 6 9 -8 12 -10 -11 -12 26 -14 14 17 -17 -18 18 -20 -21 -22 22 -24 -25 -26 27 -28 28 -30 -31
leaf_value=-0.0013353340912770407 0.081481259073108186 0.11156862486381039 -0.30742055102584048 0.098655348706543106 -0.21875785522371555 -0.026154091385445277 -0.0026526827631048401 -0.038024860388194817 0.037530018767119235 0.087690122956782413 -0.12395496579864093 0.06116957686319676 -0.0044792935415335997 -0.24677993966986719 0.017110677200965822 0.29959986311496239 0.050079744766383348 0.096690092463382685 -0.23088857192524276 0.093279929407893772 -0.05903692676263729 -0.15992194114496053 0.07592129178359476 0.089613314551720918 0.083618096468026482 -0.15336455865676188 0.11099808661895956 0.080201671273640612 -0.11392501937748425 0.085095162247952244
leaf_weight=1261.1863323422804 0.12134431965387071 0.80776649010658763 0.21771481477481147 12.507366207311863 1.0541116783715541 5.4740617882343967 8.4956569534697319 44.409591641451698 72.849926666953252 1.1297896809992369 10.123707980834295 0.73071793062263202 56.325390494050225 0.47427172084280655 5.4933235145581403 0.31600936362519849 11.728464900719699 0.87623579654609673 0.72543584927916527 3.370987582980888 0.51218664785847068 0.30020936313667324 0.4133481535827741 3.8446563825491467 1.0394593936871388 0.24953201413154602 1.6796687285532241 0.050150473958638031 0.20910857617855072 1.7003358355723319
leaf_count=131917 146 26 36 258 283 258 3382 3545 12052 561 801 45 6383 23 676 5 621 370 252 536 21 16 63 11896 5814 1 197 106 1 217
internal_value=0.000276367 2.23627e-05 -0.000307572 0.000461087 0.0464146 -0.0586275 -0.0265066 -0.000621014 0.000787051 -0.0776552 -0.0896316 0.0624815 -0.019268 0.0327716 0.0155766 0.0884368 0.0751481 0.0311169 -0.0516782 0.0460769 -0.1493 0.067724 -0.0233032 0.0695049 0.0232002 -0.0764639 0.0958924 -0.114133 -0.0763736 0.0936213
internal_weight=1508.42 1502.9 1487.91 1468.56 33.7856 19.3557 9.54977 1434.77 1334.04 16.7276 15.5978 2.6281 100.735 14.9901 11.4524 3.53767 24.2358 10.466 1.60167 8.86431 0.986458 3.22166 0.713558 5.51425 1.66959 0.630135 2.41039 0.508791 0.259259 2.5081
internal_count=180508 162544 160339 158441 4544 1898 3665 153897 143969 1620 1059 278 9928 2205 1878 327 879 1834 622 1212 44 322 79 17964 6068 254 242 108 107 243
is_linear=0
shrinkage=0.08


Tree=115
num_leaves=31
num_cat=0
split_feature=9 7 11 2 10 3 4 4 3 3 1 9 3 1 1 2 8 8 8 8 4 4 7 4 3 1 8 9 8 4
split_gain=3.28752 6.15445 4.12076 3.19949 9.95495 7.32186 6.88754 8.23492 9.20662 8.8498 5.79777 4.96374 10.5183 4.40354 4.21297 3.79922 3.64256 3.19298 2.67474 3.25104 4.01786 7.62429 3.65182 3.03353 2.40339 5.37247 4.3652 1.38183 1.51671 1.10167
threshold=98.006622314453139 15.037680149078371 1.0000000180025095e-35 59.417230606079109 1.0000000180025095e-35 64.346244812011733 70.064933776855483 54.085849761962898 65.485893249511733 56.294013977050788 76.253131866455092 52.467130661010749 82.637680053710952 63.224515914916999 93.643951416015639 58.64367866516114 61.577310562133796 44.163812637329109 41.280080795288093 61.577310562133796 47.673160552978523 46.543485641479499 11.100470066070558 25.866189002990726 38.165266036987312 34.549070358276374 50.099601745605476 62.617479324340827 94.851249694824233 25.866189002990726
decision_type=2 2 2 2 2 2 2 2 2 2 2 2 2 2 2 2 2 2 2 2 2 2 2 2 2 2 2 2 2 2
left_child=2 18 3 6 5 17 7 8 -1 -9 16 12 -6 -7 -13 -12 -8 -5 23 24 21 -21 -22 -2 25 -20 -26 -4 -29 -30
right_child=1 -3 27 4 11 13 10 9 -10 -11 15 14 -14 -15 -16 -17 -18 -19 19 20 22 -23 -24 -25 26 -27 -28 28 29 -31
leaf_value=-0.0065152619618581058 0.097859547895532958 0.07837297392982405 -0.052281235261735545 0.025507436926015582 0.15672448908236888 0.033834631735471229 -0.075665117720786601 0.019592518998035293 0.038255393183558126 -0.04109850985299638 0.11060222718414625 0.0099742231217736996 0.017929821039047729 -0.0025258854797674179 0.071053101953591991 -0.091956908262860959 0.1338914192104049 0.10797738886656384 -0.019002152150207622 0.00038829975273252328 0.06134023004807751 -0.18420456240807156 -0.051040569711465297 -0.075377755875150262 -0.044646812022955035 0.12131305723034361 0.078519379055478303 0.087487758158924511 -0.16921271854415273 0.081497881609740475
leaf_weight=321.96985446194594 0.76341466931626101 8.6619342630256124 0.5985952460905527 7.0605601710267347 5.7408085786737493 21.880541278267629 2.6171322113950723 19.252193547930801 32.34995675724349 76.38776877487544 7.1001914434746141 45.189295178133762 8.9305098480544967 827.36218347033719 8.6034955480354238 0.64657903698389407 0.66594666306627903 5.2303361999220215 2.595944640459491 63.91868095548125 11.718378789293636 1.4648404559266044 2.1976159960395298 4.2391015240282286 4.0015052215894684 5.3364908323856071 3.4118862985778833 5.311920466767333 0.26697115227580059 0.19345738668198464
leaf_count=41768 7 16694 25 1729 292 2499 301 2107 5827 11612 1405 11187 138 48420 18643 97 62 493 29 1379 8067 73 3819 106 312 65 953 2158 2 239
internal_value=0.00026488 0.0136919 -0.000775854 -0.00106987 0.00163144 -0.000701827 -0.00651946 -0.00805046 -0.00242763 -0.0288815 0.0559372 0.0309926 0.0722394 -0.00158907 0.019743 0.0936958 -0.0331582 0.0606022 0.00806947 0.0110828 0.0045603 -0.00374728 0.043593 -0.0489407 0.0447876 0.0753939 0.0120383 0.0634167 0.0754146 -0.0638721
internal_weight=1505.67 108.31 1397.36 1390.99 929.998 861.534 460.99 449.96 354.32 95.64 11.0298 68.4641 14.6713 849.243 53.7928 7.74677 3.28308 12.2909 99.6479 94.6453 79.2995 65.3835 13.916 5.00252 15.3458 7.93244 7.41339 6.37094 5.77235 0.460429
internal_count=180508 31504 149004 146580 83401 53141 63179 61314 47595 13719 1865 30260 430 50919 29830 1502 363 2222 14810 14697 13338 1452 11886 113 1359 94 1265 2424 2399 241
is_linear=0
shrinkage=0.08


Tree=116
num_leaves=31
num_cat=0
split_feature=2 5 3 2 5 0 0 1 1 1 9 9 3 9 8 5 9 3 9 5 2 4 4 1 8 1 9 1 0 3
split_gain=3.02152 12.646 7.38666 22.8874 12.0193 13.7834 13.1803 9.85342 8.93408 8.60174 8.11447 14.4452 7.97993 7.75804 16.2265 10.5493 7.5948 7.43183 6.79999 6.77022 6.89452 6.3835 8.23333 8.00523 10.9262 5.76266 11.9679 6.84249 5.55552 6.94375
threshold=86.319076538085952 0.5634920895099641 82.097072601318374 73.499401092529311 0.64583334326744091 77.581478118896499 83.424911499023452 89.039035797119155 85.053192138671889 93.582702636718764 94.349296569824233 94.55533599853517 86.70682525634767 49.677366256713874 25.728429794311527 0.47222222387790685 91.908679962158217 74.133811950683608 94.925979614257827 0.26136364042758947 79.388423919677749 78.629974365234389 73.375530242919936 98.332870483398452 92.545253753662124 84.028984069824233 77.232856750488295 92.63776016235353 87.20676422119142 90.366767883300795
decision_type=2 2 2 2 2 2 2 2 2 2 2 2 2 2 2 2 2 2 2 2 2 2 2 2 2 2 2 2 2 2
left_child=2 28 3 7 6 10 9 13 -8 16 12 -12 -6 14 -1 -15 -4 -5 21 -19 -21 22 -3 24 -23 26 -7 -27 29 -2
right_child=1 18 4 17 5 25 8 -9 -10 -11 11 -13 -14 15 -16 -17 -18 19 -20 20 -22 23 -24 -25 -26 27 -28 -29 -30 -31
leaf_value=-0.0024379987730279622 0.054126927286428546 0.00075948876901355379 -0.053219407287224546 0.17417913948740821 0.069835444437250566 -0.035206614448566466 0.080254742020959433 0.078831869820009906 -0.01343667470122975 0.0011145890835224052 -0.7532616131731884 -0.047271113106344388 0.014967751344771499 -0.0013299135050714847 -0.058513065845568799 0.040526104214643047 0.062907189986271692 0.093482076206583234 0.054110301605571599 0.0074296004731196717 0.0641067938474527 -0.02484717521911977 0.11045366690320861 0.00248803907122734 -0.22855409470898769 0.020356295816576993 -0.24434504306298782 -0.02457994692799316 0.063759217701700732 -0.064584466750723768
leaf_weight=120.48116655038029 7.1149168830306717 11.195034445860076 98.884844878557487 2.7537403052992877 20.908634302366409 11.232077568885869 10.59561407932779 9.6045266527071345 16.908158345686388 27.892417697839846 0.19148866723116853 5.9146985003317241 89.937177377461921 473.4545023413375 45.499085277973791 41.952883029793156 3.7407502021596875 12.577066033758454 14.585240369557139 36.457283553143498 22.040579480395536 58.434436194904265 7.192676935097551 203.78842421971058 1.7351901191941568 30.1122010714098 2.0746281391402581 77.511514424229972 32.549068018142862 5.6637668004186708
leaf_count=4433 861 962 8020 313 886 673 1007 2470 1617 4012 71 2672 4040 18993 54337 2410 1264 2066 23027 2599 1272 4229 630 20611 170 2373 236 6574 7031 649
internal_value=0.000246833 0.00685245 -0.00170094 0.00289066 -0.0105712 0.000789722 -0.0276736 -0.00163294 0.0226572 -0.0382797 0.0203715 -0.0694108 0.0253173 -0.00276713 -0.0178095 0.00207706 -0.0489865 0.0452289 0.00084427 0.0402328 0.0287842 -0.00190731 0.0436683 -0.00508218 -0.0307217 -0.0181478 -0.0678131 -0.0120072 0.0462106 0.00151168
internal_weight=1502.98 342.259 1160.73 764.821 395.904 237.882 158.022 690.992 27.5038 130.518 116.952 6.10619 110.846 681.388 165.98 515.407 102.626 73.8287 296.931 71.0749 58.4979 282.346 18.3877 263.958 60.1696 120.93 13.3067 107.624 45.3278 12.7787
internal_count=180508 58170 122338 88893 33445 17525 15920 82643 2624 13296 7669 2743 4926 80173 58770 21403 9284 6250 49629 5937 3871 26602 1592 25010 4399 9856 909 8947 8541 1510
is_linear=0
shrinkage=0.08


Tree=117
num_leaves=31
num_cat=0
split_feature=14 13 3 3 4 4 9 2 14 2 3 4 0 3 4 2 3 7 0 4 4 2 6 7 1 2 1 2 0 8
split_gain=3.33766 2.61354 3.97858 5.37331 5.55035 9.33118 3.6252 3.52464 10.7225 2.75467 13.0361 7.7848 10.8436 28.3698 8.95082 5.58263 8.9776 6.20507 4.935 3.94848 6.06108 2.79363 2.46371 22.5784 2.04293 0.67438 1.29546 0.540706 0.489063 0.340257
threshold=0.98314553499221813 2.5000000000000004 58.745098114013679 56.966489791870124 54.085849761962898 60.943256378173835 52.467130661010749 50.28735542297364 0.49870374798774725 80.229885101318374 84.475742340087905 87.226108551025405 78.611557006835952 80.243904113769545 77.303031921386733 84.561214447021499 91.010101318359389 31.642076492309574 97.332859039306655 80.810150146484389 71.834934234619155 79.388423919677749 2.5000000000000004 19.560612678527836 82.097072601318374 88.762622833251967 95.861873626708999 82.167320251464858 79.205974578857436 55.269769668579109
decision_type=2 2 2 2 2 2 2 2 2 2 2 2 2 2 2 2 2 2 2 2 2 2 2 2 2 2 2 2 2 2
left_child=1 9 3 7 -5 -6 -4 8 -3 11 19 12 14 -14 -1 17 -17 -12 21 20 -11 -13 27 -24 -21 26 28 -8 -2 -9
right_child=25 2 6 4 5 -7 22 29 -10 10 15 18 13 -15 -16 16 -18 -19 -20 24 -22 -23 23 -25 -26 -27 -28 -29 -30 -31
leaf_value=-0.0030130784823363121 0.0814397406563135 0.013679271767396434 0.46836497776145253 0.06287313471826908 -0.59033312293564677 -0.007783265295668502 0.085578296454573641 0.17293912702005593 -0.22051430984780587 0.088106158481813177 -0.022922224267499593 0.10226621956300394 0.062453848896579352 -0.061911153468752381 0.040221759774982109 0.031204475084882537 -0.0011103784454777499 0.13757545210737709 -0.18571315511510711 0.13087532543446778 -0.011931549099891525 -0.035737386844948142 -1.9471991489478544 0.080034812693011298 0.064121802793917507 0.087812315064726573 0.082894632250962608 0.033925677720396091 -0.10300389607019883 0.083646964238161203
leaf_weight=840.64021595012309 0.11342780500126426 40.497395931801293 0.14392281603068013 0.43017340812366345 0.3553790170699358 0.34858531306963414 5.4717014625202864 0.29989697004202698 1.2910911460639898 6.0532520193373811 72.115948493956239 7.427984548878154 15.054533463786354 53.306842055550078 31.805589841998881 66.755477031161718 313.03617417509668 1.575337815505917 0.45460288308095265 3.7230222956131938 10.777433284049037 1.0746011779119724 0.039449082061764673 0.32350176382897189 13.847776566806713 3.2345752018336498 0.91953699394798605 1.700038906157715 0.48717635314096697 3.0594475031248294
leaf_count=92950 146 1021 4 33 11 56 2958 14 47 303 3785 1830 1398 3311 2592 5520 38210 81 19 263 728 46 50 1134 1250 11896 5814 4686 108 244
internal_value=0.000237575 2.42572e-05 0.0173091 0.00846095 -0.163524 -0.301869 0.0706402 0.0127813 0.00644366 -0.00062451 0.00426143 -0.00313437 -0.00384108 -0.0345235 -0.00143692 0.000659674 0.00456956 -0.0194912 0.071094 0.05174 0.0240476 0.0848246 0.0630431 -0.140305 0.078266 0.0671579 0.0232091 0.0733342 -0.0681706 0.0916183
internal_weight=1496.36 1491.61 53.9606 46.282 1.13414 0.703964 7.67861 45.1478 41.7885 1437.65 487.884 949.764 940.807 68.3614 872.446 453.483 379.792 73.6913 8.95719 34.4015 16.8307 8.50259 7.53469 0.362951 17.5708 4.75472 1.52014 7.17174 0.600604 3.35934
internal_count=180508 162544 10258 1426 100 67 8832 1326 1068 152286 50140 102146 100251 4709 95542 47596 43730 3866 1895 2544 1031 1876 8828 1184 1513 17964 6068 7644 254 258
is_linear=0
shrinkage=0.08


Tree=118
num_leaves=31
num_cat=0
split_feature=14 10 9 1 0 7 4 4 5 0 9 1 7 14 14 1 9 3 1 0 3 7 7 5 5 7 3 3 5 9
split_gain=3.04755 2.47951 10.3434 4.69433 6.24467 4.16476 6.61721 6.57646 10.4809 4.79456 3.86807 3.73944 2.96033 2.86984 3.3229 9.15374 3.38224 2.75032 7.71938 2.19437 5.4944 2.1733 1.82014 2.52767 1.76232 1.34121 1.11982 0.920516 0.834103 0.651307
threshold=0.98314553499221813 -1.0000000180025095e-35 39.482063293457038 52.704679489135749 45.035211563110359 25.066986083984379 82.972846984863295 83.43881988525392 0.86607143282890331 84.889995574951186 79.557674407958999 64.051280975341811 15.882828235626222 0.64402773976326 0.43391168117523199 58.919960021972663 50.694578170776374 82.637680053710952 62.575302124023445 51.66851997375489 51.89995193481446 7.6097159385681161 15.946934223175051 0.64583334326744091 0.86607143282890331 37.701477050781257 90.824913024902358 67.041198730468764 0.58571431040763866 26.239753723144535
decision_type=2 2 2 2 2 2 2 2 2 2 2 2 2 2 2 2 2 2 2 2 2 2 2 2 2 2 2 2 2 2
left_child=1 2 12 19 10 13 25 8 -8 -9 -5 -6 29 14 16 -16 -3 27 -19 21 -21 -4 23 -14 -24 28 -27 -15 -7 -1
right_child=-2 5 3 4 11 6 7 9 -10 -11 -12 -13 22 17 15 -17 -18 18 -20 20 -22 -23 24 -25 -26 26 -28 -29 -30 -31
leaf_value=-0.017609947596365496 0.066436437385424721 -0.0015173892541155041 0.073311604365587424 -0.10793344926071692 0.026438389467067457 -0.078013813609865201 0.092896933291952991 0.13197030141551236 -0.5037783134698407 0.0063735559646733884 0.086484144850477604 -0.0044982430746270544 0.38874654589641117 -0.0096876196147925343 0.019069011135697526 -0.025408244961801999 0.0085859373483758925 -0.35228253193624459 0.019039729095379994 0.45917178805137931 0.015331505210860238 -0.03962802645963788 -0.080530144865733747 -0.080215828699879421 0.0043811868217249646 -0.1571256601428104 0.085114408039278139 0.081508579281397889 0.09651856361976506 -0.076923960098359265
leaf_weight=1.2760187431194996 4.4373096057097419 601.96769478483475 4.7791441734734681 5.3005306193372226 27.342256431584246 0.17883644648827335 0.35505874303635465 2.0905264172179185 0.40141756575758336 27.988519965540036 0.7472763237892649 292.62803431091743 0.16561626165639509 0.80142825296207121 43.353956299135461 93.445409705105703 327.39014268614847 0.36613163126458204 16.774902622193622 0.29764092327968672 0.44595479965209961 1.4128128761949481 2.2386104961915407 0.13233030866831541 5.1937932198343333 0.25904622185044068 0.23108621186111122 6.1002579229971161 8.7284304172353568 16.576887189934496
leaf_count=1631 17964 27793 430 1625 4488 14 25 219 39 5554 44 26389 32 337 725 4752 10546 111 31605 25 82 942 2380 64 1185 9 54 5526 918 35000
internal_value=0.000236193 3.89078e-05 -0.00575785 -0.00199132 -0.00337682 0.00187745 0.0271544 0.00924363 -0.223724 0.0151027 -0.0839109 -0.00185463 -0.0547774 0.000944627 0.000328249 -0.0113127 0.00204177 0.0282775 0.0111083 0.0631363 0.192989 0.0475423 -0.0134215 0.180461 -0.0211938 0.0859248 -0.042915 0.0709188 0.0930144 -0.0726845
internal_weight=1493.41 1488.97 358.537 332.954 326.018 1130.43 40.2329 30.8355 0.756476 30.079 6.04781 319.97 25.5833 1090.2 1066.16 136.799 929.358 24.0427 17.141 6.93555 0.743596 6.19196 7.73035 0.297947 7.4324 9.3974 0.490132 6.90169 8.90727 17.8529
internal_count=180508 162544 74317 34025 32546 88227 6832 5837 64 5773 1669 30877 40292 81395 43816 5477 38339 37579 31716 1479 107 1372 3661 96 3565 995 63 5863 932 36631
is_linear=0
shrinkage=0.08


Tree=119
num_leaves=31
num_cat=0
split_feature=7 6 2 7 6 7 8 7 1 8 1 5 2 5 0 8 14 2 5 4 7 0 0 4 7 9 14 4 4 14
split_gain=2.90557 11.6629 6.31561 6.04244 5.77335 22.131 12.5587 8.27253 6.37842 8.80877 8.4677 17.2568 13.168 11.4588 9.64497 8.46707 6.19462 10.685 6.39253 5.3604 9.28193 5.94747 5.17762 5.07253 5.05825 4.81276 4.6188 4.41147 4.40343 4.11009
threshold=17.188263893127445 2.5000000000000004 65.345367431640639 18.923236846923832 1.5000000000000002 10.9559383392334 96.014438629150405 11.100470066070558 97.590011596679702 57.979591369628913 91.715686798095717 0.86607143282890331 77.303031921386733 0.58571431040763866 79.795917510986342 86.162029266357436 0.76927912235260021 81.28433990478517 0.23611111193895343 91.476997375488295 12.71420192718506 88.982257843017592 86.70682525634767 88.273490905761733 21.638337135314945 96.110202789306655 0.76927912235260021 78.319625854492202 57.804552078247077 0.43391168117523199
decision_type=2 2 2 2 2 2 2 2 2 2 2 2 2 2 2 2 2 2 2 2 2 2 2 2 2 2 2 2 2 2
left_child=4 24 -3 27 5 26 16 22 10 19 11 12 -6 23 -13 -15 18 -18 -7 21 -21 -10 -8 -12 -2 -9 29 -4 -26 -1
right_child=1 2 3 -5 8 6 7 25 9 -11 13 14 -14 15 -16 -17 17 -19 -20 20 -22 -23 -24 -25 28 -27 -28 -29 -30 -31
leaf_value=0.0017342452600285915 0.026818176671151165 -0.087352258078061656 0.023959061275471864 0.0037972782014991601 -0.047875446024969674 -0.089928097744359295 -0.35261171844434308 -0.49962019169625793 0.0051068759688330714 0.065312502360909547 -0.038275833831413079 0.061284055288383571 0.0045658072610999306 -0.084469275840111616 -0.0058722696712465092 -0.30294751502535433 -0.21979024848256679 0.081169372709881671 0.075273886548056265 -0.11679393888056103 -0.010815608887819654 0.095216582418007317 -1.1203993183232968 0.080063576156993388 -0.21165101309861128 0.013135107176065473 0.051829905056561522 -0.077090781925133842 0.10878450491724805 -0.011550165951786552
leaf_weight=600.74544785938633 72.972159677017771 5.6004941260034675 3.7459182343191051 149.43594259666497 82.747197394441173 1.5537462315915025 0.36181612051586753 0.13472533092135541 80.073780764389085 13.004006447801656 5.8212153588974633 25.240975064858503 48.668681389510311 15.923512822049817 29.900587627485947 1.2224160233054124 1.3214000721418409 1.7613319786978534 42.600339649638045 5.7495841374256988 66.043510391620657 4.9793081776588215 0.066551256095408462 3.8522507735979161 0.28553153901157102 0.89821202663733857 10.505914871020648 10.558675282471084 7.0828728860651609 198.24234550451365
leaf_count=71361 15936 572 505 23041 10950 1112 96 3 2791 10114 383 1659 3702 949 1887 200 403 1538 2797 183 2727 161 60 895 32 408 11523 983 1697 11840
internal_value=0.000220143 0.00809455 -0.00381475 -0.000957478 -0.0013636 0.00228209 0.0546601 -0.17632 -0.00952772 0.00204031 -0.018736 -0.0126935 -0.0284543 -0.0607681 0.0248684 -0.100046 0.0618057 -0.0478357 0.0694606 -0.00320555 -0.0193029 0.0103822 -0.471895 0.0088503 0.0331969 -0.0537432 -0.000868903 -0.050629 0.0963674 -0.00156184
internal_weight=1491.1 249.682 169.341 163.741 1241.42 858.192 48.6981 1.4613 383.227 169.85 213.377 186.557 131.416 26.8194 55.1416 17.1459 47.2368 3.08273 44.1541 156.846 71.7931 85.0531 0.428367 9.67347 80.3406 1.03294 809.494 14.3046 7.3684 798.988
internal_count=180508 42766 25101 24529 137742 101141 6417 567 36601 15976 20625 18198 14652 2427 3546 1149 5850 1941 3909 5862 2910 2952 156 1278 17665 411 94724 1488 1729 83201
is_linear=0
shrinkage=0.08


Tree=120
num_leaves=31
num_cat=0
split_feature=2 8 8 7 3 10 7 3 2 7 2 5 7 7 5 0 5 3 3 5 10 2 5 2 0 0 2 7 5 8
split_gain=2.78161 8.46496 4.02616 4.37089 6.04123 3.58942 3.04717 3.0428 18.5273 9.67499 7.97645 8.50267 6.78904 13.5732 9.87394 11.0226 9.28965 8.9251 6.67315 6.06187 5.58962 5.51812 5.13194 5.03548 4.89739 9.11453 8.68376 4.55062 4.33636 3.82163
threshold=93.40579986572267 57.979591369628913 44.030927658081062 15.946934223175051 96.051948547363295 -1.0000000180025095e-35 14.270077705383303 82.097072601318374 73.499401092529311 8.1070675849914569 83.424911499023452 0.47222222387790685 8.6068124771118182 10.087473869323732 0.47222222387790685 69.614067077636733 0.31666667759418493 73.746868133544936 74.133811950683608 0.26136364042758947 1.0000000180025095e-35 79.388423919677749 0.47222222387790685 41.728857040405281 77.581478118896499 64.326763153076186 80.229885101318374 11.295428276062013 0.47222222387790685 81.006328582763686
decision_type=2 2 2 2 2 2 2 2 2 2 2 2 2 2 2 2 2 2 2 2 2 2 2 2 2 2 2 2 2 2
left_child=7 2 3 4 -2 -4 -6 8 12 10 23 -12 14 22 17 -16 -15 -1 -10 27 24 -21 -14 -9 25 -11 -26 -20 -25 -22
right_child=1 -3 5 -5 6 -7 -8 9 18 20 11 -13 13 16 15 -17 -18 -19 19 21 29 -23 -24 28 26 -27 -28 -29 -30 -31
leaf_value=0.0025552892954871236 0.08785357546932325 0.075241227773912192 -0.038233880727860367 0.034147944235479802 0.0077440184753648023 0.054176399725296885 -0.030375567117581929 0.19131115589810951 0.1649492714088053 -0.026520063976142306 0.047392803341128109 -0.042029131000890257 -0.075139213769635629 -0.06116465245083462 0.066498707722939962 -0.095749100541635837 0.0060602590055672768 -0.049558294017928502 0.082117488539827199 0.0062621289858475395 0.066743528614728695 0.057653851847104767 -0.013931843020494302 -0.07594058560593224 -0.036858211951407809 0.017371963558318583 -0.0025270268633034733 0.54655765975448811 -0.029221482957857949 -0.013419899905140533
leaf_weight=475.84414487593313 4.5010671586060189 12.059275988674925 19.488792529129572 35.813864149731671 31.383760311895458 3.1208418617316047 23.448179194041586 0.54839000471110821 2.6788858053041613 38.621388015417324 13.939264297972842 13.297084501289644 27.871413828914228 15.047019539510073 24.978966832684822 3.0018870655621859 104.67375383780745 22.005152608209755 12.14427843962039 36.01496546746057 12.615113283212851 21.26801713911118 12.790292160832903 25.24580064235488 57.298791021974466 140.17975802007277 266.30212193717307 0.13653580893878903 25.616942908578494 5.450513023104576
leaf_count=43982 192 27855 894 2446 1279 2525 803 158 313 3042 2655 1177 10400 8697 1696 333 12662 3967 2055 2599 7298 1273 906 3282 2688 6855 11814 11 1729 14922
internal_value=0.000216749 0.0114045 0.0048671 0.0120781 -0.0012435 -0.0254784 -0.00855734 -0.000853067 0.0025131 -0.0051145 -0.0312671 0.00373603 -0.00154384 -0.015952 0.00285077 0.0490922 -0.00238886 0.000251847 0.0410488 0.0362774 -0.0011626 0.0253428 -0.0558862 -0.0498109 -0.00273472 0.0078912 -0.00860592 0.087281 -0.0524106 0.0425577
internal_weight=1487.39 129.816 117.757 95.1469 59.333 22.6096 54.8319 1357.57 758.455 599.115 78.6475 27.2363 686.213 160.382 525.83 27.9809 119.721 497.849 72.2427 69.5638 520.468 57.283 40.6617 51.4111 502.402 178.801 323.601 12.2808 50.8627 18.0656
internal_count=180508 35994 8139 4720 2274 3419 2082 144514 88894 55620 9001 3832 82643 32665 49978 2029 21359 47949 6251 5938 46619 3872 11306 5169 24399 9897 14502 2066 5011 22220
is_linear=0
shrinkage=0.08


Tree=121
num_leaves=31
num_cat=0
split_feature=14 13 3 3 0 3 0 5 7 3 2 5 5 2 6 15 9 5 2 3 2 2 2 9 6 8 9 8 2 0
split_gain=2.51139 2.07732 3.61936 5.00038 2.79164 21.0205 9.43586 19.1724 9.3137 7.92496 6.08712 9.01341 6.39783 5.4482 5.27799 5.1273 10.3611 8.09127 2.70679 4.81727 2.66536 1.91703 43.714 68.1809 1.71429 1.32444 1.24109 1.07703 0.65967 0.634271
threshold=0.98314553499221813 2.5000000000000004 58.745098114013679 57.307060241699226 49.719100952148445 51.022111892700202 31.400560379028324 0.31666667759418493 7.9240460395812997 48.683298110961921 57.321428298950202 0.47222222387790685 0.17424242943525317 43.288288116455085 1.5000000000000002 1.0000000180025095e-35 66.846843719482436 1.0000000180025095e-35 53.694938659667976 53.788747787475593 22.401432991027836 82.167320251464858 82.413585662841811 95.088153839111342 2.5000000000000004 46.52112007141114 52.467130661010749 66.823898315429702 88.762622833251967 88.396572113037124
decision_type=2 2 2 2 2 2 2 2 2 2 2 2 2 2 2 2 2 2 2 2 2 2 2 2 2 2 2 2 2 2
left_child=1 4 3 18 6 8 15 9 13 -8 11 -7 -12 -6 -9 17 -17 -1 19 -3 -10 26 23 -23 -24 -20 -4 -5 29 -2
right_child=28 2 21 27 5 10 7 14 20 -11 12 -13 -14 -15 -16 16 -18 -19 25 -21 -22 22 24 -25 -26 -27 -28 -29 -30 -31
leaf_value=0.10602031685001745 0.041302634170990102 0.011191314380626358 0.2817581324106308 -0.07788133396233049 0.034684637829982753 -0.030251448855177134 -0.023352429152675692 0.051537821126353189 -0.4101335439633243 -0.071311356866193193 0.026353090339556937 0.014335984689986331 -0.0003272154316093817 0.093938649316461162 -0.052761629158705851 -0.072834599929327906 0.0099947633662149007 -0.087584113778794381 0.30655555104927362 -0.14911802580766248 -0.071568104375141259 -8.9889990765978922 0.080968371604672684 0.080043577352016837 -0.097587072649246334 0.084384806997554254 0.08513781108759659 -0.28297313543672142 0.08639597325149305 -0.1099007031778651
leaf_weight=6.9009298936289252 1.1454331094573706 42.483915771939792 0.2141213146969666 0.26350970659404893 18.799205613700906 95.045199367377791 105.00487587721727 25.165813014988093 0.15889478847384397 27.913440521020675 61.562973723026516 41.7677565782069 876.24188290495658 21.052666525996756 3.5422326451371182 10.46259147004457 126.84797155577689 1.7273608438335939 0.19405358424410124 1.2345341441687185 2.3461780044744955 0.0088212006812681265 1.5274007582193005 0.013311450355104171 0.44420694425934915 1.4926161580951882 5.0793822737468872 0.43340893869753927 2.6685836744363769 0.21012640005937999
leaf_count=627 6041 1171 4 10 1149 19162 13534 3623 2 8554 7261 2749 82968 1623 1010 6508 1343 893 2 39 1280 16 4640 32 1089 159 3051 45 11896 27
internal_value=0.000197471 2.56252e-05 0.0155183 0.00723691 -0.000555011 0.00130335 -0.00730395 -0.020619 0.0565816 -0.033424 -0.000875491 -0.0166393 0.00142424 0.0659869 0.0386685 0.00744234 0.00368345 0.0672612 0.0105011 0.00666445 -0.093043 0.0679093 0.0010503 -3.53452 0.0407395 0.109946 0.0930911 -0.205427 0.0633107 0.0178645
internal_weight=1481.95 1477.93 53.3893 46.102 1424.54 1116.97 307.565 161.626 42.3569 132.918 1074.62 136.813 937.805 39.8519 28.708 145.939 137.311 8.62829 45.4051 43.7184 2.50507 7.28724 1.99374 0.0221327 1.97161 1.68667 5.2935 0.696919 4.02414 1.35556
internal_count=180508 162544 10258 1426 152286 116194 36092 26721 4054 22088 112140 21911 90229 2772 4633 9371 7851 1520 1371 1210 1282 8832 5777 48 5729 161 3055 55 17964 6068
is_linear=0
shrinkage=0.08


Tree=122
num_leaves=31
num_cat=0
split_feature=13 3 9 2 2 1 1 3 7 0 9 2 1 3 9 1 3 4 13 1 2 7 4 2 4 7 7 7 7 7
split_gain=9.18661 26.7055 9.37972 6.42204 6.22249 2.9135 2.69245 19.592 17.1568 10.6404 22.9604 9.77527 8.36452 8.08616 7.5528 7.50993 13.742 11.7039 5.07555 4.57872 4.38113 4.26476 3.67289 2.94424 5.41868 3.13858 2.975 2.86955 8.07378 4.26919
threshold=2.5000000000000004 65.485893249511733 95.088153839111342 82.167320251464858 82.413585662841811 93.127067565917983 98.332870483398452 99.523811340332045 15.037680149078371 83.75235748291017 66.846843719482436 87.841831207275405 92.031745910644545 94.804317474365249 44.783893585205085 92.907444000244155 84.028984069824233 80.810150146484389 1.0000000180025095e-35 96.362434387207045 83.047893524169936 15.466296195983888 87.570224761962905 71.010189056396499 63.453348159790046 13.317865371704103 8.9296073913574237 8.0660772323608416 9.0727229118347186 7.2555918693542489
decision_type=2 2 2 2 2 2 2 2 2 2 2 2 2 2 2 2 2 2 2 2 2 2 2 2 2 2 2 2 2 2
left_child=6 5 3 -3 -5 -2 7 11 9 20 -11 15 21 -14 22 17 -17 -1 23 -16 -9 -13 -10 24 26 -26 -8 29 -29 -25
right_child=1 2 -4 4 -6 -7 18 8 14 10 -12 12 13 -15 19 16 -18 -19 -20 -21 -22 -23 -24 27 25 -27 -28 28 -30 -31
leaf_value=-0.0032281670557085633 0.011633466393557787 0.11267770010322964 0.057947627626174711 0.35420725152417398 0.080113326250678532 -0.17031161359456115 0.062990086657758862 -0.082770091283299388 0.056844431447909342 -0.12478543607861553 -0.60748772500435932 0.030385789175485317 -0.046129258852731767 0.06642662794401559 -0.041691577438480468 0.088052255191561526 -0.055265662867802136 0.030989611869187278 0.072877356680027039 -0.48671771668098102 -0.0077834671679884448 0.08033772874332297 -0.043781658499374453 -0.00043642285776332966 0.094467753044138236 0.030478632377758389 -0.024419607655146832 0.11196385466311731 0.0016750978716597181 -0.091642405559193729
leaf_weight=824.26150604811846 47.296742238497245 1.8614201830350774 3.2612813635096245 2.6174115240573887 0.66470151082467044 0.57005557121010397 3.0126541070276316 15.683735211554454 12.067181564430941 7.9422611932677665 0.685066043097322 41.95579999840993 15.209945032627731 5.5848776641796567 12.184636794463582 4.9147200975712613 33.250222334827413 69.357525708554022 7.0423278295311311 0.14978177718876473 7.3110210516060752 14.796617600874013 2.8744884537009048 9.0569156658602861 6.9960227149567826 16.418652643522364 14.419415905729691 4.3115276443422763 288.75975719582857 5.1535616151777495
leaf_count=92900 1688 746 9272 16 2151 91 283 1579 662 519 97 3838 1936 2123 3613 805 1811 6756 24285 12 747 2407 140 582 400 611 872 304 18893 369
internal_value=0.000857036 0.0325603 0.164082 0.231378 0.298697 0.00946664 -0.000396296 -0.00240255 -0.0472526 -0.0873534 -0.163115 0.000214611 0.0275051 -0.0159001 -0.000762425 -0.00205663 -0.0368098 -0.000572382 0.00563783 -0.0470957 -0.0589286 0.0434094 0.0374859 0.00427763 0.0244565 0.0495978 -0.00931324 0.00159527 0.00329761 -0.0335131
internal_weight=1479.67 56.2716 8.40481 5.14353 3.28211 47.8668 1423.4 1068.23 58.8982 31.6221 8.62733 1009.33 77.5472 20.7948 27.2761 931.784 38.1649 893.619 355.171 12.3344 22.9948 56.7524 14.9417 348.129 40.8467 23.4147 17.4321 307.282 293.071 14.2105
internal_count=180508 13964 12185 2913 2167 1779 166544 119945 7369 2942 616 112576 10304 4059 4427 102272 2616 99656 46599 3625 2326 6245 802 22314 2166 1011 1155 20148 19197 951
is_linear=0
shrinkage=0.08


Tree=123
num_leaves=31
num_cat=0
split_feature=13 3 9 2 3 2 5 2 3 2 0 7 7 6 2 7 3 8 5 3 0 7 7 2 13 9 3 9 7 5
split_gain=7.73039 22.0133 5.34387 5.10384 4.69862 2.96449 2.57953 15.357 23.5771 14.4995 12.5501 10.2832 9.63076 9.53854 8.79713 12.1392 8.52468 7.81114 7.02952 5.98911 5.88787 5.80824 6.74217 4.667 4.53439 3.91685 3.48156 3.46969 3.10412 3.30481
threshold=2.5000000000000004 58.745098114013679 95.088153839111342 82.167320251464858 57.83625793457032 82.413585662841811 0.47222222387790685 83.047893524169936 82.637680053710952 69.614067077636733 69.614067077636733 6.622230291366578 8.6932015419006365 1.5000000000000002 59.417230606079109 7.7057902812957773 92.031745910644545 95.256843566894545 0.58571431040763866 71.346469879150405 68.457099914550795 8.0660772323608416 6.4860010147094735 41.728857040405281 1.0000000180025095e-35 57.212205886840827 83.935482025146499 87.888435363769545 24.573199272155765 0.15476191043853763
decision_type=2 2 2 2 2 2 2 2 2 2 2 2 2 2 2 2 2 2 2 2 2 2 2 2 2 2 2 2 2 2
left_child=6 4 3 -3 -2 -5 7 8 9 12 13 -11 -1 14 15 -8 23 -16 27 -12 -20 22 -21 -10 -23 -18 -9 -15 29 -28
right_child=1 2 -4 5 -6 -7 10 26 16 11 19 -13 -14 18 17 -17 25 -19 20 21 -22 24 -24 -25 -26 -27 28 -29 -30 -31
leaf_value=-0.002660897940486543 0.0091107588742247118 0.096781893688473897 0.061846602460204958 0.27253593462546283 -0.20503768992064317 0.080104690609574758 0.091002876210969794 0.13236973565298782 0.31282481924215944 0.084640737332275298 -0.13601296647303796 0.012667132766579128 -0.035011677330187313 -0.037369819992586761 0.070092699081820045 -0.004770779586278963 -0.016617674173255811 -0.16146213185505479 0.0077495411540621541 0.10362363764499664 0.080999544331675749 -0.0012080950942154989 -0.038988090209369573 -0.082429560221552803 0.051424669327333604 0.1251634200550357 -0.02096439296511541 0.083242125354182059 -0.26159851382988819 0.056208122580229024
leaf_weight=432.00168074934481 45.108994362250087 2.7342265710103657 3.9767038210993633 3.1039419472217564 0.66539521119557221 0.61366029972487002 10.808467305672819 3.0330084195447879 0.19222975973389012 18.244370936939958 2.1526924315548959 41.840891085012117 68.190265223514871 26.824571125238439 42.881786674548493 39.14599312513019 5.3409742495859964 0.95308903449767868 50.209203894824896 2.2431924462907764 8.1650943014537898 551.82370496309522 39.149303743142809 35.331057227842393 10.678505666548515 1.6268985741371578 4.1897710280136442 1.6185806147477695 0.21374751362600264 23.309219075421424
leaf_count=44784 1390 833 9538 16 36 2151 715 301 9 2484 151 3035 24818 2976 2669 2597 803 206 3703 219 580 34137 3129 3886 29159 570 1322 555 3 3733
internal_value=0.000796039 0.0298954 0.13479 0.17975 0.00599781 0.240772 -0.000355563 -0.00415487 -0.00696795 -0.00261076 0.00270412 0.0345213 -0.00707122 0.0212142 0.0389027 0.0159514 -0.0644208 0.0650581 0.00210524 -0.00281202 0.0179954 -0.0023372 -0.0312595 -0.0802907 -0.000208918 0.0164862 0.0509955 -0.0305063 0.0420895 0.04445
internal_weight=1476.37 56.2029 10.4285 6.45183 45.7744 3.7176 1420.17 633.514 602.768 560.277 786.654 60.0853 500.192 180.607 93.7893 49.9545 42.4912 43.8349 86.8174 606.047 58.3743 603.895 41.3925 35.5233 562.502 6.96787 30.7457 28.4432 27.7127 27.499
internal_count=180508 13964 12538 3000 1426 2167 166544 85748 80389 75121 80796 5519 69602 14001 6187 3312 5268 2875 7814 66795 4283 66644 3348 3895 63296 1373 5359 3531 5058 5055
is_linear=0
shrinkage=0.08


Tree=124
num_leaves=31
num_cat=0
split_feature=13 3 9 3 3 4 14 3 8 8 4 7 6 7 9 7 9 9 7 9 6 7 10 7 9 4 4 4 4 6
split_gain=6.55823 18.7962 3.837 3.64214 2.64444 2.54877 7.0274 6.51305 5.02941 7.26325 3.33461 2.35271 7.9869 10.0741 8.93177 5.42573 4.82611 4.61284 3.89651 3.67697 3.55812 11.7215 3.45156 2.74709 2.2933 1.90874 3.33437 3.36913 2.70031 1.80272
threshold=2.5000000000000004 58.745098114013679 95.088153839111342 57.83625793457032 82.097072601318374 35.948717117309577 0.4727440625429154 50.28735542297364 97.746780395507827 95.071849822998061 26.747966766357425 33.47633361816407 3.5000000000000004 25.309873580932621 78.886161804199233 25.818117141723636 83.377899169921889 92.60501861572267 23.624343872070316 90.636241912841811 2.5000000000000004 20.338431358337406 1.0000000180025095e-35 23.435126304626468 68.588039398193374 86.391696929931655 87.939392089843764 87.570224761962905 86.319076538085952 4.5000000000000009
decision_type=2 2 2 2 2 2 2 2 2 2 2 2 2 2 2 2 2 2 2 2 2 2 2 2 2 2 2 2 2 2
left_child=11 3 4 5 -3 8 24 -8 9 -2 -10 12 13 20 -15 18 -16 19 23 -17 21 -1 -22 -14 -7 28 27 29 -13 -27
right_child=1 2 -4 -5 -6 6 7 -9 10 -11 -12 25 15 14 16 17 -18 -19 -20 -21 22 -23 -24 -25 -26 26 -28 -29 -30 -31
leaf_value=-0.00078802949455777916 -0.014500606405656691 0.095592778594437391 0.060516944807683624 -0.17218525586873082 0.20076856155872688 -0.082935383441277918 -0.18861344426181009 0.008319428326963264 -0.0027366960853456124 -0.17810799457249041 0.092797151117026133 0.0663708910463848 0.046506345527767688 0.072091606328024749 -0.16343245159954298 -0.071798050404531702 0.0026923003177437605 0.062987473813503086 0.09221387481724122 -0.26302024665383761 -0.017786849018750175 0.063700975970378618 0.083781229753581862 -0.47560043202905006 0.071859548352646782 0.097114353095616224 0.030352794159111639 -0.30872949995899218 0.35930889412682815 -0.15490574778469371
leaf_weight=1230.1850366621329 15.207088421593655 2.4249656507818127 3.7483746238285676 0.72617069602711026 4.14541129861027 0.64515312912408518 1.4651981169881754 4.0338279142742977 5.3016218226403016 1.960506829433142 4.1835852432996035 2.979770559144526 0.11961976995735613 22.498891802337312 1.279555815111961 15.135651508913725 8.9308166470837005 1.5908481497026503 2.2670074880370521 0.67214617325225923 97.415835051793692 18.306628994847415 2.1894450916188353 0.13995896203050506 12.113247906047034 0.40738960784437839 10.447943615818074 0.37964126833685441 0.21599000012793101 0.32782545900772675
leaf_count=139281 266 508 9538 36 2492 79 75 326 185 23 73 482 39 873 280 952 4726 986 305 82 5895 4207 5889 4 363 42 2459 10 15 17
internal_value=0.000732089 0.0275945 0.125104 0.00554679 0.161951 0.00842061 0.0314475 -0.0441527 -0.007353 -0.0331843 0.0393999 -0.000329797 -0.000664582 6.10849e-05 0.0439296 -0.0509528 -0.0181263 -0.0668612 0.0585961 -0.0799288 -0.00100331 0.000157573 -0.0155543 -0.235002 0.064032 0.0314446 0.0163195 -0.115194 0.0861695 -0.015259
internal_weight=1471.45 55.9552 10.3188 45.6364 6.57038 44.9102 18.2574 5.49903 26.6528 17.1676 9.48521 1415.49 1400.73 1380.81 32.7093 19.9252 10.2104 17.3986 2.52659 15.8078 1348.1 1248.49 99.6053 0.259579 12.7584 14.7586 11.5628 1.11486 3.19576 0.735215
internal_count=180508 13964 12538 1426 3000 1390 843 401 547 289 258 166544 163519 161151 5879 2368 5006 2020 348 1034 155272 143488 11784 43 442 3025 2528 69 497 59
is_linear=0
shrinkage=0.08


Tree=125
num_leaves=31
num_cat=0
split_feature=13 3 3 9 1 1 9 3 2 2 3 5 0 1 9 0 4 4 1 3 0 0 1 3 4 3 4 0 9 0
split_gain=5.64891 16.4332 4.21686 2.993 2.79258 5.47986 4.22546 4.21538 8.7359 2.33623 13.0005 16.9733 13.8952 10.5716 9.56803 9.95505 12.8247 8.79141 8.28721 9.14205 7.59414 6.8401 6.43896 5.43828 5.39277 4.67922 5.02402 5.03372 4.36519 4.06162
threshold=2.5000000000000004 58.745098114013679 58.102025985717781 95.088153839111342 64.346244812011733 64.565757751464858 93.887130737304702 50.28735542297364 49.719100952148445 43.521308898925788 44.033897399902351 0.31666667759418493 51.66851997375489 56.070175170898445 53.368236541748054 48.934240341186531 47.673160552978523 68.13346099853517 59.850746154785163 30.0684928894043 64.051280975341811 34.851621627807624 71.516754150390639 60.120481491088874 46.543485641479499 45.512083053588874 46.049896240234382 45.867485046386726 25.472371101379398 57.985507965087898
decision_type=2 2 2 2 2 2 2 2 2 2 2 2 2 2 2 2 2 2 2 2 2 2 2 2 2 2 2 2 2 2
left_child=9 2 4 -3 7 -6 -7 8 -2 10 12 17 18 14 -11 23 -17 21 19 -1 22 -12 -13 -16 -14 29 27 -27 -22 -15
right_child=1 3 -4 -5 5 6 -8 -9 -10 13 11 20 24 25 15 16 -18 -19 -20 -21 28 -23 -24 -25 -26 26 -28 -29 -30 -31
leaf_value=0.0071684058909691961 0.012375419911777367 0.15058904576730689 -0.1988012217041262 0.059145413364553319 -0.36397273938405184 -0.13159169524436296 0.045080943121475467 0.09052668109492816 -0.22235436302998565 -0.038087133515695627 0.082462835918233085 0.049355619164948628 0.40616735466773868 0.041695940602436331 0.0024655954037296262 0.17154998091801577 0.041466163526986011 -0.89746569276384824 0.06989387699528328 -0.026521942640147608 0.40692830528196211 -0.083350570243032732 -0.051501326552422358 0.12230333490831226 0.082063202984358125 0.0055259773818385031 -6.2139869196421346e-06 -0.08487275820788695 0.092782025513533456 0.23958904400885186
leaf_weight=130.23547866528679 35.634357034316054 6.5008434036499221 0.63899657875299354 3.5371959105304995 0.33853080566041116 1.4669249000144193 2.1163543364527868 4.1752468830673015 1.0444740988314141 9.1793615938731801 1.6769207543111395 9.3900290663223185 0.34000846650451322 2.6173080628432213 20.85922954778653 8.0113411361235212 12.293362007010726 0.083380897151072442 9.5751902552146912 85.317265317346028 0.46338818594813236 31.52346224446228 7.1253387661636216 2.7421636469443902 9.7630955006534332 7.0302029359299949 1055.2679884193367 8.9751627441000874 0.72755282081197947 0.88930453378998198
leaf_count=7021 702 3000 23 9538 4 76 408 188 25 5404 759 1576 19 328 514 130 291 17 649 10982 3 7494 926 112 629 2316 125527 1587 119 141
internal_value=0.000686536 0.0257336 0.00525909 0.118366 0.00817123 -0.0563117 -0.0272454 0.0143613 0.00569121 -0.000295677 -0.00675055 -0.043371 0.00118751 0.00134239 0.0361925 0.051722 0.0927915 -0.077036 -0.00293145 -0.00616647 0.0199113 -0.0749755 0.00584221 0.0163891 0.0929706 -0.000378921 -0.000680924 -0.045166 0.215015 0.0918832
internal_weight=1469.54 55.4529 45.4149 10.038 44.7759 3.92181 3.58328 40.8541 36.6788 1414.09 286.221 50.9901 235.231 1127.87 53.0855 43.9061 20.3047 33.2838 225.128 215.553 17.7063 33.2004 16.5154 23.6014 10.1031 1074.78 1071.27 16.0054 1.19094 3.50661
internal_count=180508 13964 1426 12538 1403 488 484 915 727 166544 30194 10894 19300 136350 6451 1047 421 8270 18652 18003 2624 8253 2502 626 648 129899 129430 3903 122 469
is_linear=0
shrinkage=0.08


Tree=126
num_leaves=31
num_cat=0
split_feature=13 3 3 2 3 1 4 9 1 0 1 0 9 13 9 4 3 0 2 3 2 1 1 14 1 9 4 13 14 0
split_gain=4.87156 14.5401 3.28935 2.44955 3.58489 5.97664 2.83511 2.42902 2.26978 10.8293 6.42274 23.7577 6.35084 6.09599 6.4422 6.19078 5.76283 9.63367 8.08582 5.01961 12.735 6.61156 6.5223 5.30819 4.96516 3.62818 3.46711 2.49911 5.64103 4.11125
threshold=2.5000000000000004 58.745098114013679 58.102025985717781 53.950418472290046 53.788747787475593 64.346244812011733 35.948717117309577 95.088153839111342 42.179391860961921 31.400560379028324 52.704679489135749 49.719100952148445 52.957075119018562 1.0000000180025095e-35 66.846843719482436 29.459980010986332 30.0684928894043 45.035211563110359 34.094448089599616 38.165266036987312 40.202020645141609 55.646631240844734 62.910053253173835 0.14652323722839358 54.692083358764656 97.912307739257827 47.673160552978523 1.5000000000000002 0.30805301666259771 33.520599365234382
decision_type=2 2 2 2 2 2 2 2 2 2 2 2 2 2 2 2 2 2 2 2 2 2 2 2 2 2 2 2 2 2
left_child=8 2 3 4 6 -6 -2 -3 9 13 11 16 -13 -1 -15 -16 17 -10 -18 21 22 24 -21 -23 -12 -22 -14 28 -11 -30
right_child=1 7 -4 -5 5 -7 -8 -9 10 27 19 12 26 14 15 -17 18 -19 -20 20 25 23 -24 -25 -26 -27 -28 -29 29 -31
leaf_value=0.090335186345996965 -0.0077464917113846069 0.14199576223196583 -0.16794388508073621 0.10157557380209223 0.063260032256125906 -0.27688834248862715 0.035727437956672978 0.057732993862564308 0.0261023248358398 -0.073794148881352148 0.028131166476958677 -0.082577850294683411 0.17774122658001226 -0.070817077999215605 -0.0061524078564803028 0.047580478102868778 -0.062374021297733936 0.23364633548778524 0.0079597686228598911 -0.085654667535918425 -0.00066639628920917905 -0.070677954226230105 -0.015326263753190334 0.094875239302830913 -0.14698121730604208 0.031724796017735042 0.085968626607710874 -0.082207433138163866 -0.069153791495449812 0.078009308355796933
leaf_weight=4.6623707873804952 26.407182321301661 6.3492062053046521 0.69339004764333267 1.7088802828220639 0.5973265761276696 0.74035867024213076 15.084536292328265 3.341909379883873 21.968501336639751 8.5113510754526924 2.6376622937386882 0.86662116134539147 6.8174432454397884 8.3030389876803365 85.570781562011689 16.343923651613295 13.234926489458301 1.5311291990801681 49.912808620574651 16.589540249486163 1098.1012309426114 1.4094463007641014 17.178917030534649 10.280649758366051 1.7068912589311365 22.586938628573989 4.294137287128251 12.406535217480268 1.8032010411843664 3.7241902544628829
leaf_count=568 545 3000 23 183 33 16 626 9538 1032 2603 203 571 100 5732 919 141 2042 24 7157 3498 113889 178 3350 407 68 23208 79 710 22 43
internal_value=0.000636622 0.0240117 0.00495867 0.00765049 0.0039029 -0.124999 0.00805869 0.112938 -0.000273605 -0.00989072 0.000797331 0.0204033 0.126007 0.00073437 -0.00305587 0.00246466 0.00580457 0.0396249 -0.00678126 -0.000854669 -0.00147209 0.0435982 -0.0498767 0.0749149 -0.0406671 -1.35672e-05 0.142275 -0.0560468 -0.0329278 0.0300003
internal_weight=1465.37 54.9228 45.2317 44.5383 42.8294 1.33769 41.4917 9.69112 1410.44 141.325 1269.12 98.6256 11.9782 114.88 110.218 101.915 86.6474 23.4996 63.1477 1170.49 1154.46 16.0346 33.7685 11.6901 4.34455 1120.69 11.1116 26.4453 14.0387 5.52739
internal_count=180508 13964 1426 1403 1220 49 1171 12538 166544 10738 155806 11005 750 7360 6792 1060 10255 1056 9199 144801 143945 856 6848 585 271 137097 179 3378 2668 65
is_linear=0
shrinkage=0.08


Tree=127
num_leaves=31
num_cat=0
split_feature=14 10 8 14 4 8 5 7 8 2 2 4 8 2 4 8 8 7 6 7 7 7 6 7 14 14 10 4 7 0
split_gain=2.93386 8.74006 3.63709 7.55307 5.48971 17.4981 4.07402 3.93139 3.83635 7.05444 15.1082 5.22871 4.09172 6.8344 3.3455 3.29414 3.23886 2.35359 8.31986 14.1996 7.75324 5.2708 3.5999 11.9216 3.54465 3.19806 14.7352 2.79682 2.64977 2.27211
threshold=0.76345023512840282 1.0000000180025095e-35 85.777496337890639 0.96788921952247631 76.533164978027358 51.445278167724616 0.77500000596046459 16.303938865661625 88.937835693359389 78.611557006835952 75.123764038085952 88.493064880371108 92.140716552734389 74.322341918945327 54.653680801391609 93.555309295654311 83.10181045532228 33.47633361816407 3.5000000000000004 25.309873580932621 27.66486740112305 27.963309288024906 2.5000000000000004 17.915308952331547 0.68947261571884166 0.4727440625429154 -1.0000000180025095e-35 92.63776016235353 30.45053863525391 82.807880401611342
decision_type=2 2 2 2 2 2 2 2 2 2 2 2 2 2 2 2 2 2 2 2 2 2 2 2 2 2 2 2 2 2
left_child=17 2 3 7 5 -5 -6 14 9 10 -4 -11 13 -10 -2 -14 -9 18 19 22 -20 -22 23 -1 -24 26 -21 -23 -27 -3
right_child=1 29 8 4 6 -7 -8 16 12 11 -12 -13 15 -15 -16 -17 -18 -19 20 25 21 27 24 -25 -26 28 -28 -29 -30 -31
leaf_value=-0.0014380423212319263 -0.20722267904396638 0.096789117040127007 0.010133578681145368 -1.9862358367072919 -0.21034184001507761 -0.22248642828788906 0.081069169323696039 -0.0044154634712327981 -0.13085470677987177 0.056006164226871526 -0.42531885820237419 -0.091361171876038455 -0.056984266706952988 0.082500246445589037 0.075032153250179798 0.0032904010768509779 0.082764563486053572 0.037167409211287951 0.043242517472926185 0.4162979235266201 -0.28547902858275903 -0.10019029166015124 -0.01968645335028121 0.04090376890256877 0.084765132829634618 0.034659571424581578 0.064159085947191039 -0.018038822521565741 -0.11750058807803555 0.037224978860092704
leaf_weight=1190.6109229414578 0.27516679567634383 8.292814624854147 1.1095991310576194 0.038684410268614466 0.53531083920097422 0.51871329954519751 0.72001562326113344 16.411969276079621 1.1274448725380342 3.0366467589992681 0.94354918923636422 3.1282760445537861 8.3918519212566043 6.5045717269968009 11.535381997942748 18.810676019762468 3.2708870689093592 10.620643759713856 3.8220247751160086 0.79905603043153384 0.79932369227753852 8.1169911698088963 81.917407849643496 44.134910985987517 2.1334815988811888 5.0181271510955403 15.767724364995956 3.9394864728674284 0.8576482646021758 8.1039147546889563
leaf_count=108068 24 12856 104 30 214 178 1155 3446 121 433 59 1076 937 1799 3392 2724 668 433 203 103 21 277 3838 2365 355 349 350 211 49 34670
internal_value=0.000587062 0.014356 0.00297637 0.022827 -0.135967 -0.344894 -0.0431977 0.031967 -0.0123804 -0.0615469 -0.189984 -0.0187727 -0.000781166 0.0509822 0.0684561 -0.0153041 0.0100721 -0.000346154 -0.000639558 5.87196e-05 -0.0567954 -0.0865366 -0.00101508 7.54287e-05 -0.0170351 0.0631586 0.0811436 -0.0733471 0.0124498 0.0673502
internal_weight=1461.29 92.7555 76.3587 33.3061 1.81272 0.557398 1.25533 31.4934 43.0526 8.21807 2.05315 6.16492 34.8345 7.63202 11.8105 27.2025 19.6829 1368.54 1357.92 1341.24 16.6778 12.8558 1318.8 1234.75 84.0509 22.4426 16.5668 12.0565 5.87578 16.3967
internal_count=180508 63886 16360 9107 1577 208 1369 7530 7253 1672 163 1509 5581 1920 3416 3661 4114 116622 116189 115477 712 509 114626 110433 4193 851 453 488 398 47526
is_linear=0
shrinkage=0.08


Tree=128
num_leaves=31
num_cat=0
split_feature=13 3 1 1 7 1 9 9 9 4 0 4 1 3 7 0 9 8 1 4 3 3 3 0 3 13 0 4 7 4
split_gain=3.9764 11.9977 2.74949 3.39263 3.45646 3.35279 3.0623 8.6737 5.47617 3.44593 4.4234 3.16975 2.09928 16.9299 14.6066 8.28506 8.2519 7.79437 7.45063 13.2403 11.6333 9.79712 9.7068 5.67706 4.53547 4.02852 3.62305 3.44395 3.08666 2.39972
threshold=2.5000000000000004 58.745098114013679 64.346244812011733 65.26175689697267 8.6068124771118182 99.494949340820327 93.629318237304702 95.256843566894545 94.349296569824233 36.98005676269532 20.169491767883304 29.459980010986332 98.332870483398452 99.523811340332045 15.037680149078371 83.75235748291017 66.846843719482436 30.813186645507816 94.201679229736342 80.982517242431655 94.804317474365249 88.548007965087905 83.935482025146499 78.979854583740249 94.957626342773452 1.0000000180025095e-35 87.841831207275405 87.570224761962905 13.709346771240236 91.476997375488295
decision_type=2 2 2 2 2 2 2 2 2 2 2 2 2 2 2 2 2 2 2 2 2 2 2 2 2 2 2 2 2 2
left_child=12 2 6 -4 5 -5 9 8 -8 10 -2 -9 13 18 15 28 -17 27 19 23 21 -20 -21 -1 -22 29 -19 -16 -15 -14
right_child=1 -3 3 4 -6 -7 7 11 -10 -11 -12 -13 25 14 17 16 -18 26 20 22 24 -23 -24 -25 -26 -27 -28 -29 -30 -31
leaf_value=-0.00032695405710953809 0.091606909056304101 0.10471635064812035 -0.1775179104317714 0.043818356648203834 -0.35191875263973743 -0.17775266246630575 0.0063730556124710078 -0.018625332633315225 -0.1717467062134897 0.088825384649172862 -0.032249541126487133 0.042922165565909255 0.010000873865202041 -0.07446209461090969 0.06454533137794162 -0.11904748056101512 -0.35964502688924654 -0.025894137683062639 0.033119797718078867 0.083518105949310431 0.47168393997740582 -0.088288027537167829 0.017368100484892138 -0.029279279613536938 0.037652183412650399 0.06997837505722225 -0.14297453624020498 -0.037726257068463082 -0.0087762707297793143 -0.0033783821250365914
leaf_weight=790.10999868701401 2.7490388038568181 9.2645293817167822 1.0954805738292623 2.5307120268262233 0.18349876895081241 0.52832608809694637 1.7878941537346715 9.4231690336018818 2.8907573185861111 5.771226583980023 5.6143871831009164 12.405510755255817 189.9555377461329 16.059143749993389 10.338725400550176 7.6262984451313951 1.0363015705952419 11.973738914130079 5.3764598426059846 16.345458292962576 0.15704655963054293 20.373364788392792 108.00978737139121 45.860592432531121 8.1702114483250607 6.0179315943187239 1.9698376258202177 2.6467904337332575 6.4044677765668885 156.47180575516359
leaf_count=91658 34 12538 12 470 12 7 23 223 32 129 143 341 8932 1734 267 519 97 3725 585 3209 33 1337 10622 3299 1833 24285 380 55 592 13382
internal_value=0.000561824 0.0218153 0.00474022 -0.0558006 -0.0146787 0.00555085 0.0112022 -0.00483345 -0.10368 0.0412745 0.00846179 0.0163529 -0.000258792 -0.00204835 -0.0440411 -0.0813654 -0.14783 -0.000899522 0.000403275 0.00170772 -0.0363574 -0.0629386 0.026063 -0.00191525 0.0458377 0.00508512 -0.0424343 0.0436997 -0.0557348 0.00395783
internal_weight=1459.15 54.2445 44.98 4.33802 3.24254 3.05904 40.642 26.5073 4.67865 14.1347 8.36343 21.8287 1404.9 1052.46 58.0553 31.1262 8.6626 26.9291 994.403 960.326 34.0771 25.7498 124.355 835.971 8.32726 352.445 13.9436 12.9855 22.4636 346.427
internal_count=180508 13964 1426 501 489 477 925 619 55 306 177 564 166544 119945 7369 2942 616 4427 112576 108788 3788 1922 13831 94957 1866 46599 4105 322 2326 22314
is_linear=0
shrinkage=0.08


Tree=129
num_leaves=31
num_cat=0
split_feature=14 3 2 7 3 2 8 2 2 14 7 4 10 14 1 2 5 2 1 7 8 1 14 2 8 1 0 4 0 0
split_gain=2.49258 7.26198 4.88953 3.82005 6.45087 9.02979 3.96919 3.35772 6.6775 2.95888 6.38234 2.43325 2.29361 4.46812 6.71445 7.79921 6.63606 5.98826 36.66 5.18621 5.20886 4.70359 4.09756 4.07229 2.99986 2.63422 10.1061 7.38168 8.95622 8.86817
threshold=0.76345023512840282 82.446311950683608 93.40579986572267 15.548498630523683 84.29276275634767 77.836257934570327 82.378189086914077 71.834934234619155 72.04651260375978 0.76927912235260021 9.6919102668762225 57.804552078247077 -1.0000000180025095e-35 0.31250925362110143 63.702239990234382 61.451047897338874 1.0000000180025095e-35 59.122919082641609 64.051280975341811 39.296045303344734 26.198685646057132 52.704679489135749 0.34786488115787512 31.287651062011722 23.345499038696293 42.179391860961921 28.743545532226566 30.471628189086918 33.520599365234382 32.495286941528327
decision_type=2 2 2 2 2 2 2 2 2 2 2 2 2 2 2 2 2 2 2 2 2 2 2 2 2 2 2 2 2 2
left_child=12 -2 3 4 5 -3 -6 11 -9 10 -4 -5 13 16 15 23 17 21 -19 20 -16 -1 -17 -15 -18 26 -14 28 -28 -29
right_child=1 2 9 7 6 -7 -8 8 -10 -11 -12 -13 25 14 19 22 24 18 -20 -21 -22 -23 -24 -25 -26 -27 27 29 -30 -31
leaf_value=0.07658645800385612 0.12009280197447086 -0.3229600682195361 -0.68079444938615197 -0.13442734151995345 0.084602929967274212 0.080530963480783646 0.01511404821539101 -0.35753809538996861 -0.011772267137211924 0.081076563605847432 0.080396105146367969 0.084999947375374807 0.0051288440973510201 -0.20732038787780821 0.1167361633228428 0.3617065989964659 0.033550120456704392 1.7803040769626433 -0.080286567927425265 0.18700930162358426 -0.0096024094312494885 -0.03498027669662114 0.086481617932120974 0.011086412446664851 -0.075781587054457214 0.0029450732208615655 -0.11456159135871456 0.029481780737479174 0.037889385150521419 -0.054832662003075648
leaf_weight=3.5625846036418807 3.9017274056968736 0.7666376762426832 0.10446042453986493 0.35742275618395014 8.0250594734461647 0.6610459360817913 15.27287272133435 0.35996678785522718 51.364863253971635 7.1575275771829183 0.21682969260655227 3.4012012025013973 109.78016353395651 0.56678931717761116 2.1086207712651222 0.3614626696362383 1.7751240116049327 0.085977496200940418 0.32013086575898342 0.87264485459308971 219.73018358345871 7.5306946708878968 8.200126303243449 15.165419879354884 16.874299946794054 929.85951611553901 12.429249607768723 14.432402414269744 3.0768124622409223 17.868321338639362
leaf_count=358 2144 184 9 142 4330 751 8094 41 16564 30093 130 1404 5595 7 219 279 947 53 228 22 20214 1023 450 1124 40333 40835 1853 777 360 1945
internal_value=0.000525848 0.0133016 0.00854982 0.00278138 0.0289344 -0.136136 0.0390498 -0.00887342 -0.0141785 0.0704154 -0.167088 0.0641337 -0.000331636 -0.00682829 -0.00327956 0.0366565 -0.0359026 0.0118949 0.31362 -0.00763586 -0.00840154 0.000849159 0.0981014 0.0032178 -0.065375 0.00132415 -0.00824031 -0.0389403 -0.0843113 -0.0171598
internal_weight=1456.19 91.5896 87.6879 80.2091 24.7256 1.42768 23.2979 55.4835 51.7248 7.47882 0.32129 3.75862 1364.6 277.154 247.005 24.2938 30.1488 11.4994 0.406108 222.711 221.839 11.0933 8.56159 15.7322 18.6494 1087.45 157.587 47.8068 15.5061 32.3007
internal_count=180508 63886 61742 31510 13359 935 12424 18151 16605 30232 139 1546 116622 65257 22315 1860 42942 1662 281 20455 20433 1381 729 1131 41280 51365 10530 4935 2213 2722
is_linear=0
shrinkage=0.08


Tree=130
num_leaves=31
num_cat=0
split_feature=13 3 1 3 0 1 2 2 4 1 5 4 3 1 0 7 1 2 7 4 3 0 14 7 7 10 7 1 4 8
split_gain=3.36001 10.3003 2.32737 3.03567 3.58179 2.97985 2.62839 9.52505 4.48674 3.96043 2.04847 16.1356 19.1071 17.1141 10.7535 10.0111 8.49825 10.7824 8.00109 8.78025 6.73683 6.50008 6.13517 5.51968 5.55915 5.0088 5.95418 4.75379 4.7155 4.60828
threshold=2.5000000000000004 58.745098114013679 64.346244812011733 51.89995193481446 58.204833984375007 99.494949340820327 50.28735542297364 48.050632476806648 35.948717117309577 51.66851997375489 0.47222222387790685 80.982517242431655 82.097072601318374 90.521114349365249 71.834934234619155 11.79202461242676 76.123405456542983 89.386734008789077 7.2975258827209482 53.001201629638679 93.643951416015639 53.907203674316413 0.37121400237083441 8.0660772323608416 7.2975258827209482 1.0000000180025095e-35 7.3471546173095712 75.716625213623061 65.64831924438478 95.071849822998061
decision_type=2 2 2 2 2 2 2 2 2 2 2 2 2 2 2 2 2 2 2 2 2 2 2 2 2 2 2 2 2 2
left_child=10 2 6 5 -5 -4 7 8 -2 -9 11 12 13 15 18 -1 17 27 19 21 -14 -12 -21 24 -18 29 -27 -16 -22 -20
right_child=1 -3 3 4 -6 -7 -8 9 -10 -11 14 -13 20 -15 16 -17 23 -19 25 22 28 -23 -24 -25 -26 26 -28 -29 -30 -31
leaf_value=-0.0027551619569458393 -0.004197779880224595 0.099448298082964751 0.056955680115045308 -0.20096379445663709 0.032141601414591568 -0.15253644941376285 0.088155248507609682 -0.30130966492100059 0.057474431177705523 -0.067990648423628008 0.13127815920267213 0.04910323987262518 -0.069474670172755659 0.12122034583581684 -0.063981091749964886 -0.077882719241018375 -0.0072252816516661916 0.13404462236575754 0.011688219826464065 -0.0056314625471046197 -0.047967123649922366 0.45444399865339358 0.10396075647545119 0.00073029673076052692 -0.071577390308662475 -0.29137434438660015 0.080116468070160526 -0.26400455086149033 0.10214086208504231 -0.086193876242039308
leaf_weight=523.42853168564034 24.913995834765956 8.7663726179871428 1.8763197477819624 1.3082322768168522 0.62265419063623983 0.56552304606884707 2.61609117174521 0.82486576214432616 10.832274584448895 1.0690563679672775 4.3971737706451703 34.94294867732242 38.355555387155619 7.0338479764468493 17.504422299127334 11.603397735860197 22.844357502148341 1.7712217164807942 180.81684484156722 8.7205051396012987 2.7074628103800924 0.43801331779104646 5.2298839674367619 509.86999285452112 13.770075580905539 0.28451642312575032 9.3621815936858166 0.79496229322103218 2.6506123991821369 3.1316258136539536
leaf_count=67731 477 12538 322 32 140 7 151 14 251 32 248 7844 4283 673 1421 3959 1868 106 11010 731 910 36 574 59685 950 9 3885 78 348 195
internal_value=0.000472444 0.0201685 0.0045957 -0.0508355 -0.125794 0.00843797 0.0106168 0.00522764 0.0144909 -0.169609 -0.000278937 -0.00370737 -0.00685764 -0.00275463 0.00245313 -0.00438448 -0.00330194 -0.054428 0.0178056 0.0676529 -0.0577365 0.160553 0.0354537 -0.00142424 -0.031427 0.0129686 0.0691598 -0.0726705 0.0262905 0.0100218
internal_weight=1453.05 53.3954 44.629 4.37273 1.93089 2.44184 40.2563 37.6402 35.7463 1.89392 1399.66 620.722 585.779 542.066 778.936 535.032 566.555 20.0706 212.381 18.7856 43.7136 4.83519 13.9504 546.484 36.6144 193.595 9.6467 18.2994 5.35808 183.948
internal_count=180508 13964 1426 501 172 329 925 774 728 46 166544 85748 77904 72363 80796 71690 64108 1605 16688 1589 5541 284 1305 62503 2818 15099 3894 1499 1258 11205
is_linear=0
shrinkage=0.08


Tree=131
num_leaves=31
num_cat=0
split_feature=13 3 3 6 3 3 7 6 4 7 6 7 8 3 1 7 0 9 9 7 7 0 7 13 1 7 10 4 8 9
split_gain=2.9081 9.21387 2.16823 2.06658 6.93128 4.92468 1.95324 6.4366 5.44645 5.09693 4.68573 18.992 8.97953 6.26908 5.13505 4.63167 5.83441 4.57001 4.59307 4.48914 4.51057 4.10501 3.95367 12.1267 6.44427 3.84544 3.64143 3.61979 2.88551 5.16175
threshold=2.5000000000000004 58.745098114013679 58.102025985717781 2.5000000000000004 92.63776016235353 92.40384674072267 16.657057762146 2.5000000000000004 65.345367431640639 21.638337135314945 1.5000000000000002 10.603652477264406 92.140716552734389 61.651582717895515 73.375530242919936 18.923236846923832 68.042552947998061 62.617479324340827 50.694578170776374 13.494947433471681 16.561747550964359 56.543697357177741 7.7057902812957773 1.0000000180025095e-35 91.945945739746108 16.957912445068363 1.0000000180025095e-35 57.804552078247077 28.50589752197266 49.324199676513679
decision_type=2 2 2 2 2 2 2 2 2 2 2 2 2 2 2 2 2 2 2 2 2 2 2 2 2 2 2 2 2 2
left_child=6 2 -2 -3 5 -5 10 9 -9 17 11 22 13 -13 19 16 -10 18 -8 -12 -21 -14 23 -1 -24 -19 -17 -11 -16 -30
right_child=1 3 -4 4 -6 -7 7 8 15 27 14 12 21 -15 28 26 -18 25 -20 20 -22 -23 24 -25 -26 -27 -28 -29 29 -31
leaf_value=0.018459006790126235 0.0067016198428351929 0.10711103110053292 -0.12833286591031173 0.080064872193208944 0.082382626213789459 -0.99514306248084949 0.02057980954093681 -0.065549141751572407 0.41265139365605896 -0.16816699103267221 -0.082549301975689049 -0.009933297159100048 0.040391823781808681 0.053228498333498964 -0.0014111456431552367 0.0020554714196335212 -0.048241302073157612 -0.081952656454186312 0.079596678858015149 -0.011546940756641767 -0.18666048538157895 -0.11534455165619172 -0.021373578013575641 -0.0074927044530046097 0.016549340118135077 0.0046694961612789325 0.069617198716293405 0.10625349362419692 -0.05323920985581037 -0.0080483680344543146
leaf_weight=169.97987672554154 43.751250193075975 7.7562577303051494 0.774489875882863 0.043184523710806277 0.52073165231740859 0.073946220021753106 38.871875535944127 8.5137085882524826 0.17794258662979601 0.32406488509877718 10.474023235801722 11.789411003381245 1.5808131787925948 68.447017773512925 233.60724958385981 136.42612767787796 14.484345869099341 3.7051397617669855 10.780398206989046 21.593681546535667 0.98430676195857714 3.4412289784268069 132.7800612375795 357.81644095773845 36.578335868569411 28.58224189325847 5.3041539041059869 6.0664687814605713 20.74138162680174 73.494390845693488
leaf_count=24447 1403 10377 23 152 1999 10 1866 926 52 31 2109 4585 127 6063 2557 7924 1498 917 211 3506 38 836 25801 29074 4107 12344 12644 1344 9879 13658
internal_value=0.000438555 0.0188467 0.0043528 0.0957278 -0.0426899 -0.598728 -0.000258991 0.00609811 -0.00323639 0.023525 -0.00166705 0.00181127 0.0374526 0.0439479 -0.00920798 0.000155793 -0.0426479 0.0181582 0.0333934 -0.0392622 -0.0191812 -0.0663226 -0.00254748 0.000865195 -0.0131829 -0.00527083 0.00458392 0.0923376 -0.00617801 -0.0179949
internal_weight=1449.46 52.9199 44.5257 8.39412 0.637862 0.117131 1396.54 253.236 164.906 88.3302 1143.31 782.413 85.2585 80.2364 360.895 156.393 14.6623 81.9397 49.6523 33.052 22.578 5.02204 697.155 527.796 169.358 32.2874 141.73 6.39053 327.843 94.2358
internal_count=180508 13964 1426 12538 2161 162 166544 39757 23044 16713 126787 95040 11611 10648 31747 22118 1550 15338 2077 5653 3544 963 83429 53521 29908 13261 20568 1375 26094 23537
is_linear=0
shrinkage=0.08


Tree=132
num_leaves=31
num_cat=0
split_feature=11 8 9 3 2 2 3 4 0 3 7 4 1 0 0 14 1 1 0 4 1 4 4 4 4 3 9 7 0 0
split_gain=1.97814 2.13709 2.07616 1.94509 2.01279 1.83622 11.2269 6.61229 7.5431 20.956 10.0319 6.99762 6.28255 4.2797 3.97453 3.22461 6.16184 7.78261 3.60288 8.55266 6.64701 3.16994 2.69017 10.9244 5.8064 5.27921 3.84107 2.8719 2.51488 4.86252
threshold=1.0000000180025095e-35 81.696132659912124 68.588039398193374 34.833164215087898 25.19841289520264 80.229885101318374 84.475742340087905 87.226108551025405 78.611557006835952 80.982517242431655 22.817570686340336 77.303031921386733 81.53021621704103 97.332859039306655 76.50690078735353 0.94130975008010875 89.699382781982436 89.512962341308608 80.874973297119155 80.243904113769545 82.972846984863295 75.582656860351577 68.457099914550795 67.962265014648452 79.784946441650405 80.982517242431655 54.953443527221687 7.2975258827209482 88.762622833251967 88.396572113037124
decision_type=2 2 2 2 2 2 2 2 2 2 2 2 2 2 2 2 2 2 2 2 2 2 2 2 2 2 2 2 2 2
left_child=5 2 -2 4 -3 7 22 8 11 21 -11 14 -13 28 -1 18 17 -17 20 -20 -8 -10 23 26 25 -24 -7 -26 29 -9
right_child=1 3 -4 -5 -6 6 15 13 9 10 -12 12 -14 -15 -16 16 -18 -19 19 -21 -22 -23 24 -25 27 -27 -28 -29 -30 -31
leaf_value=-0.00094320339557700885 -0.050438245330196266 0.03892428443555835 0.10163954704223799 0.084647025782080873 -0.090182762688929385 -0.034046854995526704 -0.0071225675555041711 0.13597317213345997 0.37998194094470811 -0.067107480638511269 0.038658676051932843 -0.073475894201105327 0.048950721364352516 -0.17330670852809163 -0.034013199405207903 -0.052923722358571207 0.061117893140807428 -0.81916129468451038 -0.13553658347838585 -0.0020458183158979164 0.049597703845269375 0.049576510911818507 -0.1557073322997323 0.48408090263973763 0.12007671026963143 0.012816017300220058 0.13884311007595121 0.04746971779725976 0.06078423483202882 0.69620039876612128
leaf_weight=828.43386395186644 0.68059763847850074 1.3606639094650748 3.6863988517943653 1.2179560548684092 1.7888315717573275 1.4732234179100485 28.604924511109857 1.3852878023026258 0.18816137674002575 44.05577040044227 6.5991359531799381 2.9711163931642686 27.630611485968984 0.44190583963063534 23.931254390958202 2.1741348325049308 11.993632770598197 0.088280395184483385 3.0970690362519226 375.0068228291002 24.590036769746803 15.056447937291521 1.4552140867745063 0.44591534965729795 4.3337836550272213 6.5197390721659758 1.8617027827131094 17.833630421282578 6.4269370583206182 0.10679900899413031
leaf_count=95741 60 30 1391 2682 13 59 2215 777 51 3407 294 325 3017 20 2141 2042 23186 22 182 34554 2376 1658 152 28 779 377 148 1482 1262 37
internal_value=0.000408174 0.0383646 0.0779382 -0.00120495 -0.0344052 0.000177418 0.00421844 -0.00184674 -0.00247089 -0.0285801 -0.0533287 -0.000522248 0.0370643 0.068986 -0.00187169 0.000840644 0.0382747 -0.0828226 -0.000396693 -0.00313925 0.0190971 0.0536546 0.0485832 0.112193 0.0406044 -0.017935 0.0624679 0.0616646 0.0825066 0.176073
internal_weight=1445.44 8.73445 4.367 4.36745 3.1495 1436.71 479.478 957.227 948.866 65.8995 50.6549 882.967 30.6017 8.36093 852.365 445.555 14.256 2.26242 431.299 378.104 53.195 15.2446 33.9232 3.78084 30.1424 7.97495 3.33493 22.1674 7.91902 1.49209
internal_count=180508 4176 1451 2725 43 176332 67602 108730 106634 5410 3701 101224 3342 2096 97882 64577 25250 2064 39327 34736 4591 1709 3025 235 2790 529 207 2261 2076 814
is_linear=0
shrinkage=0.08


Tree=133
num_leaves=31
num_cat=0
split_feature=13 2 14 4 3 2 8 3 2 0 4 0 4 0 4 4 0 14 1 1 8 9 14 8 4 0 3 8 2 9
split_gain=2.41357 7.87577 2.4875 4.09292 4.23406 4.17174 3.40827 2.60088 2.24368 5.20844 4.29859 2.08881 16.4591 8.33815 12.5268 6.74994 8.56546 5.38516 5.10526 4.70275 4.99164 4.54872 5.05299 4.42636 3.92955 9.55846 4.83546 3.82446 3.49672 2.98965
threshold=2.5000000000000004 53.950418472290046 0.4727440625429154 35.948717117309577 29.459980010986332 30.0684928894043 65.78064346313478 37.573530197143562 36.882591247558601 41.897974014282234 47.413022994995124 26.138715744018558 27.812939643859867 31.400560379028324 35.043859481811531 24.440019607543949 22.903981208801273 0.33928942680358892 52.704679489135749 35.948717117309577 72.298423767089858 80.151515960693374 0.2742076069116593 1.0000000180025095e-35 21.52509689331055 20.169491767883304 21.483516693115238 61.577310562133796 59.611795425415046 98.433410644531264
decision_type=2 2 2 2 2 2 2 2 2 2 2 2 2 2 2 2 2 2 2 2 2 2 2 2 2 2 2 2 2 2
left_child=11 2 3 4 -2 -6 7 -5 -4 -10 -11 15 17 21 23 16 24 -13 -16 20 27 28 -23 -15 25 -1 -26 -17 -14 -18
right_child=1 -3 8 6 5 -7 -8 -9 9 10 -12 12 13 14 18 19 29 -19 -20 -21 -22 22 -24 -25 26 -27 -28 -29 -30 -31
leaf_value=0.009277842798253862 0.020765508607618655 0.083085490590924765 0.095278327724274109 0.094618403445489607 -0.14231496995042719 -0.020066196544534485 0.078208571878532598 -0.065455557564548392 -0.35977867014102083 0.051296584196110391 -0.10543849778884737 -0.098974888827646601 -0.027790829363543969 0.097989481243703672 0.020974492109667037 0.0046525892409392403 -0.10266515630100197 0.049906768336970116 -0.0012120169927575546 0.086450991088432266 0.08362147604520212 0.080199850131282654 0.013627910101116209 -0.058098411846517976 0.097103952005057781 -0.1246397930565119 0.0002011673844686087 -0.14374520923333131 0.31806541729649396 0.021952793900352034
leaf_weight=47.227753079911054 14.854466520453572 9.5133486619979504 0.63107632227911281 0.91022943914867882 2.2288389058667226 9.0023360693885461 8.0489765040547336 2.2689176457934082 0.35584768469561812 1.8767684444937911 2.7768683384929318 13.98014436237281 7.2102833293465656 1.2109337283764059 70.463282352946408 3.5968587490642694 6.3759733828992458 1.7494525557849545 1144.6903878382636 11.33272653602762 3.3826887215254828 16.795232072239745 12.903004629479254 29.224595839601534 6.5860435516224225 3.6766333735722574 6.5966850411423366 1.6085093945730475 0.19207357855339058 1.5271917798090724
leaf_count=1481 412 12446 73 17 25 106 334 92 38 70 351 2868 2191 65 7988 492 935 16 143022 555 53 168 144 5523 233 425 341 26 5 13
internal_value=0.000381214 0.0172246 0.00263804 0.0101231 -0.0072599 -0.0443266 0.050508 -0.0196244 -0.0468775 -0.0647858 -0.0422287 -0.000254415 -0.00107942 -8.19904e-05 -0.00119517 0.0114004 -4.0205e-06 -0.0824162 7.45152e-05 0.0526139 0.00796276 0.0372913 0.0512763 -0.0518882 0.00968642 -0.000394527 0.0486134 -0.0412038 -0.0188167 -0.0785842
internal_weight=1442.8 52.4677 42.9543 37.3138 26.0856 11.2312 11.2281 3.17915 5.64056 5.00948 4.65364 1390.33 1298.42 1282.69 1245.59 91.9111 71.9903 15.7296 1215.15 19.9208 8.58806 37.1006 29.6982 30.4355 64.0871 50.9044 13.1827 5.20537 7.40236 7.90317
internal_count=180508 13964 1518 986 543 131 443 109 532 459 421 166544 161990 159106 156598 4554 3428 2884 151010 1126 571 2508 312 5588 2480 1906 574 518 2196 948
is_linear=0
shrinkage=0.08


Tree=134
num_leaves=31
num_cat=0
split_feature=13 4 1 1 3 4 1 9 6 3 2 9 4 2 2 2 7 1 1 7 5 3 3 1 1 7 4 9 1 1
split_gain=2.09923 7.224 2.10662 4.1725 2.32589 3.00343 4.25375 2.33758 2.07147 3.58268 1.88526 4.91049 3.31724 7.57116 6.06078 6.75795 5.48587 5.10339 15.1942 5.25539 4.6594 4.36654 3.14972 15.868 9.12704 2.75511 2.83502 5.34366 4.87552 1.62712
threshold=2.5000000000000004 62.910053253173835 68.457099914550795 68.614070892333999 21.483516693115238 35.948717117309577 48.934240341186531 97.62308502197267 2.5000000000000004 92.63776016235353 93.40579986572267 77.232856750488295 91.715686798095717 89.386734008789077 82.807880401611342 89.699382781982436 33.47633361816407 97.915760040283217 92.40384674072267 39.296045303344734 0.77500000596046459 97.332859039306655 82.097072601318374 87.841831207275405 74.133811950683608 37.701477050781257 95.293468475341811 59.124965667724616 81.754161834716811 28.869047164916996
decision_type=2 2 2 2 2 2 2 2 2 2 2 2 2 2 2 2 2 2 2 2 2 2 2 2 2 2 2 2 2 2
left_child=10 2 4 -4 29 7 -7 -6 -3 -10 12 25 13 22 21 16 -16 18 -15 -19 -17 -14 23 -1 -24 26 28 -28 -12 -2
right_child=1 8 3 -5 5 6 -8 -9 9 -11 11 -13 14 17 15 20 -18 19 -20 -21 -22 -23 24 -25 -26 -27 27 -29 -30 -31
leaf_value=-0.00052017184422396021 0.0056575482288553367 0.10920332161429361 -0.50718862594837233 -0.044064656164460238 -0.050233589967558799 0.087456145104260891 -0.00057306084902041508 0.0063356769181273408 -0.33989519170657495 0.081963560854203102 -0.030340484646476488 0.080716726801081884 0.10030028037945404 0.033309478398309722 -0.17804621426648939 0.01973233163472831 0.091186830435624103 0.077513494437439323 -0.094538653891478697 -0.34194013650404276 -0.030154061821437969 -0.16999546594818377 -0.045852666102486221 0.06676022212319839 -0.0035169546826644676 0.11035841490021708 0.0049090396170369992 -0.057535927122575721 0.058326985186992676 0.082964212406380272
leaf_weight=658.74307259423222 3.0155663123587138 5.9298247576671193 0.13285565020851153 1.9804606800316831 9.3246851777366828 4.9029347691684988 12.394000976784808 9.3756122976192273 0.18462159335103923 0.42643296633832506 5.6132794181030503 5.8477076953658971 3.9126661702975971 41.907732247575041 2.8732851163786104 15.915195235274949 0.58256545935000748 12.947962051546707 6.9336422466367358 0.19403364422032687 48.491094188957504 0.42395246337400738 35.393436786958773 23.225992484360177 411.58949528114863 1.5860344572865859 88.33256635844009 9.7372958397681924 13.548541099778957 4.1273475931375287
leaf_count=81488 98 9843 3 568 164 95 778 136 162 1966 181 25801 1249 4003 293 1730 16 1338 396 16 4779 8 3779 2899 32969 128 3454 1199 818 151
internal_value=0.000351899 0.0161652 0.00480647 -0.0731794 0.00862678 0.000352185 0.0243794 -0.0218719 0.0947513 -0.0454952 -0.000238272 0.00914736 -0.00116459 -0.000155164 -0.0178153 -0.0236747 -0.132661 0.0270673 0.0151598 0.0713205 -0.0178268 0.0738759 -0.00164977 0.00177121 -0.00686922 0.00562502 0.00420807 -0.00129108 0.0323527 0.0503272
internal_weight=1439.59 51.7943 45.2535 2.11332 43.1401 35.9972 17.2969 18.7003 6.54088 0.611055 1387.8 124.665 1263.13 1190.94 72.1988 67.8621 3.45585 61.9834 48.8414 13.142 64.4063 4.33662 1128.95 681.969 446.983 118.818 117.232 98.0699 19.1618 7.14291
internal_count=180508 13964 1993 571 1422 1173 873 300 11971 2128 166544 31581 134963 126888 8075 6818 309 5753 4399 1354 6509 1257 121135 84387 36748 5780 5652 4653 999 249
is_linear=0
shrinkage=0.08


Tree=135
num_leaves=31
num_cat=0
split_feature=13 3 8 9 2 1 4 9 1 8 8 3 5 4 3 2 1 7 4 13 2 7 4 1 3 6 5 1 14 14
split_gain=1.81973 6.62483 1.99026 3.04564 2.47422 9.097 3.42568 2.42608 2.48161 2.96726 2.2681 3.28774 1.85723 12.7336 20.855 12.0527 9.8409 9.67618 8.66768 8.03193 7.62796 6.68233 6.31705 7.13708 5.99976 5.42672 11.1716 6.21608 5.24232 4.2809
threshold=2.5000000000000004 58.745098114013679 79.373264312744155 90.440322875976577 44.575162887573249 53.001201629638679 30.471628189086918 93.861850738525405 62.575302124023445 53.371212005615241 56.804151535034187 30.0684928894043 0.47222222387790685 79.008567810058608 80.243904113769545 69.614067077636733 64.051280975341811 6.622230291366578 78.830558776855483 1.0000000180025095e-35 83.047893524169936 10.813905239105226 73.765182495117202 82.097072601318374 80.243904113769545 1.5000000000000002 0.58571431040763866 81.53021621704103 0.9182887375354768 0.45185735821723944
decision_type=2 2 2 2 2 2 2 2 2 2 2 2 2 2 2 2 2 2 2 2 2 2 2 2 2 2 2 2 2 2
left_child=12 2 7 -4 6 -6 -5 8 9 -2 -9 -12 13 14 15 16 -1 -17 20 22 -16 -20 25 28 -25 27 -27 -14 -24 -21
right_child=1 -3 3 4 5 -7 -8 10 -10 -11 11 -13 19 -15 18 17 -18 -19 21 29 -22 -23 23 24 -26 26 -28 -29 -30 -31
leaf_value=0.0011251015656684198 0.094159438583698699 0.08401971690504409 0.092640601014483265 -0.011486812366724058 -0.16532544669119997 0.053042346507026467 0.050582722124321328 -0.1523220563758948 -0.10552135841048912 -0.015263395906175273 -0.19470141686340206 0.029291582857124937 0.039616285751920256 0.0383615151401345 -0.061690574103685031 0.093121464578563073 -0.025034676942313507 0.012581362606789485 -0.062794587278858227 0.12651452267667951 0.062777780510946554 -0.58098980466215622 -0.031885472785890684 0.05879618888544233 -0.0022455185062855419 -0.034184810761069724 0.016643558644716436 -0.0036306907158945739 -0.33010511554031413 0.03390101420719599
leaf_weight=352.21620698666084 2.2198644524032698 7.6101456889809915 2.8692431016825166 12.33735150750727 2.2217574492096892 2.7105075143626891 10.563114939963269 1.5300834638765075 1.2486624575685707 5.5550616226391867 0.55718513857573304 1.695679557364201 68.718463349683589 43.223051008510083 44.555897551954331 13.931185161287429 124.58840958026849 30.334905477357097 0.28897525330830731 4.1203840817324844 3.3909852545693857 0.35482049285201356 43.983021060368628 10.537146648537599 468.34089110752029 39.416434542963543 92.902555160610063 30.806665441894438 0.38051546728456642 14.210942136447555
leaf_count=41985 122 12538 48 309 51 395 274 12 36 113 11 55 4034 8696 6045 1578 24712 2320 62 49 342 8 2798 570 29633 4374 4396 1740 55 33147
internal_value=0.000334811 0.015158 0.00311322 0.014164 0.00607389 -0.0453223 0.0171435 -0.0233794 -0.00083431 0.0159786 -0.077157 -0.026107 -0.000211779 -0.00350114 -0.00667747 -0.00200319 -0.00571041 0.0379285 -0.0568029 0.00239484 -0.0528877 -0.348392 0.00112458 -0.00374617 -0.000902368 0.0121172 0.00150232 0.0262298 -0.0344434 0.054718
internal_weight=1437.42 51.1187 43.5085 30.702 27.8327 4.93226 22.9005 12.8065 9.02359 7.77493 3.78295 2.25286 1386.3 612.884 569.661 521.071 476.805 44.2661 48.5907 773.417 47.9469 0.643796 755.086 523.242 478.878 231.844 132.319 99.5251 44.3635 18.3313
internal_count=180508 13964 1426 1077 1029 446 583 349 271 235 78 66 166544 85748 77052 70595 66697 3898 6457 80796 6387 70 47600 33056 30203 14544 8770 5774 2853 33196
is_linear=0
shrinkage=0.08


Tree=136
num_leaves=31
num_cat=0
split_feature=2 1 0 4 0 0 4 14 8 13 0 14 1 8 8 2 8 14 0 8 1 0 4 13 1 8 8 8 1 9
split_gain=1.78121 4.90282 6.0659 13.3272 8.27388 6.76404 7.10447 5.85449 4.64405 4.39476 4.24403 4.20937 4.05349 3.86947 3.70512 6.69092 6.6403 5.77402 4.45895 3.58338 3.32565 2.71265 4.30562 1.98526 1.96918 3.80742 1.66256 2.99302 3.71608 2.86276
threshold=14.459930419921877 33.084575653076179 26.138715744018558 27.812939643859867 14.907407283782961 30.0684928894043 31.851119995117191 0.28531220555305487 82.018428802490249 1.0000000180025095e-35 33.105022430419929 0.33928942680358892 42.967033386230476 84.567592620849624 91.184089660644545 24.440019607543949 71.671482086181655 0.18083103746175769 18.350168228149418 70.415351867675795 37.123168945312507 14.907407283782961 17.267080307006839 1.0000000180025095e-35 39.696969985961921 81.696132659912124 32.44658279418946 60.805404663085945 27.681992530822757 75.099998474121108
decision_type=2 2 2 2 2 2 2 2 2 2 2 2 2 2 2 2 2 2 2 2 2 2 2 2 2 2 2 2 2 2
left_child=21 9 4 10 8 7 -7 -5 -3 -2 23 -12 20 -14 16 17 19 -16 -18 -11 -6 24 -23 -4 26 -26 -1 28 -28 -29
right_child=1 2 3 5 12 6 -8 -9 -10 14 11 -13 13 -15 15 -17 18 -19 -20 -21 -22 22 -24 -25 25 -27 27 29 -30 -31
leaf_value=-0.05099591118653559 0.10291970997169919 -0.0040124559924447981 0.064905496130401433 0.063038203500149895 0.02554207389523613 -0.050678591654428048 0.0004331839001149631 -0.012354890920747466 -0.23243205528741157 -0.045651649238466166 -0.083648237956916088 0.20590627384141758 -0.039195388753381008 0.083546804772396163 -0.13718884272912188 -0.19345037906123069 0.088118013697637013 0.034396380556984733 -0.013467549328420432 -0.21828471051614745 0.073082877486545045 -0.13464050416131573 0.029258815391614141 -0.091610974141575832 -0.21931915851160724 0.086412061718266348 0.071725013993984635 -0.10134860956782421 0.25078901054642516 0.044616559278254392
leaf_weight=0.99955287482589739 1.555208976016728 1.1151623252371785 0.5387070463038971 20.043133807106646 20.891631141006656 17.64782642875798 1263.9938071249217 9.8221502387350466 1.1645166403031906 15.255931307445284 0.62241777068265836 0.66421574959531426 7.3139902711554878 2.1203044142966974 2.0658728349953881 2.4289961755275726 4.4292803108692151 3.1984117981046438 7.3611138723790646 0.81040589697659093 17.146082720973936 1.6183685419964593 2.8015490307589062 13.932785125893131 0.51823529478860908 0.52457929903175682 3.6488018104573703 0.97209628112613966 0.93098577123600978 7.453211631916929
leaf_count=13 143 30 363 1277 1045 2996 168039 196 14 1837 257 5 506 125 42 17 49 74 54 7 800 46 133 2009 31 21 128 9 45 197
internal_value=0.000313309 -1.75525e-05 0.000755693 -0.000272306 0.0281805 0.000606407 -0.00027061 0.0382428 -0.120695 -0.0287136 -0.0734052 0.0658323 0.0353297 -0.0116098 -0.0344722 -0.0836173 -0.0208996 -0.0329391 0.024695 -0.0543595 0.0469718 0.0243473 -0.0307535 -0.0857846 0.0405321 -0.0655236 0.0484292 0.0560709 0.108125 0.0277754
internal_weight=1433.59 1414.12 1377.02 1327.27 49.7517 1311.51 1281.64 29.8653 2.27968 37.1052 15.7581 1.28663 47.472 9.43429 35.55 7.69328 27.8567 5.26428 11.7904 16.0663 38.0377 19.4674 4.41992 14.4715 15.0475 1.04281 14.0046 13.0051 4.57979 8.42531
internal_count=180508 179885 177662 175142 2520 172508 171035 1473 44 2223 2634 262 2476 631 2080 133 1947 116 103 1844 1845 623 179 2372 444 52 392 379 173 206
is_linear=0
shrinkage=0.08


Tree=137
num_leaves=31
num_cat=0
split_feature=7 6 7 4 1 3 6 5 3 4 4 7 7 13 1 14 14 1 6 7 5 4 4 7 5 7 10 7 1 2
split_gain=1.69919 7.83786 4.64322 4.02424 6.20147 4.8792 2.84271 3.93565 6.34179 6.77484 3.97031 2.94408 4.98694 4.41971 66.8751 5.50721 4.24651 5.39233 3.67337 17.1247 9.54182 4.33971 4.37083 4.23861 3.32635 2.70252 3.35087 2.52562 2.6032 17.454
threshold=20.438723564147953 2.5000000000000004 20.533925056457523 65.345367431640639 92.63776016235353 95.488464355468764 2.5000000000000004 0.73214286565780651 89.927536010742202 75.809822082519545 75.162338256835952 17.188263893127445 20.175466537475589 1.0000000180025095e-35 81.302967071533217 0.6038089692592622 0.90606895089149486 75.93103408813478 1.5000000000000002 10.540135383605959 0.23611111193895343 61.143791198730476 64.565757751464858 7.7057902812957773 0.31666667759418493 22.091979026794437 -1.0000000180025095e-35 16.755896568298343 99.494949340820327 82.807880401611342
decision_type=2 2 2 2 2 2 2 2 2 2 2 2 2 2 2 2 2 2 2 2 2 2 2 2 2 2 2 2 2 2
left_child=6 -2 -3 25 -5 -6 11 27 9 10 -9 18 16 15 -15 -14 24 -18 19 23 -21 -20 -23 -1 -13 -4 -27 -8 -29 -30
right_child=1 2 3 4 5 -7 7 8 -10 -11 -12 12 13 14 -16 -17 17 -19 21 20 -22 22 -24 -25 -26 26 -28 28 29 -31
leaf_value=0.0011645982743154427 0.060920007179620088 0.19813390219913005 -0.12247109698133506 0.03807535728903208 -0.043996499930675732 0.0030869855278791627 0.1761276794914455 0.061080161839119212 -0.026902754183584721 0.17914625512994634 -0.17430834459842656 -0.12863153299561106 -0.1011075643647262 -5.8585471165513621 0.08010150429584495 0.084027572299722741 -0.3313630916053783 -0.017648175030322896 -0.041828464643121357 -0.095156794599667249 0.039099043979807832 0.038991286173870772 -0.007134961657398165 -0.013569395275719242 0.035875679207369011 -0.076014490722343495 0.059336450028223339 -0.074252386597330411 0.047629189864979285 -1.7794155894617065
leaf_weight=565.69688890243197 16.196353216599164 0.76772039005118031 2.581856745062395 27.105486395970729 17.096162300225842 80.004675687705458 0.25116570781392766 1.2452527967107041 19.964005928571169 2.1757482345565222 0.72595272955368262 0.80026809370610763 3.4593026433722107 0.013471075279085087 0.12243473966191232 1.4633315893806864 0.37128598617527941 6.3122378542202568 22.170642869858057 3.5189628058506051 91.044187191770106 13.683422855419847 335.78052822051268 160.38506836047054 46.206344521642677 2.8894927482833737 1.9678512359496378 7.3987540005800838 0.14442038123888767 0.043556526090469561
leaf_count=57305 4787 114 192 3646 817 16307 11 90 2388 79 6 100 108 31 618 299 67 6272 4900 3267 11079 1560 30025 29490 5383 165 375 933 75 19
internal_value=0.000290006 0.00838819 0.00196267 0.000818655 0.00424176 -0.00520282 -0.000648021 -0.0242122 -0.00820328 0.0818186 -0.0256084 -4.62364e-05 0.017437 -0.0584981 -0.508541 -0.0460732 0.0245914 -0.0350758 -0.000907708 0.00208052 0.034103 -0.00750633 -0.00532887 -0.00209001 0.033075 -0.0563341 -0.0211799 -0.0734591 -0.0817218 -0.375719
internal_weight=1431.59 148.61 132.413 131.646 124.206 97.1008 1282.98 31.9489 24.111 4.14695 1.97121 1251.03 58.7487 5.05854 0.135906 4.92263 53.6901 6.68352 1192.28 820.645 94.5631 371.635 349.464 726.082 47.0066 7.4392 4.85734 7.8379 7.58673 0.187977
internal_count=180508 26403 21616 21502 20770 17124 154105 3601 2563 175 96 150504 12878 1056 649 407 11822 6339 137626 101141 14346 36485 31585 86795 5483 732 540 1038 1027 94
is_linear=0
shrinkage=0.08


Tree=138
num_leaves=31
num_cat=0
split_feature=14 13 8 10 1 8 14 8 7 4 5 1 1 11 10 14 5 1 8 8 14 0 14 8 1 8 4 4 14 8
split_gain=2.05954 6.94487 3.44688 7.18027 52.0274 2.73416 8.21687 3.87713 2.18463 2.86502 4.72667 2.71209 24.8074 2.00277 1.93734 4.19968 5.47654 5.26989 4.24643 4.35197 3.63077 3.01252 7.25309 2.93267 3.09751 2.81568 2.54475 2.48261 2.3964 6.36636
threshold=0.76927912235260021 1.0000000180025095e-35 81.696132659912124 1.0000000180025095e-35 82.807880401611342 83.10181045532228 0.90606895089149486 85.777496337890639 16.225119590759281 54.433221817016609 0.47222222387790685 85.215545654296889 85.880397796630874 -1.0000000180025095e-35 -1.0000000180025095e-35 0.31250925362110143 1.0000000180025095e-35 63.702239990234382 43.341543197631843 66.823898315429702 0.38807004690170294 52.223320007324226 0.30622360110282904 29.740898132324222 62.575302124023445 23.345499038696293 47.140522003173835 84.134246826171889 0.43391168117523199 51.445278167724616
decision_type=2 2 2 2 2 2 2 2 2 2 2 2 2 2 2 2 2 2 2 2 2 2 2 2 2 2 2 2 2 2
left_child=14 2 8 5 -5 6 -4 -7 9 10 -2 -10 -13 -11 15 16 21 23 20 -20 -19 22 -1 -17 -25 27 -23 -18 -16 -30
right_child=1 -3 3 4 -6 7 -8 -9 11 13 -12 12 -14 -15 28 17 25 18 19 -21 -22 26 -24 24 -26 -27 -28 -29 29 -31
leaf_value=-0.0063772144012459141 -0.56170576804486883 0.065776744206717808 0.03997913201588818 -4.822341979295099 0.080062489710737914 0.065536560898691754 -0.21326904559982748 -0.010053562759636356 0.10043638985204557 -0.12168056147843799 0.082644028850203152 -1.0603225044113413 0.0093986278399827896 0.080820394222084813 0.0027016964913017761 0.18674945671474405 -0.080753380109477538 -0.026961187188311638 -0.022255239164583891 0.012710965118334226 0.016368046021265275 0.34995699682714665 -0.35198693781429735 0.016612199020555222 0.10536717958953876 -0.075351907634548812 0.043494129183933278 0.10976078448184273 -0.0313639084166717 0.0040428042817778811
leaf_weight=6.2488723018323089 0.12270027782506332 13.215378452372532 1.7631166074861533 0.016317950496158029 0.091776394419866847 4.8260684173965265 1.53282210506768 43.359434487492763 1.8988083436652203 0.32659076408890531 0.17937469005119056 0.14019119466320162 13.45584098870313 7.2844225279895909 927.78473262637272 0.76399945802404801 0.75020562858844897 15.348208603747478 112.3301365506195 28.576079039950855 63.936247927631484 0.18001660943264131 0.41439721806091245 20.560004752522222 2.8675503548583938 15.23906569839164 4.7234773194068111 1.0510853773448614 50.21194634661515 92.145046168952831
leaf_count=1066 14 44442 389 19 227 1335 195 7194 489 21 39 62 4699 4083 39045 32 882 9777 5067 1956 3800 15 12 1534 296 40333 569 65 2015 10836
internal_value=0.000461916 0.0123031 0.00288049 -0.00867213 -0.660006 -0.00730454 -0.0777975 -0.00248276 0.0283417 0.0625411 -0.179085 0.0108764 -0.00163146 0.072131 -0.000315779 -0.00633141 -0.0353331 -0.00293651 -0.00683044 -0.015164 0.0079802 0.00715229 -0.0278711 0.0325059 0.0274759 -0.0641716 0.054745 0.030415 0.00121879 -0.0084458
internal_weight=1431.34 88.2128 74.9975 51.5895 0.108094 51.4814 3.29594 48.1855 23.4079 7.91309 0.302075 15.4948 13.596 7.61101 1343.13 272.989 28.6071 244.382 220.191 140.906 79.2845 11.5668 6.66327 24.1916 23.4276 17.0404 4.90349 1.80129 1070.14 142.357
internal_count=180508 63208 18766 9359 246 9113 584 8529 9407 4157 53 5250 4761 4104 117300 65404 42942 22462 20600 7023 13577 1662 1078 1862 1830 41280 584 947 51896 12851
is_linear=0
shrinkage=0.08


Tree=139
num_leaves=31
num_cat=0
split_feature=14 10 9 1 14 9 14 14 0 14 1 1 0 7 9 7 6 5 7 3 1 14 14 8 8 7 9 7 5 0
split_gain=2.22235 6.83302 2.87844 2.93964 5.41817 7.4216 5.40506 7.3425 4.63188 3.81296 2.26125 6.82918 3.17032 2.11101 1.82878 1.82552 5.3711 4.89581 4.67844 4.67062 5.22231 3.93384 3.31819 8.91291 5.72333 5.36914 2.90631 2.87862 2.87129 3.19219
threshold=0.76927912235260021 1.0000000180025095e-35 90.636241912841811 92.40384674072267 0.93344244360923778 93.583862304687514 0.94555470347404491 0.94348531961441051 73.375530242919936 0.97158998250961315 96.720428466796889 96.362434387207045 56.294013977050788 39.296045303344734 84.756988525390639 18.923236846923832 2.5000000000000004 0.58571431040763866 18.852211952209476 73.746868133544936 92.63776016235353 0.51081699132919323 0.55730250477790844 71.671482086181655 95.256843566894545 16.561747550964359 68.588039398193374 22.682869911193851 0.86607143282890331 83.75235748291017
decision_type=2 2 2 2 2 2 2 2 2 2 2 2 2 2 2 2 2 2 2 2 2 2 2 2 2 2 2 2 2 2
left_child=15 2 10 4 8 -6 7 -5 -4 -8 11 14 -12 -14 -2 18 19 -18 22 -17 27 -22 -1 25 -25 -24 28 -21 29 -20
right_child=1 -3 3 6 5 -7 9 -9 -10 -11 12 -13 13 -15 -16 16 17 -19 26 20 21 -23 23 24 -26 -27 -28 -29 -30 -31
leaf_value=0.00022783552366232654 -0.092797269597884535 0.062506875432592243 -0.022156264637902479 -0.037468604734534998 -0.47347714637340405 -0.038363353146352364 0.05371898494328356 -0.32459784566307931 0.063214663105815069 -0.04446444316414036 -0.22868372028831366 -0.35270821400118108 0.061128988351365217 -0.14337654727152077 0.031586970895935866 -0.07332648549620005 -0.077548019328757531 0.0039236969620933945 -0.14400911849085141 0.078767685898934986 -0.010613654762074454 0.081933837723954725 -0.021276540813152549 0.040156535981408635 -0.060854438048581372 -0.089489733862445991 0.099680587227836959 0.28611144293229251 -0.022356644161169857 -0.43127999109351672
leaf_weight=1086.3702854643634 0.90478709366289045 14.746761260364108 6.0981588348877329 20.750158394876056 0.26827484110253763 3.8699968481487304 7.9345025194852479 0.58609185214299842 12.214011647760342 3.7174458734389191 0.25643855752423483 0.35101896840205871 11.84261120195151 0.3321014283574194 4.6160323730364325 2.1944442873937104 4.9256702615093664 113.34771345260378 1.2858162500051546 11.942467465942171 10.420965108904054 4.0943641874255272 69.122088973752398 23.17756067046685 4.2479451643121129 8.2683404264953406 0.39340451538737387 0.4444806750907454 0.92923798979609262 0.30659255309728894
leaf_count=99283 224 47082 613 2306 10 678 1422 104 2705 3399 14 20 3537 67 1027 118 482 4649 95 633 503 393 3965 5201 1371 486 14 29 57 21
internal_value=0.000515357 0.0127949 0.00285355 -0.00622815 0.0161023 -0.0665708 -0.0214254 -0.0453558 0.0347852 0.0223945 0.0303615 -0.0105525 0.0496871 0.0555505 0.0112021 -0.000294646 0.00810591 0.000530687 -0.0013314 0.038898 0.0480522 0.0154914 -0.00108369 -0.014677 0.0245109 -0.0285644 -0.102556 0.0862078 -0.134107 -0.199318
internal_weight=1429.96 88.4884 73.7416 55.4386 22.4504 4.13827 32.9882 21.3363 18.3122 11.6519 18.303 5.87184 12.4312 12.1747 5.52082 1341.47 147.37 118.273 1194.1 29.0967 26.9023 14.5153 1191.19 104.816 27.4255 77.3904 2.91505 12.3869 2.52165 1.59241
internal_count=180508 63208 16126 11237 4006 688 7231 2410 3318 4821 4889 1271 3618 3604 1251 117300 6807 5131 110493 1676 1558 896 110306 11023 6572 4451 187 662 173 116
is_linear=0
shrinkage=0.08


Tree=140
num_leaves=31
num_cat=0
split_feature=14 10 2 5 2 7 4 2 1 7 6 7 7 7 9 7 2 4 6 7 7 6 7 9 2 2 4 7 10 0
split_gain=1.95102 6.12612 2.75529 2.72018 5.09366 2.87851 2.70193 4.75143 3.04075 1.75948 12.392 8.27082 3.43886 3.54953 2.89811 4.23688 2.28943 2.82765 2.22602 8.29517 3.74006 3.15269 20.0069 4.63487 3.03692 3.84489 2.68913 2.53022 1.54917 1.48326
threshold=0.76927912235260021 1.0000000180025095e-35 93.40579986572267 0.73214286565780651 63.224515914916999 15.719747543334963 60.49571609497071 62.575302124023445 84.680576324462905 25.309873580932621 3.5000000000000004 33.47633361816407 27.66486740112305 27.963309288024906 79.557674407958999 30.45053863525391 90.824913024902358 94.201679229736342 2.5000000000000004 17.915308952331547 21.516774177551273 1.5000000000000002 10.9559383392334 66.846843719482436 65.345367431640639 67.890834808349624 75.162338256835952 18.923236846923832 -1.0000000180025095e-35 80.982517242431655
decision_type=2 2 2 2 2 2 2 2 2 2 2 2 2 2 2 2 2 2 2 2 2 2 2 2 2 2 2 2 2 2
left_child=9 2 3 6 -5 -6 7 -2 -8 18 14 12 -12 -14 16 -16 -11 -18 19 21 26 22 -1 -23 -20 28 -21 -27 -26 -3
right_child=1 29 -4 4 5 -7 8 -9 -10 10 11 -13 13 -15 15 -17 17 -19 24 20 -22 23 -24 -25 25 27 -28 -29 -30 -31
leaf_value=-0.0013856891166259344 0.085049248927988416 0.09226041473862355 0.080087791842936712 -0.28501988616140617 0.031540544506769713 -0.019177780042100995 0.080865604781187539 -0.16623117576256796 0.01242330526221023 0.090126840821921128 0.037234306877107007 0.031978519750701595 -0.23151118160509285 -0.065161229355765279 0.083106293305971482 -0.25721029298046316 -0.0043890344322006485 0.082656337569625135 -0.081272912623717539 0.058016833247354183 0.1026575561978799 -0.0050151754249680861 0.05498892263637499 -0.041807701770792349 -0.081558478002239032 -0.047198159597393222 0.011910728339315569 -0.006868035681040047 0.12077260950716964 0.03922131288746334
leaf_weight=762.98424527121824 0.79331632562389431 5.6261978003576578 2.8370986994887053 0.43267910422582545 8.90954671833242 36.507388136280497 5.4935702346410862 1.2256710044457575 17.042790780378709 11.158021615599869 1.9584730761271227 10.235432498455337 0.88130224859923956 11.983647050277794 0.49399151578836509 0.44508125813445076 5.0460510051561851 4.5349665586327319 4.0153733393890425 11.870482187638116 4.6496191414807972 338.91212740273477 42.535726064215851 23.427571992464436 0.27763348186272208 11.706577577962888 25.462263123346929 66.571983524809184 1.8970474191592066 8.4314353899999315
leaf_count=83201 87 10974 7675 42 1442 3196 985 65 2634 276 123 437 21 496 55 9 186 363 452 586 299 19519 3984 1853 150 915 1576 2776 23 36108
internal_value=0.00048778 0.0120761 0.00279172 -0.000323073 -0.0118309 -0.00922825 0.0211642 -0.0674961 0.0291071 -0.000266596 0.0149827 -0.0233316 -0.0615228 -0.0765569 0.0592721 -0.0781895 0.0654965 0.036812 -0.00081724 5.93949e-05 0.0349976 -0.00119657 0.00159119 -0.00739405 -0.0133733 -0.00998443 0.0265708 -0.0128994 0.0949417 0.0604488
internal_weight=1428.35 87.2997 73.2421 70.405 45.8496 45.4169 24.5553 2.01899 22.5364 1341.05 46.737 25.0589 14.8234 12.8649 21.6781 0.939073 20.739 9.58102 1294.31 1209.84 41.9824 1167.86 805.52 362.34 84.4686 80.4532 37.3327 78.2786 2.17468 14.0576
internal_count=180508 63208 16126 8451 4680 4638 3771 152 3619 117300 1966 1077 640 517 889 64 825 549 115334 111018 2461 108557 87185 21372 4316 3864 2162 3691 173 47082
is_linear=0
shrinkage=0.08


Tree=141
num_leaves=31
num_cat=0
split_feature=11 5 4 10 4 1 0 2 0 1 2 2 6 5 2 8 9 9 1 1 0 4 4 2 5 0 8 9 2 2
split_gain=1.73103 1.82672 12.0881 11.2929 8.08916 7.01555 12.265 8.71121 5.86713 5.33565 8.76865 4.83112 4.71122 6.383 6.01896 3.52986 5.41187 3.55236 2.69857 2.47605 3.12788 7.68702 2.75568 2.15234 4.56168 2.61903 1.73012 1.91697 1.85154 2.2586
threshold=1.0000000180025095e-35 0.47222222387790685 79.008567810058608 1.0000000180025095e-35 78.830558776855483 64.051280975341811 51.89995193481446 68.042552947998061 71.834934234619155 76.123405456542983 89.699382781982436 55.338146209716804 1.5000000000000002 0.58571431040763866 59.417230606079109 50.990196228027351 47.546716690063484 56.268712997436531 81.892700195312514 64.747306823730483 55.35188293457032 54.433221817016609 71.33072662353517 76.993648529052749 0.31666667759418493 80.217391967773452 81.696132659912124 62.617479324340827 32.757078170776374 25.19841289520264
decision_type=2 2 2 2 2 2 2 2 2 2 2 2 2 2 2 2 2 2 2 2 2 2 2 2 2 2 2 2 2 2
left_child=1 2 4 8 5 6 -1 -7 12 10 -10 -11 14 -14 -3 23 -17 -18 -6 -5 21 -21 -22 24 -4 -25 27 -2 29 -28
right_child=26 3 15 19 18 7 -8 -9 9 11 -12 -13 13 -15 -16 16 17 -19 -20 20 22 -23 -24 25 -26 -27 28 -29 -30 -31
leaf_value=-0.006501201944539921 -0.059182879949423256 0.0050664548317774748 0.046179044388875316 0.11291996988107988 -0.3569941832086706 -0.029461859926740424 0.028212810552333212 0.0041985379395587889 -0.064007566027000765 0.17179221891810925 0.13549820029535281 -0.0023059454158865936 -0.028619285654636131 0.014162205175909303 0.04583369697591947 0.53512143697345071 -0.10714165200385316 0.086441976227996875 -0.027652490991135561 0.043466062224088144 0.090752334161596532 -0.31656072867603391 0.032811226726577221 0.12826127371489349 -0.092993553463445511 0.028729324942586402 0.036913187366897866 0.096984577978444425 0.067867938779456183 -0.11066115065705004
leaf_weight=306.20090068911668 0.58857538766460304 45.550109733347199 3.3013372814093591 3.5281803015386712 0.55848934754976554 135.01119493378792 82.739672394396621 77.424349033635735 16.167907793220369 1.0220812156185264 1.5446458535807313 524.08374852062843 32.159589987495565 72.949594244990294 47.191467960357841 0.1649953325977539 0.6522397636435916 8.6854326549291709 0.22272955839798669 1.3468016931055924 7.2847030124667098 0.52848463503505616 18.838912296570925 1.8093287154988527 2.7736654771433678 26.087061766591432 1.2758209337625888 3.462070940868216 1.6573861630249664 1.3834988129274277
leaf_count=33575 25 2841 287 598 42 27814 10157 7708 1391 54 53 30588 3585 3542 2400 4 13 8022 64 348 3291 158 38193 79 282 1243 32 1426 2679 14
internal_value=0.000459276 0.000245167 -0.00289524 0.00287085 -0.00583652 -0.00550233 0.000883541 -0.017194 0.000874864 -0.00342379 -0.0466094 -0.00196708 0.0126685 0.00107262 0.0258108 0.0378443 0.0809453 0.0729201 -0.263097 0.0497628 0.0418043 -0.057995 0.0489684 0.0257879 -0.017363 0.0351849 0.0367395 0.0742928 0.00150078 -0.0398617
internal_weight=1426.19 1417.83 645.631 772.196 602.157 601.376 388.941 212.436 740.669 542.818 17.7126 525.106 197.851 105.109 92.7416 43.4741 9.50267 9.33767 0.781219 31.5271 27.9989 1.87529 26.1236 33.9714 6.075 27.8964 8.36735 4.05065 4.31671 2.65932
internal_count=180508 176332 89290 87042 79360 79254 43732 35522 44454 32086 1444 30642 12368 7127 5241 9930 8039 8035 106 42588 41990 506 41484 1891 569 1322 4176 1451 2725 46
is_linear=0
shrinkage=0.08


Tree=142
num_leaves=31
num_cat=0
split_feature=7 6 2 2 3 7 7 6 7 14 1 7 7 3 1 3 7 7 10 8 8 14 3 4 0 14 4 0 4 7
split_gain=1.81406 5.6072 3.83753 4.20015 3.5327 3.49177 3.22136 2.71991 12.6833 6.63975 3.78937 5.34039 3.74636 8.88129 7.32155 4.06282 14.1519 6.88211 3.63487 3.28126 2.90315 6.85074 3.75077 2.6183 5.90888 2.5461 2.51787 2.45867 10.5394 2.40213
threshold=16.657057762146 2.5000000000000004 65.345367431640639 67.890834808349624 73.20508193969728 18.923236846923832 20.533925056457523 1.5000000000000002 11.100470066070558 0.98016524314880382 65.485893249511733 16.080695152282718 10.540135383605959 68.13346099853517 60.158729553222663 78.629974365234389 8.4716072082519549 9.6919102668762225 1.0000000180025095e-35 84.227447509765639 26.198685646057132 0.41936402022838598 75.615615844726577 39.415279388427741 51.89995193481446 0.96980831027030956 69.113357543945327 76.23956680297853 80.982517242431655 17.492466926574711
decision_type=2 2 2 2 2 2 2 2 2 2 2 2 2 2 2 2 2 2 2 2 2 2 2 2 2 2 2 2 2 2
left_child=7 4 -3 -4 26 25 27 8 12 23 11 -9 15 18 -15 16 -1 -17 -14 -11 -12 -22 -23 -10 -25 -5 -2 29 -29 -6
right_child=1 2 3 5 6 -7 -8 10 9 19 20 -13 13 14 -16 17 -18 -19 -20 -21 21 22 -24 24 -26 -27 -28 28 -30 -31
leaf_value=0.0055395572383314618 -0.022077793982293509 -0.072683360643087322 0.09199709385996023 -0.037303991273328653 0.0056636537047361829 0.0017137717516142327 0.062883928850711548 -0.070296469663602132 -0.065122864941297667 -0.76660026009969728 -0.00056669349591772643 0.14647081423870872 -0.042375998264868368 0.18699764171757996 0.029676071457824516 -0.019187124833618698 -0.038660481561751059 0.027064958971326544 0.079120204489685875 0.080478503110097965 -0.069580058775532611 -0.098434451809474285 -0.005456367229987661 0.1572249513684511 0.047364834703443305 -0.33212774691677782 -0.1917405353545629 -0.070037682562218831 0.027250842449700857 0.05746567395392492
leaf_weight=501.22937476488733 3.3625623190091565 4.8015352144811905 3.10792866484553 12.804544828395588 8.7397432722573303 141.30928352477713 13.030883744363562 9.7153961901531112 1.074341975931026 0.093803531057345846 244.43767587661569 0.78625345719774564 15.862000862427521 1.975815240319206 45.302673307559417 146.37517698677129 51.085599181365978 23.959300403909765 1.7498063266975812 0.042538689229331794 13.565522623939613 2.8705969664006252 84.950836051577426 3.6244209147989777 23.124558584631814 0.19025520581271926 0.67162266293598794 8.8168182572362621 37.170663892153243 16.631015581499014
leaf_count=49687 333 573 250 1283 747 22883 4380 2658 290 110 2186 98 5322 187 4570 18773 15779 2556 118 305 11926 141 17201 712 2732 216 15 1041 11523 1913
internal_value=0.000426996 0.00660439 -0.00223008 -8.10446e-05 0.0228113 -0.00193564 0.0263075 -0.000894259 0.00165344 0.0546033 -0.006725 -0.0540672 -0.000226416 0.0181869 0.0362507 -0.00187984 0.00145134 -0.0126813 -0.0303048 -0.502312 -0.00528736 -0.0166686 -0.00849552 0.0573323 0.0622506 -0.0416205 -0.0503237 0.0196282 0.00859848 0.0396209
internal_weight=1422.46 250.637 162.214 157.412 88.4233 154.304 84.3891 1171.83 815.499 27.9597 356.326 10.5016 787.54 64.8903 47.2785 722.649 552.315 170.334 17.6118 0.136342 345.825 101.387 87.8214 27.8233 26.749 12.9948 4.03418 71.3582 45.9875 25.3708
internal_count=180508 45157 25205 24632 19952 24382 19604 135351 101141 4149 34210 2756 96992 10197 4757 86795 65466 21329 5440 415 31454 29268 17342 3734 3444 1499 348 15224 12564 2660
is_linear=0
shrinkage=0.08


Tree=143
num_leaves=31
num_cat=0
split_feature=4 5 1 3 7 7 9 4 3 1 3 4 4 7 1 3 8 7 9 10 5 1 3 7 3 1 4 4 3 1
split_gain=1.56206 9.56908 6.54744 9.92395 8.70715 7.23622 5.68706 5.04994 5.66847 6.02415 10.7502 4.93178 4.57458 6.95957 4.24831 7.36066 3.86001 3.8503 4.86309 4.69758 3.16761 9.52646 19.1967 6.14904 4.86383 9.76171 8.18406 2.92762 3.3941 2.79972
threshold=85.857143402099624 0.5634920895099641 96.720428466796889 92.718276977539077 16.755896568298343 23.435126304626468 94.925979614257827 84.889995574951186 87.570224761962905 88.416816711425795 86.70682525634767 84.680576324462905 88.273490905761733 25.818117141723636 87.026645660400405 89.417694091796889 82.378189086914077 6.9661228656768808 47.089620590209968 -1.0000000180025095e-35 0.77500000596046459 92.031745910644545 91.010101318359389 11.295428276062013 86.295150756835952 83.43881988525392 79.784946441650405 86.996780395507827 96.051948547363295 95.040985107421889
decision_type=2 2 2 2 2 2 2 2 2 2 2 2 2 2 2 2 2 2 2 2 2 2 2 2 2 2 2 2 2 2
left_child=7 27 3 14 16 -6 12 11 9 -9 -11 20 13 -4 -3 -16 -5 -10 -19 -20 24 23 -23 -22 26 -26 -1 -2 -29 -30
right_child=1 2 6 4 5 -7 -8 8 17 10 -12 -13 -14 -15 15 -17 -18 18 19 -21 21 22 -24 -25 25 -27 -28 28 29 -31
leaf_value=-0.0010020370584765876 -0.017902241013667327 0.033286020334230025 0.028166795466871702 -0.089669407293124143 0.051380942680537486 -0.065040242689087813 0.082857358500562001 0.097646315850468055 -0.16944997843661816 0.018071889260434081 -0.24069913795826117 0.097731418503202716 0.0012376069265048455 0.20641377400207084 0.042414706336944184 -0.065364304881633348 -0.22803294239373886 -0.016044806239051732 -0.073530290368569895 -0.26138509535258164 -0.0082051633820822874 -0.16359431615406014 0.00067973553469882265 0.043483277435802652 -0.044843974550450083 -0.0017414936889406662 0.045970270240789736 0.066505305215905988 -0.09288105707613277 0.033344719723818986
leaf_weight=741.56973619248311 4.1345679082678535 17.73135794314112 16.62829270029761 11.942347596213951 6.0646737663155346 7.8261649756441329 6.138566307772634 3.6128690969926556 1.8293177397117713 5.4934811946623086 1.2638348908803889 3.2858245239403905 197.64589907546815 1.5309766690115783 6.7105308850586907 10.249216836924459 1.4467258753284102 11.289481910542237 5.3113138966364248 1.0146996965759116 19.953543541578256 4.9195769336511139 61.049769559901506 56.266201360381274 48.386984895156274 110.24867075785096 24.524199341987696 24.711038842653583 1.5813104384742462 3.8938060703103474
leaf_count=89069 733 1605 1104 724 1106 1150 19097 426 94 471 83 311 20593 113 412 596 289 488 275 1003 1590 284 4024 6372 4872 11357 3247 7459 569 992
internal_value=0.000395446 0.00533159 0.000508395 -0.0224827 -0.0585842 -0.0142113 0.00692794 -0.00103258 -0.0335076 0.0142579 -0.0303266 -0.000127854 0.00476814 0.0431945 0.00590637 -0.022719 -0.10462 -0.0589816 -0.0475097 -0.103662 -0.000429235 0.0106872 -0.0115708 0.0299518 -0.00213853 -0.0148886 0.00050164 0.045231 0.0538783 -0.00311152
internal_weight=1418.25 318.235 283.915 61.971 27.2799 13.8908 221.944 1100.02 29.815 10.3702 6.75732 1070.2 215.805 18.1593 34.6911 16.9597 13.3891 19.4448 17.6155 6.32601 1066.92 142.189 65.9693 76.2197 924.73 158.636 766.094 34.3207 30.1862 5.47512
internal_count=180508 56542 46789 5882 3269 2256 40907 123966 2840 980 554 121126 21810 1217 2613 1008 1013 1860 1766 1278 120815 12270 4308 7962 108545 16229 92316 9753 9020 1561
is_linear=0
shrinkage=0.08


Tree=144
num_leaves=31
num_cat=0
split_feature=5 10 4 3 1 7 0 3 0 1 4 4 3 4 7 8 3 1 3 0 1 0 1 14 4 1 5 3 3 7
split_gain=1.56611 10.0671 9.29157 17.055 8.60279 8.91187 7.07366 5.40534 5.24521 5.0408 4.78369 4.74733 4.53697 4.58391 5.60483 4.527 4.50456 7.90365 10.5941 7.96152 4.63465 4.0633 3.91594 3.57159 3.50157 3.25052 2.84259 2.75 2.63956 3.03541
threshold=0.47222222387790685 1.0000000180025095e-35 79.008567810058608 80.243904113769545 87.226108551025405 11.79202461242676 73.746868133544936 93.643951416015639 69.614067077636733 68.801231384277358 78.830558776855483 65.64831924438478 84.028984069824233 82.972846984863295 14.930132865905763 76.953601837158217 86.70682525634767 83.43881988525392 77.032970428466811 64.660633087158217 99.494949340820327 60.736890792846687 69.00656890869142 0.6038089692592622 35.948717117309577 82.097072601318374 0.38750000298023229 84.475742340087905 84.29276275634767 8.1674318313598651
decision_type=2 2 2 2 2 2 2 2 2 2 2 2 2 2 2 2 2 2 2 2 2 2 2 2 2 2 2 2 2 2
left_child=2 8 3 4 5 6 -1 10 16 -10 15 -9 -4 14 27 -5 17 18 -2 -19 -18 -13 -11 -22 -6 -24 -26 -14 -15 -30
right_child=1 -3 12 7 24 -7 -8 11 9 22 -12 21 13 28 -16 -17 20 19 -20 -21 23 -23 25 -25 26 -27 -28 -29 29 -31
leaf_value=-0.0030635734673117214 0.0095221947631074586 0.04762516034143742 0.073101778024231942 -0.061152943207392736 -0.092261273314520748 -0.080258605322008986 0.0418208772042113 -0.041413029147132623 -0.076914233207302618 0.22811291020259009 -0.26129733362300928 0.57934827763883223 0.050879492329627213 -0.21834176131493618 0.2120353141623906 0.089342185169704949 -0.02905429611279918 -0.12150995221023435 0.064365461951875952 0.027310598936060262 0.0052686909044849664 0.096944379436833067 -0.019603282247726599 0.080899042398196244 0.076365898099897633 -6.7619462733326299e-06 0.25729081348078792 -0.077700924713297148 0.012346531553468312 0.074056344312351197
leaf_weight=517.77072201231931 59.493092212476768 30.806654141761101 13.027845774988235 40.609546697636688 0.74213277589296822 9.2617295719101076 23.491036390641966 2.4169357690880124 5.7950531670794581 0.47322935084230167 0.74223813051867082 0.11901839822530735 1.2961529143285613 0.25874124694746825 0.54172869155809156 1.32082725139844 26.400639906194556 4.6147194503209885 36.294624734866375 4.5879539480229141 28.520585903650499 1.8291516941317238 60.695907663484832 4.6474016663705688 8.1084186079060565 504.00160234029318 0.59666929599188812 5.9574219513142452 11.919089463659477 8.9185633496472274
leaf_count=65206 4302 45993 3965 4862 24 3738 2651 1003 476 31 72 1 162 33 17 470 1921 304 2252 339 1130 386 4179 318 1235 29302 33 574 3403 2126
internal_value=0.00037301 0.00282192 -0.00251896 -0.00503459 -0.00114808 -0.00244703 -0.00111557 -0.0513024 0.000945387 -0.00268146 -0.059976 0.0334898 0.0339082 0.016235 -0.0361864 -0.0564123 0.0135293 0.0234992 0.0303027 -0.0473161 -0.00404266 0.126416 -0.0019203 0.0158658 0.0745462 -0.00211307 0.088767 -0.0547247 0.0356052 0.0387585
internal_weight=1415.26 766.331 648.928 607.008 559.971 550.523 541.262 47.0377 735.525 570.966 42.6726 4.36511 41.9195 28.8917 7.7953 41.9304 164.559 104.99 95.7877 9.20267 59.5686 1.94817 565.171 33.168 9.44722 564.698 8.70509 7.25357 21.0964 20.8377
internal_count=180508 90547 89961 79681 72887 71595 67857 6794 44554 33988 5404 1390 10280 6315 753 5332 10566 7197 6554 643 3369 387 33512 1448 1292 33481 1268 736 5562 5529
is_linear=0
shrinkage=0.08


Tree=145
num_leaves=31
num_cat=0
split_feature=3 1 0 4 0 4 4 0 0 9 1 1 0 4 4 0 0 14 1 4 4 4 9 9 13 8 1 9 2 13
split_gain=1.55384 3.5683 5.86745 11.6796 5.18941 8.13462 4.38564 6.34781 5.54919 6.78561 4.86848 3.79219 5.4035 4.87689 3.74419 3.71939 3.67247 3.55104 3.26585 3.42066 5.30711 2.74206 3.21229 4.28975 2.44758 2.21781 2.09032 2.61862 1.99986 1.80603
threshold=13.484848499298097 33.084575653076179 26.138715744018558 27.812939643859867 30.848532676696781 36.98005676269532 20.550528526306156 18.350168228149418 18.350168228149418 99.808429718017592 39.696969985961921 28.869047164916996 18.350168228149418 22.401432991027836 33.549783706665046 33.105022430419929 21.680376052856449 0.33928942680358892 27.681992530822757 22.401432991027836 19.139194488525394 21.52509689331055 86.855396270751967 85.201290130615249 2.5000000000000004 74.095859527587905 31.311274528503422 79.557674407958999 22.401432991027836 1.0000000180025095e-35
decision_type=2 2 2 2 2 2 2 2 2 2 2 2 2 2 2 2 2 2 2 2 2 2 2 2 2 2 2 2 2 2
left_child=21 11 6 15 14 -6 8 -8 10 -10 -3 18 28 -14 -5 29 -9 -17 19 20 -2 22 23 26 -20 -15 27 -1 -13 -4
right_child=1 2 3 4 5 -7 7 16 9 -11 -12 12 13 25 -16 17 -18 -19 24 -21 -22 -23 -24 -25 -26 -27 -28 -29 -30 -31
leaf_value=0.06848811912900396 -0.0093229836405472732 0.08052568084092869 0.060686369452156365 0.035875801360017764 -0.030265104184823075 0.0010552917310674417 -0.17744447297660507 0.090403553875977205 -0.12771302829711084 0.10576264235501151 -0.024200499132672377 0.11226991869851029 -0.13884751934135672 -0.067023088239652695 -0.080886533888349738 -0.083381304535924378 0.032091651780496139 0.18800662597627646 0.047228202199787177 0.07900515360851959 -0.11753586855823275 0.16671197251481182 0.062468400462794546 -0.19107442839400068 -0.088911439456629909 0.029577765748885727 -0.091291435856354103 -0.03463631634394037 -0.039963162310191341 -0.087675196390534102
leaf_weight=3.5416985193150996 10.41138383568614 5.2240183135145362 0.54655483010355865 35.203572158994575 55.53104681282457 1198.3080191184272 0.81088134381570753 9.7546487220206455 3.8036761743060188 1.0077589789871124 6.2277220235555433 1.4499009715509594 4.992116477515081 4.5722661618783604 1.850017416083573 0.57346775619225698 23.722583401498923 0.66801311587914824 8.1875990958069451 1.7486420079367224 4.020692331774625 0.83498263685032803 5.9685042846831502 0.79525760386604805 0.94246370368637222 2.2792868810938671 1.2301473243860526 2.8392513777944259 0.89208622791920777 13.393276835588038
leaf_count=138 353 158 363 1943 8540 161907 16 372 388 13 172 58 429 721 120 257 1450 5 350 103 178 45 227 7 30 34 63 23 35 2010
internal_value=0.000341736 6.46725e-05 0.000754766 -0.000280297 0.000540112 -0.000331851 0.0274973 0.0437255 -0.00671714 -0.0788114 0.0235732 -0.0236387 -0.0567506 -0.0787065 0.0300461 -0.0700411 0.0490827 0.0626465 -0.00508081 -0.0266669 -0.0394705 0.0257736 0.017587 -0.0142788 0.033175 -0.0348872 0.00419403 0.0226021 0.0542828 -0.0818582
internal_weight=1411.33 1396.12 1356.63 1306.07 1290.89 1253.84 50.5513 34.2881 16.2632 4.81144 11.4517 39.4964 14.1857 11.8437 37.0536 15.1813 33.4772 1.24148 25.3108 16.1807 14.4321 15.2098 14.3749 8.40635 9.13006 6.85155 7.6111 6.38095 2.34199 13.9398
internal_count=180508 180005 177714 175145 172510 170447 2569 1838 731 401 330 2291 1277 1184 2063 2635 1822 262 1014 634 531 503 458 231 380 755 224 161 93 2373
is_linear=0
shrinkage=0.08


Tree=146
num_leaves=31
num_cat=0
split_feature=11 7 10 7 0 7 7 2 1 4 7 7 7 1 14 3 0 14 3 2 4 1 1 4 10 9 9 3 1 14
split_gain=1.48185 1.4982 4.53281 3.18947 7.37655 3.49991 3.44353 7.63524 3.45421 3.03643 2.46168 6.44614 5.31242 9.05947 5.82222 2.6271 5.95813 2.53552 3.48546 3.08232 2.08906 2.81767 2.03206 1.99244 1.44254 1.35359 4.81603 2.0807 1.06567 0.995732
threshold=1.0000000180025095e-35 16.657057762146 1.0000000180025095e-35 16.872732162475589 92.031745910644545 16.755896568298343 16.957912445068363 77.303031921386733 92.031745910644545 75.809822082519545 14.043861865997316 13.861673355102541 14.104690074920656 86.72955703735353 0.5715530812740327 67.041198730468764 50.28735542297364 0.77554386854171764 82.097072601318374 81.28433990478517 55.646631240844734 60.943256378173835 84.889995574951186 71.010189056396499 1.0000000180025095e-35 96.01587295532228 96.67456436157228 92.718276977539077 89.512962341308608 0.33685700595378881
decision_type=2 2 2 2 2 2 2 2 2 2 2 2 2 2 2 2 2 2 2 2 2 2 2 2 2 2 2 2 2 2
left_child=1 10 3 4 9 -6 7 -5 -8 -3 11 17 13 14 -12 16 -13 18 -1 -19 24 -22 -17 -15 -14 -4 27 -27 -28 -2
right_child=29 2 25 6 5 -7 8 -9 -10 -11 12 15 20 23 -16 22 -18 19 -20 -21 21 -23 -24 -25 -26 26 28 -29 -30 -31
leaf_value=0.0021943914746774843 0.018523620291987723 0.024887355622653397 0.074387331176573354 -0.1846434787758508 -0.10711806708414578 -0.59546325560570934 0.017175046667701543 0.07594743652549038 -0.0038181837070057328 0.15160832782283479 -0.086154024167208562 0.8297649035350666 -0.084339305341305196 -0.13019087219034192 -0.28357867600434083 -0.0030482408839136665 -0.055788955154130328 -0.0099496442530209849 -0.0089902010348295591 0.0614630379203117 0.25365403484933885 -0.0056840793432421221 0.05714032905780899 0.05447745442806598 0.09475344993057673 -0.29798271327961201 0.096647971458156387 0.080045041712519693 0.0051183422746646449 0.084049132077323049
leaf_weight=655.3884651301687 6.0315799853706249 2.1918857318087239 7.6357233624030396 1.8423308687488309 0.41464607858870284 0.12143228295281006 74.74963067635872 1.1807871662404066 152.49459652861333 2.7019486760327709 3.0406045960844486 0.087262409368125016 3.1495233776440723 0.43346951497733277 1.394457822490949 4.7154757335738404 0.10981969475687947 6.6791821316382984 244.97309681398474 9.1911355268985044 0.26847438904223864 206.13576172588728 15.040512951387427 2.7219350304076215 0.31679159955092462 0.39989775799767846 1.6679945515270449 0.12149490047886502 1.5902667687591927 1.9686772205691339
leaf_count=81034 99 118 12881 65 59 51 5322 137 10993 147 180 35 1091 10 36 647 86 3862 14115 12796 56 18131 1132 241 75 147 2005 835 10045 4077
internal_value=0.000315527 0.000119442 0.00577249 0.003388 0.0639906 -0.217738 0.00195894 -0.0828604 0.00308732 0.0948516 -0.00109145 0.000689615 -0.00875905 -0.0745077 -0.148228 0.0456735 0.336309 -0.000290013 -0.000848746 0.0314083 -0.0063811 -0.00534675 0.0427742 0.0291089 -0.0679718 0.0550057 0.0158507 -0.209895 0.0519749 0.0346479
internal_weight=1408.76 1400.76 247.113 235.697 5.42991 0.536078 230.267 3.02312 227.244 4.89383 1153.65 936.185 217.461 7.59047 4.43506 19.9531 0.197082 916.232 900.362 15.8703 209.871 206.404 19.756 3.1554 3.46631 11.4154 3.77965 0.521393 3.25826 8.00026
internal_count=180508 176332 42805 16892 375 110 16517 202 16315 265 133527 113707 19820 467 216 1900 121 111807 95149 16658 19353 18187 1779 251 1166 25913 13032 982 12050 4176
is_linear=0
shrinkage=0.08


Tree=147
num_leaves=31
num_cat=0
split_feature=8 8 7 7 1 0 0 0 1 14 0 0 14 14 1 9 0 1 5 0 8 0 7 13 7 0 8 9 1 7
split_gain=1.45732 2.22562 2.96288 7.13686 6.17828 4.86268 2.19585 3.57623 3.92766 4.07333 3.39686 3.12413 3.43254 2.44289 2.05343 1.96734 4.02308 2.82359 1.90825 6.96885 6.98224 6.43185 5.87538 7.89766 6.03428 5.79057 5.98998 5.45491 5.07218 4.41976
threshold=98.120273590087905 95.780044555664077 10.699700832366945 11.100470066070558 45.53429031372071 29.459980010986332 58.876049041748054 40.18348693847657 41.728857040405281 0.33337140083312994 58.578638076782234 41.897974014282234 0.34210884571075445 0.31482248008251196 99.494949340820327 96.437637329101577 72.81223297119142 92.63776016235353 0.47222222387790685 72.81223297119142 64.418151855468764 80.982517242431655 8.1674318313598651 1.0000000180025095e-35 10.087473869323732 73.375530242919936 87.817783355712905 65.142410278320327 76.253131866455092 7.1899371147155771
decision_type=2 2 2 2 2 2 2 2 2 2 2 2 2 2 2 2 2 2 2 2 2 2 2 2 2 2 2 2 2 2
left_child=1 18 4 -4 5 -3 7 8 9 13 11 -9 -13 -2 -10 16 -5 -17 21 20 29 22 23 -1 -24 26 -21 -22 -27 -20
right_child=6 2 3 15 -6 -7 -8 10 14 -11 -12 12 -14 -15 -16 17 -18 -19 19 25 27 -23 24 -25 -26 28 -28 -29 -30 -31
leaf_value=0.017098595910017972 0.0046717619520855761 0.034304858428247792 -0.27726188697195997 -0.26732666752678602 0.07088132944572953 -0.12238008459950013 0.081454463410102818 -0.2322070286307294 0.091856098176711712 -0.10382257323745016 -0.41099626887311047 -0.35882343534358668 -0.0029286340946093883 0.1021884364065228 -0.090650339053265111 0.048478542868692694 -0.035847502400798086 -0.056676848217646444 0.048038055136398611 -0.049973331424706634 0.22333560557257234 0.02888004613199292 -0.049009231549271746 -0.0072178981494344261 -0.008238635359002211 -0.044576303396718781 -0.39382162338013599 0.047024058046231276 0.00063103063925121249 0.0062194260374502219
leaf_weight=112.64967931200226 10.893766183697162 2.2068312132032606 0.86156176065287482 0.65712610786067527 4.7088443334005206 2.97867077216506 3.1155922942698444 0.47723212341588706 5.6764251115146172 1.9825788149610151 0.16080704450996552 0.18060998676810402 4.3697992083261852 1.9363236539065827 0.42402432842391125 2.7339104138354742 1.7879948215813781 4.0629904669331154 17.769915900964406 10.085884136899946 1.1814176714979137 37.90942895759872 35.795826388175556 354.45282567619324 66.201556222917134 16.402122176627017 0.33501388336662863 22.738801081725796 502.72870463971185 180.1930828738723
leaf_count=21647 271 46 140 40 1276 19 10748 23 189 12 24 9 608 15 151 632 484 1574 1179 592 10 7756 13070 26149 17364 1384 88 4862 58659 11487
internal_value=0.000294213 -8.05388e-05 -0.0265747 -0.0570473 0.00454241 -0.0556986 0.0179747 0.0103975 0.025147 0.00289796 -0.0490537 -0.0374771 -0.0170544 0.019389 0.0791706 -0.0365184 -0.0980575 -0.0143803 0.000309486 0.00300436 0.0149063 -0.00302658 -0.00515198 -0.00135356 -0.022547 -0.00198256 -0.0610275 0.0557321 -0.000797311 0.00997323
internal_weight=1407.66 1378.44 19.9979 10.1036 9.89435 5.1855 29.2172 26.1016 20.9131 14.8127 5.18845 5.02764 4.55041 12.8301 6.10045 9.24202 2.44512 6.7969 1358.44 751.435 221.883 607.009 569.1 467.103 101.997 529.552 10.4209 23.9202 519.131 197.963
internal_count=180508 168458 4211 2870 1341 65 12050 1302 638 298 664 640 617 286 340 2730 524 2206 164247 78261 17538 85986 78230 47796 30434 60723 680 4872 60043 12666
is_linear=0
shrinkage=0.08


Tree=148
num_leaves=31
num_cat=0
split_feature=3 4 3 2 5 0 3 0 9 0 0 7 4 13 9 0 4 0 10 8 8 2 9 4 2 0 4 9 8 0
split_gain=1.43505 5.18203 7.9593 9.80407 9.26762 5.57354 5.39506 9.52411 5.30273 6.79078 8.18688 7.28822 4.82341 4.47413 4.89191 16.0757 4.74393 8.38538 4.2674 3.85816 4.27882 3.77341 4.44606 3.50803 3.46705 3.36829 12.2799 3.16849 3.15856 3.09624
threshold=28.759398460388187 39.415279388427741 40.936473846435554 41.060766220092781 0.23611111193895343 45.867485046386726 46.709957122802741 57.002799987792976 72.804313659667983 42.644809722900398 35.948717117309577 6.7010979652404794 30.471628189086918 1.0000000180025095e-35 66.846843719482436 45.035211563110359 25.866189002990726 22.903981208801273 -1.0000000180025095e-35 83.368797302246108 40.68530464172364 27.36185455322266 77.232856750488295 21.52509689331055 47.690120697021491 29.459980010986332 30.860805511474613 87.888435363769545 88.249099731445327 48.934240341186531
decision_type=2 2 2 2 2 2 2 2 2 2 2 2 2 2 2 2 2 2 2 2 2 2 2 2 2 2 2 2 2 2
left_child=13 8 5 4 -4 21 7 -5 -2 10 12 -12 -10 -1 15 -15 17 23 -6 20 -7 -3 -23 -16 -8 -18 -27 -11 -29 -21
right_child=1 2 3 6 18 19 24 -9 9 27 11 -13 -14 14 16 -17 25 -19 -20 29 -22 22 -24 -25 -26 26 -28 28 -30 -31
leaf_value=0.091542795336644001 -0.051878598163644325 -0.21403776634116273 -0.073550728209770114 0.019960698270467619 -0.051217674337259482 -0.0024339417345152678 -0.021469227963433837 0.17265919428493751 -0.026177197684736905 0.15381923426287908 -0.071478349439595662 0.094800196436715084 0.020954504005270217 -0.06929460741806355 -1.0158063191308883e-05 1.2399448831959576 0.047283475537213598 -0.060813747155846691 0.053564955112081744 -0.082691817313172114 0.11763308804950408 -0.056722731632446538 0.047094489878252564 0.04571357059187809 0.0013218048347930517 -0.12240257086684736 0.048059596437208835 -0.037937076847407873 0.10125691686792579 0.085998777730684164
leaf_weight=4.0059038668114217 22.518439068997395 0.48988433112390595 21.669958416954614 23.300828464787632 3.8310136325162603 2.340604453078412 44.55075845859028 2.9445316894634734 23.929670326680935 2.0460144141688934 19.377074978314344 1.847943829561699 33.144354739379196 7.1514258894312652 50.294912857934833 0.060530184069648274 27.8661352195777 12.961578205693511 7.0931455868085305 1.5842288117855781 10.081253767355518 3.9582818869966996 7.9275686942273751 13.654383089393376 1038.4577490371425 3.8284109104424706 9.214666032465173 2.0680126300394477 2.1057068627014814 1.2425164779560871
leaf_count=454 14486 27 3468 2172 1977 196 8575 514 315 27 239 47 447 4678 639 5 326 174 538 25 361 870 91 207 139212 41 125 34 36 202
internal_value=0.000279307 -0.000533425 0.00100863 -1.79038e-05 -0.0432628 0.0434403 0.0012528 0.0370923 -0.0173817 -0.00819066 -0.0145818 -0.0570014 0.00119339 0.00831927 0.00565287 -0.0583061 0.0095679 -0.00213965 0.0168185 0.0758131 0.0950093 0.00355264 0.0125208 0.00975272 0.00038427 0.0315785 -0.00197455 0.0722667 0.0322885 -0.00854264
internal_weight=1405.55 1276.51 1169.47 1141.85 32.5941 27.6243 1109.25 26.2454 107.037 84.5188 78.299 21.225 57.074 129.038 125.032 7.21196 117.82 76.9109 10.9242 15.2486 12.4219 12.3757 11.8859 63.9493 1083.01 40.9092 13.0431 6.21973 4.17372 2.82675
internal_count=180508 173859 158228 156456 5983 1772 150473 2686 15631 1145 1048 286 762 6649 6195 4683 1512 1020 2515 784 557 988 961 846 147787 492 166 97 70 227
is_linear=0
shrinkage=0.08


Tree=149
num_leaves=31
num_cat=0
split_feature=3 1 0 4 4 1 0 4 15 0 9 8 8 8 8 4 1 4 4 9 9 1 14 9 1 9 3 1 8 4
split_gain=1.36131 3.18205 4.65995 6.51963 5.5032 9.06651 10.6733 5.82891 4.58254 4.87011 4.35629 4.12145 4.52277 4.27599 4.11158 3.38997 3.21099 2.99942 2.65288 2.82899 3.28765 2.25402 2.80484 2.6601 1.8053 2.19087 1.74316 1.42763 2.60737 1.83952
threshold=13.484848499298097 35.948717117309577 30.848532676696781 17.267080307006839 36.98005676269532 51.355310440063484 49.719100952148445 46.049896240234382 1.0000000180025095e-35 14.907407283782961 63.847667694091804 90.674945831298842 94.177326202392592 83.735466003417983 69.719528198242202 32.690166473388679 35.424837112426765 14.459930419921877 21.52509689331055 86.855396270751967 85.201290130615249 27.681992530822757 0.131368562579155 93.364780426025405 31.311274528503422 79.557674407958999 30.860805511474613 39.696969985961921 32.44658279418946 19.139194488525394
decision_type=2 2 2 2 2 2 2 2 2 2 2 2 2 2 2 2 2 2 2 2 2 2 2 2 2 2 2 2 2 2
left_child=18 8 3 -3 11 6 -6 -7 26 21 15 13 -13 -4 -12 -5 17 -11 19 20 24 23 -23 -10 25 -1 -2 28 -21 -29
right_child=1 2 4 10 5 7 -8 -9 9 16 14 12 -14 -15 -16 -17 -18 -19 -20 27 -22 22 -24 -25 -26 -27 -28 29 -30 -31
leaf_value=0.062751457427878618 0.11344543983014385 -0.093081571455004272 -0.023340707219089429 -0.078301427263487447 0.017431841467965396 -0.02657533586318846 0.11488389592414565 0.00061579235901339203 -0.059385706718940209 -0.14873163772237297 0.058338482137601864 0.11253152125030934 -0.01150217840714287 -0.086297323452565938 0.015972472636195844 0.10082706465357533 -0.11012522790868891 -0.021257645251449308 0.17298143911926267 -0.11689627113044779 -0.16031379482982949 0.21841245420087499 0.045725136174139251 0.087118289550474487 -0.087244682710711535 -0.031533190463556598 -0.043338594577899743 -0.20804017514867262 0.090563963474939779 0.085054226740115396
leaf_weight=3.5531440657796285 2.2874352668004572 3.0767772742692605 36.033673858870316 3.9579819612008569 44.5880432480335 52.910871914763447 8.5762850576065812 1087.5056057424322 1.8989166626124636 1.2073115989915084 23.198976898085675 2.6046694221004127 6.7767352341288642 8.5411126208564365 39.83364050860655 0.8154639977365149 2.9143804376944891 54.911124122227193 0.73079783929279152 0.42255760729312974 0.86684769520070393 0.87515543587505851 1.9283060897141693 1.3621958065778015 1.1686758534051476 2.8364570809644647 0.56618852151586896 0.27574839832959686 4.7020487551344559 0.27246025996282697
leaf_count=138 177 142 8658 3206 4548 10699 409 146239 74 122 409 25 68 58 681 203 373 3735 45 2 7 39 28 29 63 23 83 28 185 12
internal_value=0.000251434 -6.45355e-06 0.000863659 0.0208167 -0.000270039 0.000859667 0.0331525 -0.00064577 -0.0168888 -0.0212385 0.025985 -0.0252606 0.0229348 -0.035404 0.0315652 -0.0477003 -0.028252 -0.0240001 0.0243619 0.0166579 -0.0127483 0.0470306 0.0996329 0.00181032 0.00417578 0.0208968 0.0823379 0.0603312 0.0734575 -0.062372
internal_weight=1401.2 1386.37 1318.42 70.8828 1247.54 1193.58 53.1643 1140.42 67.951 65.0974 67.8061 53.9562 9.3814 44.5748 63.0326 4.77345 59.0328 56.1184 14.8287 14.0979 8.42512 6.06457 2.80346 3.26111 7.55828 6.3896 2.85362 5.67282 5.12461 0.548209
internal_count=180508 180005 175345 4641 170704 161895 4957 156938 4660 4400 4499 8809 93 8716 1090 3409 4230 3857 503 458 231 170 67 103 224 161 260 227 187 40
is_linear=0
shrinkage=0.08


end of trees

feature_importances:
Column_9=507
Column_7=497
Column_2=432
Column_8=421
Column_1=401
Column_4=353
Column_14=338
Column_0=337
Column_5=329
Column_3=309
Column_10=210
Column_13=191
Column_6=135
Column_11=28
Column_15=12

parameters:
[boosting: gbdt]
[objective: binary]
[metric: binary_logloss]
[tree_learner: serial]
[device_type: cpu]
[data_sample_strategy: bagging]
[data: ]
[valid: ]
[num_iterations: 150]
[learning_rate: 0.08]
[num_leaves: 31]
[num_threads: 4]
[seed: 42]
[deterministic: 0]
[force_col_wise: 0]
[force_row_wise: 0]
[histogram_pool_size: -1]
[max_depth: 6]
[min_data_in_leaf: 20]
[min_sum_hessian_in_leaf: 0.001]
[bagging_fraction: 0.8]
[pos_bagging_fraction: 1]
[neg_bagging_fraction: 1]
[bagging_freq: 0]
[bagging_seed: 400]
[bagging_by_query: 0]
[feature_fraction: 0.8]
[feature_fraction_bynode: 1]
[feature_fraction_seed: 30056]
[extra_trees: 0]
[extra_seed: 12879]
[early_stopping_round: 0]
[early_stopping_min_delta: 0]
[first_metric_only: 0]
[max_delta_step: 0]
[lambda_l1: 0]
[lambda_l2: 0]
[linear_lambda: 0]
[min_gain_to_split: 0]
[drop_rate: 0.1]
[max_drop: 50]
[skip_drop: 0.5]
[xgboost_dart_mode: 0]
[uniform_drop: 0]
[drop_seed: 17869]
[top_rate: 0.2]
[other_rate: 0.1]
[min_data_per_group: 100]
[max_cat_threshold: 32]
[cat_l2: 10]
[cat_smooth: 10]
[max_cat_to_onehot: 4]
[top_k: 20]
[monotone_constraints: ]
[monotone_constraints_method: basic]
[monotone_penalty: 0]
[feature_contri: ]
[forcedsplits_filename: ]
[refit_decay_rate: 0.9]
[cegb_tradeoff: 1]
[cegb_penalty_split: 0]
[cegb_penalty_feature_lazy: ]
[cegb_penalty_feature_coupled: ]
[path_smooth: 0]
[interaction_constraints: ]
[verbosity: -1]
[saved_feature_importance_type: 0]
[use_quantized_grad: 0]
[num_grad_quant_bins: 4]
[quant_train_renew_leaf: 0]
[stochastic_rounding: 1]
[linear_tree: 0]
[max_bin: 255]
[max_bin_by_feature: ]
[min_data_in_bin: 3]
[bin_construct_sample_cnt: 200000]
[data_random_seed: 175]
[is_enable_sparse: 1]
[enable_bundle: 1]
[use_missing: 1]
[zero_as_missing: 0]
[feature_pre_filter: 1]
[pre_partition: 0]
[two_round: 0]
[header: 0]
[label_column: ]
[weight_column: ]
[group_column: ]
[ignore_column: ]
[categorical_feature: ]
[forcedbins_filename: ]
[precise_float_parser: 0]
[parser_config_file: ]
[objective_seed: 16083]
[num_class: 1]
[is_unbalance: 0]
[scale_pos_weight: 1]
[sigmoid: 1]
[boost_from_average: 1]
[reg_sqrt: 0]
[alpha: 0.9]
[fair_c: 1]
[poisson_max_delta_step: 0.7]
[tweedie_variance_power: 1.5]
[lambdarank_truncation_level: 30]
[lambdarank_norm: 1]
[label_gain: ]
[lambdarank_position_bias_regularization: 0]
[eval_at: ]
[multi_error_top_k: 1]
[auc_mu_weights: ]
[num_machines: 1]
[local_listen_port: 12400]
[time_out: 120]
[machine_list_filename: ]
[machines: ]
[gpu_platform_id: -1]
[gpu_device_id: -1]
[gpu_device_id_list: ]
[gpu_use_dp: 0]
[num_gpu: 1]

end of parameters

pandas_categorical:null
